3794a7ba2c.1f26db4741.com#Black_list_tmp.txt第4381行 与上级域名1f26db4741.com#Black_list_tmp.txt第2418行 存在层级冲突
440dfc32df.18df009b06.com#Black_list_tmp.txt第5054行 与上级域名18df009b06.com#Black_list_tmp.txt第2161行 存在层级冲突
49fdfc7592.43a0e1ae69.com#Black_list_tmp.txt第5308行 与上级域名43a0e1ae69.com#Black_list_tmp.txt第5038行 存在层级冲突
4b68487012.4498a6bb1e.com#Black_list_tmp.txt第5350行 与上级域名4498a6bb1e.com#Black_list_tmp.txt第5086行 存在层级冲突
54d9a233c7.448176042f.com#Black_list_tmp.txt第5868行 与上级域名448176042f.com#Black_list_tmp.txt第5082行 存在层级冲突
576e5a1d1a.08082c0ad5.com#Black_list_tmp.txt第5979行 与上级域名08082c0ad5.com#Black_list_tmp.txt第326行 存在层级冲突
5947bd8bc0.04b9055b2a.com#Black_list_tmp.txt第6062行 与上级域名04b9055b2a.com#Black_list_tmp.txt第206行 存在层级冲突
6118a9c9fe.171c856581.com#Black_list_tmp.txt第6491行 与上级域名171c856581.com#Black_list_tmp.txt第1842行 存在层级冲突
6512e0a6fe.60ecf22b99.com#Black_list_tmp.txt第6636行 与上级域名60ecf22b99.com#Black_list_tmp.txt第6470行 存在层级冲突
6b8d8ea05d.3f56937492.com#Black_list_tmp.txt第6888行 与上级域名3f56937492.com#Black_list_tmp.txt第4624行 存在层级冲突
6e61bdf9c0.28c15cf09c.com#Black_list_tmp.txt第6948行 与上级域名28c15cf09c.com#Black_list_tmp.txt第3511行 存在层级冲突
6ece9e4cbe.685ba1f62e.com#Black_list_tmp.txt第6958行 与上级域名685ba1f62e.com#Black_list_tmp.txt第6794行 存在层级冲突
71466a5633.5cd9ca94fb.com#Black_list_tmp.txt第7207行 与上级域名5cd9ca94fb.com#Black_list_tmp.txt第6140行 存在层级冲突
7224fd9633.5d4d1bb29b.com#Black_list_tmp.txt第7234行 与上级域名5d4d1bb29b.com#Black_list_tmp.txt第6151行 存在层级冲突
7625ef40ff.760a131226.com#Black_list_tmp.txt第7363行 与上级域名760a131226.com#Black_list_tmp.txt第7360行 存在层级冲突
7a3a4ea153.6a7eac2034.com#Black_list_tmp.txt第7550行 与上级域名6a7eac2034.com#Black_list_tmp.txt第6873行 存在层级冲突
7c5cf38728.548f23e472.com#Black_list_tmp.txt第7602行 与上级域名548f23e472.com#Black_list_tmp.txt第5862行 存在层级冲突
86b1d5df81.21b95312a1.com#Black_list_tmp.txt第8162行 与上级域名21b95312a1.com#Black_list_tmp.txt第3027行 存在层级冲突
88557e019f.51fb350e23.com#Black_list_tmp.txt第8232行 与上级域名51fb350e23.com#Black_list_tmp.txt第5725行 存在层级冲突
932bd27cf7.6e64d84de7.com#Black_list_tmp.txt第8809行 与上级域名6e64d84de7.com#Black_list_tmp.txt第6949行 存在层级冲突
9414a83955.5a5751fd6a.com#Black_list_tmp.txt第8867行 与上级域名5a5751fd6a.com#Black_list_tmp.txt第6091行 存在层级冲突
9bd66765d7.0214217ebc.com#Black_list_tmp.txt第9159行 与上级域名0214217ebc.com#Black_list_tmp.txt第114行 存在层级冲突
9e1c6fa860.6957b6e1fc.com#Black_list_tmp.txt第9228行 与上级域名6957b6e1fc.com#Black_list_tmp.txt第6835行 存在层级冲突
a.8916a.xyz#Black_list_tmp.txt第9483行 与上级域名8916a.xyz#Black_list_tmp.txt第8327行 存在层级冲突
a398b1fb80.331f7bf198.com#Black_list_tmp.txt第11720行 与上级域名331f7bf198.com#Black_list_tmp.txt第4088行 存在层级冲突
a82e6920a2.47cb693fa6.com#Black_list_tmp.txt第12992行 与上级域名47cb693fa6.com#Black_list_tmp.txt第5240行 存在层级冲突
aa6e603199.64236b1b40.com#Black_list_tmp.txt第14137行 与上级域名64236b1b40.com#Black_list_tmp.txt第6597行 存在层级冲突
accwww9.53kf.com#Black_list_tmp.txt第15702行 与上级域名53kf.com#Black_list_tmp.txt第5852行 存在层级冲突
ad.360in.com#Black_list_tmp.txt第16548行 与上级域名360in.com#Black_list_tmp.txt第4282行 存在层级冲突
ad.360yield-basic.com#Black_list_tmp.txt第16549行 与上级域名360yield-basic.com#Black_list_tmp.txt第4299行 存在层级冲突
ad.360yield.com#Black_list_tmp.txt第16550行 与上级域名360yield.com#Black_list_tmp.txt第4300行 存在层级冲突
ad.dev.360.cn#Black_list_tmp.txt第16675行 与上级域名360.cn#Black_list_tmp.txt第4252行 存在层级冲突
ad.gamebox.360.cn#Black_list_tmp.txt第16745行 与上级域名360.cn#Black_list_tmp.txt第4252行 存在层级冲突
ad.iot.360.cn#Black_list_tmp.txt第16813行 与上级域名360.cn#Black_list_tmp.txt第4252行 存在层级冲突
ad.jia.360.cn#Black_list_tmp.txt第16824行 与上级域名360.cn#Black_list_tmp.txt第4252行 存在层级冲突
ad.life.360.cn#Black_list_tmp.txt第16870行 与上级域名360.cn#Black_list_tmp.txt第4252行 存在层级冲突
admin.panda.bns.17kxgame.com#Black_list_tmp.txt第18708行 与上级域名17kxgame.com#Black_list_tmp.txt第1990行 存在层级冲突
adn.1rtb.com#Black_list_tmp.txt第18825行 与上级域名1rtb.com#Black_list_tmp.txt第2626行 存在层级冲突
adppartner.solutions.adpinfo.com#Black_list_tmp.txt第19210行 与上级域名adpinfo.com#Black_list_tmp.txt第19167行 存在层级冲突
adpxljs.adpxl.co#Black_list_tmp.txt第19244行 与上级域名adpxl.co#Black_list_tmp.txt第19243行 存在层级冲突
ads.adadapted.com#Black_list_tmp.txt第19491行 与上级域名adadapted.com#Black_list_tmp.txt第17322行 存在层级冲突
ads.adfox.ru#Black_list_tmp.txt第19494行 与上级域名adfox.ru#Black_list_tmp.txt第18163行 存在层级冲突
ads.adgoto.com#Black_list_tmp.txt第19496行 与上级域名adgoto.com#Black_list_tmp.txt第18224行 存在层级冲突
ads30.adcolony.com#Black_list_tmp.txt第20498行 与上级域名adcolony.com#Black_list_tmp.txt第17753行 存在层级冲突
adserve.adradar.io#Black_list_tmp.txt第20684行 与上级域名adradar.io#Black_list_tmp.txt第19264行 存在层级冲突
adstream.123.sogoucdn.com#Black_list_tmp.txt第21094行 与上级域名123.sogoucdn.com#Black_list_tmp.txt第1352行 存在层级冲突
adv.adriver.ru#Black_list_tmp.txt第21454行 与上级域名adriver.ru#Black_list_tmp.txt第19321行 存在层级冲突
advancedsolutions.actonservice.com#Black_list_tmp.txt第21525行 与上级域名actonservice.com#Black_list_tmp.txt第16241行 存在层级冲突
advanstar.actonservice.com#Black_list_tmp.txt第21541行 与上级域名actonservice.com#Black_list_tmp.txt第16241行 存在层级冲突
advantageauburn.actonservice.com#Black_list_tmp.txt第21547行 与上级域名actonservice.com#Black_list_tmp.txt第16241行 存在层级冲突
advantageind.actonservice.com#Black_list_tmp.txt第21549行 与上级域名actonservice.com#Black_list_tmp.txt第16241行 存在层级冲突
advisorycloud-dev.actonservice.com#Black_list_tmp.txt第21692行 与上级域名actonservice.com#Black_list_tmp.txt第16241行 存在层级冲突
advtek.actonservice.com#Black_list_tmp.txt第21749行 与上级域名actonservice.com#Black_list_tmp.txt第16241行 存在层级冲突
adx-in.ads.heytapmobile.com#Black_list_tmp.txt第21826行 与上级域名ads.heytapmobile.com#Black_list_tmp.txt第19852行 存在层级冲突
adx-saas.advlion.com#Black_list_tmp.txt第21832行 与上级域名advlion.com#Black_list_tmp.txt第21696行 存在层级冲突
adx.ads.heytapmobi.com#Black_list_tmp.txt第21841行 与上级域名ads.heytapmobi.com#Black_list_tmp.txt第19851行 存在层级冲突
adx.ads.oppomobile.com#Black_list_tmp.txt第21842行 与上级域名ads.oppomobile.com#Black_list_tmp.txt第20067行 存在层级冲突
adx.adwangmai.com#Black_list_tmp.txt第21845行 与上级域名adwangmai.com#Black_list_tmp.txt第21764行 存在层级冲突
adxserver.ad.cmvideo.cn#Black_list_tmp.txt第21947行 与上级域名ad.cmvideo.cn#Black_list_tmp.txt第16656行 存在层级冲突
aeromark.actonservice.com#Black_list_tmp.txt第22182行 与上级域名actonservice.com#Black_list_tmp.txt第16241行 存在层级冲突
af03df3f77.8e6c021d8f.com#Black_list_tmp.txt第22255行 与上级域名8e6c021d8f.com#Black_list_tmp.txt第8449行 存在层级冲突
af4a.adj.st#Black_list_tmp.txt第22261行 与上级域名adj.st#Black_list_tmp.txt第18405行 存在层级冲突
aftermath.actonservice.com#Black_list_tmp.txt第23048行 与上级域名actonservice.com#Black_list_tmp.txt第16241行 存在层级冲突
afterschoolallstars.actonservice.com#Black_list_tmp.txt第23054行 与上级域名actonservice.com#Black_list_tmp.txt第16241行 存在层级冲突
agd.p.360.cn#Black_list_tmp.txt第23163行 与上级域名360.cn#Black_list_tmp.txt第4252行 存在层级冲突
agd2.p.360.cn#Black_list_tmp.txt第23164行 与上级域名360.cn#Black_list_tmp.txt第4252行 存在层级冲突
agent-01.1rtb.com#Black_list_tmp.txt第23198行 与上级域名1rtb.com#Black_list_tmp.txt第2626行 存在层级冲突
aicipc.actonservice.com#Black_list_tmp.txt第23782行 与上级域名actonservice.com#Black_list_tmp.txt第16241行 存在层级冲突
aip.actonservice.com#Black_list_tmp.txt第24016行 与上级域名actonservice.com#Black_list_tmp.txt第16241行 存在层级冲突
aip.aiclk.com#Black_list_tmp.txt第24017行 与上级域名aiclk.com#Black_list_tmp.txt第23786行 存在层级冲突
air-weigh.actonservice.com#Black_list_tmp.txt第24045行 与上级域名actonservice.com#Black_list_tmp.txt第16241行 存在层级冲突
aircuity.actonservice.com#Black_list_tmp.txt第24067行 与上级域名actonservice.com#Black_list_tmp.txt第16241行 存在层级冲突
airefcoinc.actonservice.com#Black_list_tmp.txt第24071行 与上级域名actonservice.com#Black_list_tmp.txt第16241行 存在层级冲突
alamocapital.actonservice.com#Black_list_tmp.txt第24735行 与上级域名actonservice.com#Black_list_tmp.txt第16241行 存在层级冲突
alereinc.actonservice.com#Black_list_tmp.txt第24885行 与上级域名actonservice.com#Black_list_tmp.txt第16241行 存在层级冲突
aleroninc.actonservice.com#Black_list_tmp.txt第24886行 与上级域名actonservice.com#Black_list_tmp.txt第16241行 存在层级冲突
alhi.actonservice.com#Black_list_tmp.txt第24996行 与上级域名actonservice.com#Black_list_tmp.txt第16241行 存在层级冲突
alicat.actonservice.com#Black_list_tmp.txt第25032行 与上级域名actonservice.com#Black_list_tmp.txt第16241行 存在层级冲突
allegiant-partners.actonservice.com#Black_list_tmp.txt第25223行 与上级域名actonservice.com#Black_list_tmp.txt第16241行 存在层级冲突
alliantdata.actonservice.com#Black_list_tmp.txt第25270行 与上级域名actonservice.com#Black_list_tmp.txt第16241行 存在层级冲突
alliedfundingcorp.actonservice.com#Black_list_tmp.txt第25273行 与上级域名actonservice.com#Black_list_tmp.txt第16241行 存在层级冲突
allreach.actonservice.com#Black_list_tmp.txt第25348行 与上级域名actonservice.com#Black_list_tmp.txt第16241行 存在层级冲突
allrisks.actonservice.com#Black_list_tmp.txt第25350行 与上级域名actonservice.com#Black_list_tmp.txt第16241行 存在层级冲突
allstarfg.actonservice.com#Black_list_tmp.txt第25358行 与上级域名actonservice.com#Black_list_tmp.txt第16241行 存在层级冲突
almalasers.actonservice.com#Black_list_tmp.txt第25402行 与上级域名actonservice.com#Black_list_tmp.txt第16241行 存在层级冲突
alphasimplex.actonservice.com#Black_list_tmp.txt第25543行 与上级域名actonservice.com#Black_list_tmp.txt第16241行 存在层级冲突
alticoadvisors.actonservice.com#Black_list_tmp.txt第25633行 与上级域名actonservice.com#Black_list_tmp.txt第16241行 存在层级冲突
altn.actonservice.com#Black_list_tmp.txt第25656行 与上级域名actonservice.com#Black_list_tmp.txt第16241行 存在层级冲突
alwayscarebenefits.actonservice.com#Black_list_tmp.txt第25706行 与上级域名actonservice.com#Black_list_tmp.txt第16241行 存在层级冲突
amalto.actonservice.com#Black_list_tmp.txt第25798行 与上级域名actonservice.com#Black_list_tmp.txt第16241行 存在层级冲突
americanmarketinggroup.actonservice.com#Black_list_tmp.txt第25963行 与上级域名actonservice.com#Black_list_tmp.txt第16241行 存在层级冲突
americanportfolios.actonservice.com#Black_list_tmp.txt第25965行 与上级域名actonservice.com#Black_list_tmp.txt第16241行 存在层级冲突
americanroller.actonservice.com#Black_list_tmp.txt第25966行 与上级域名actonservice.com#Black_list_tmp.txt第16241行 存在层级冲突
americanuniversityofantigua.actonservice.com#Black_list_tmp.txt第25967行 与上级域名actonservice.com#Black_list_tmp.txt第16241行 存在层级冲突
americanwatergroup.actonservice.com#Black_list_tmp.txt第25968行 与上级域名actonservice.com#Black_list_tmp.txt第16241行 存在层级冲突
amersc.actonservice.com#Black_list_tmp.txt第25971行 与上级域名actonservice.com#Black_list_tmp.txt第16241行 存在层级冲突
amigraphics.actonservice.com#Black_list_tmp.txt第26025行 与上级域名actonservice.com#Black_list_tmp.txt第16241行 存在层级冲突
amimon.actonservice.com#Black_list_tmp.txt第26031行 与上级域名actonservice.com#Black_list_tmp.txt第16241行 存在层级冲突
amitracks.actonservice.com#Black_list_tmp.txt第26047行 与上级域名actonservice.com#Black_list_tmp.txt第16241行 存在层级冲突
ams1-ib.adnxs.com#Black_list_tmp.txt第26199行 与上级域名adnxs.com#Black_list_tmp.txt第18901行 存在层级冲突
amsunsolar.actonservice.com#Black_list_tmp.txt第26210行 与上级域名actonservice.com#Black_list_tmp.txt第16241行 存在层级冲突
analytics.adjust.cn#Black_list_tmp.txt第26577行 与上级域名adjust.cn#Black_list_tmp.txt第18429行 存在层级冲突
analytics.aimtell.com#Black_list_tmp.txt第26586行 与上级域名aimtell.com#Black_list_tmp.txt第23940行 存在层级冲突
analytics.amplitude.com#Black_list_tmp.txt第26596行 与上级域名amplitude.com#Black_list_tmp.txt第26161行 存在层级冲突
analytics.analytics-egain.com#Black_list_tmp.txt第26597行 与上级域名analytics-egain.com#Black_list_tmp.txt第26507行 存在层级冲突
androidads4-6.adcolony.com#Black_list_tmp.txt第27364行 与上级域名adcolony.com#Black_list_tmp.txt第17753行 存在层级冲突
anesthesiaos.actonservice.com#Black_list_tmp.txt第27405行 与上级域名actonservice.com#Black_list_tmp.txt第16241行 存在层级冲突
antonsystems.actonservice.com#Black_list_tmp.txt第27892行 与上级域名actonservice.com#Black_list_tmp.txt第16241行 存在层级冲突
apac.adpinfo.com#Black_list_tmp.txt第28213行 与上级域名adpinfo.com#Black_list_tmp.txt第19167行 存在层级冲突
apbspeakers.actonservice.com#Black_list_tmp.txt第28246行 与上级域名actonservice.com#Black_list_tmp.txt第16241行 存在层级冲突
apcerpharma.actonservice.com#Black_list_tmp.txt第28250行 与上级域名actonservice.com#Black_list_tmp.txt第16241行 存在层级冲突
api-ga.aiclk.com#Black_list_tmp.txt第28397行 与上级域名aiclk.com#Black_list_tmp.txt第23786行 存在层级冲突
api-mcp.adsp.xunlei.com#Black_list_tmp.txt第28419行 与上级域名adsp.xunlei.com#Black_list_tmp.txt第20967行 存在层级冲突
api.ad.admobile.top#Black_list_tmp.txt第28502行 与上级域名admobile.top#Black_list_tmp.txt第18789行 存在层级冲突
api.ad.intl.xiaomi.com#Black_list_tmp.txt第28503行 与上级域名ad.intl.xiaomi.com#Black_list_tmp.txt第16811行 存在层级冲突
api.ad.xiaomi.com#Black_list_tmp.txt第28507行 与上级域名ad.xiaomi.com#Black_list_tmp.txt第17120行 存在层级冲突
api.ads.yahoo.com#Black_list_tmp.txt第28523行 与上级域名ads.yahoo.com#Black_list_tmp.txt第20379行 存在层级冲突
api.adultsclips.com#Black_list_tmp.txt第28527行 与上级域名adultsclips.com#Black_list_tmp.txt第21416行 存在层级冲突
api.adx.oppomobile.com#Black_list_tmp.txt第28531行 与上级域名adx.oppomobile.com#Black_list_tmp.txt第21882行 存在层级冲突
api.afdback.ppsimg.com#Black_list_tmp.txt第28533行 与上级域名afdback.ppsimg.com#Black_list_tmp.txt第22302行 存在层级冲突
api.aiclk.com#Black_list_tmp.txt第28544行 与上级域名aiclk.com#Black_list_tmp.txt第23786行 存在层级冲突
api.airbrake.io#Black_list_tmp.txt第28546行 与上级域名airbrake.io#Black_list_tmp.txt第24059行 存在层级冲突
api.amplitude.com#Black_list_tmp.txt第28570行 与上级域名amplitude.com#Black_list_tmp.txt第26161行 存在层级冲突
api.anastasiadate.com#Black_list_tmp.txt第28578行 与上级域名anastasiadate.com#Black_list_tmp.txt第27258行 存在层级冲突
api.anythinktech.com#Black_list_tmp.txt第28586行 与上级域名anythinktech.com#Black_list_tmp.txt第27990行 存在层级冲突
api.sdk.admobile.top#Black_list_tmp.txt第29593行 与上级域名admobile.top#Black_list_tmp.txt第18789行 存在层级冲突
api.shuaji.360.cn#Black_list_tmp.txt第29615行 与上级域名360.cn#Black_list_tmp.txt第4252行 存在层级冲突
api.so.lianmeng.360.cn#Black_list_tmp.txt第29638行 与上级域名360.cn#Black_list_tmp.txt第4252行 存在层级冲突
api.ssp.admobile.top#Black_list_tmp.txt第29654行 与上级域名admobile.top#Black_list_tmp.txt第18789行 存在层级冲突
api2.amplitude.com#Black_list_tmp.txt第29867行 与上级域名amplitude.com#Black_list_tmp.txt第26161行 存在层级冲突
apisensor.actonservice.com#Black_list_tmp.txt第29983行 与上级域名actonservice.com#Black_list_tmp.txt第16241行 存在层级冲突
apllogistics.actonservice.com#Black_list_tmp.txt第30052行 与上级域名actonservice.com#Black_list_tmp.txt第16241行 存在层级冲突
app.9yyg.cn#Black_list_tmp.txt第30188行 与上级域名9yyg.cn#Black_list_tmp.txt第9425行 存在层级冲突
app.acm.dzwww.com#Black_list_tmp.txt第30194行 与上级域名acm.dzwww.com#Black_list_tmp.txt第15864行 存在层级冲突
app.adjust.com#Black_list_tmp.txt第30196行 与上级域名adjust.com#Black_list_tmp.txt第18430行 存在层级冲突
app.adjust.io#Black_list_tmp.txt第30197行 与上级域名adjust.io#Black_list_tmp.txt第18431行 存在层级冲突
app.adywind.com#Black_list_tmp.txt第30201行 与上级域名adywind.com#Black_list_tmp.txt第21970行 存在层级冲突
apparound.actonservice.com#Black_list_tmp.txt第31227行 与上级域名actonservice.com#Black_list_tmp.txt第16241行 存在层级冲突
appinfo.adop.cc#Black_list_tmp.txt第31316行 与上级域名adop.cc#Black_list_tmp.txt第19084行 存在层级冲突
apptus.actonservice.com#Black_list_tmp.txt第31626行 与上级域名actonservice.com#Black_list_tmp.txt第16241行 存在层级冲突
aptare.actonservice.com#Black_list_tmp.txt第31705行 与上级域名actonservice.com#Black_list_tmp.txt第16241行 存在层级冲突
apwip-dev.actonservice.com#Black_list_tmp.txt第31739行 与上级域名actonservice.com#Black_list_tmp.txt第16241行 存在层级冲突
apwip.actonservice.com#Black_list_tmp.txt第31740行 与上级域名actonservice.com#Black_list_tmp.txt第16241行 存在层级冲突
aqr.actonservice.com#Black_list_tmp.txt第31844行 与上级域名actonservice.com#Black_list_tmp.txt第16241行 存在层级冲突
aragenbio.actonservice.com#Black_list_tmp.txt第31946行 与上级域名actonservice.com#Black_list_tmp.txt第16241行 存在层级冲突
aragonresearch.actonservice.com#Black_list_tmp.txt第31947行 与上级域名actonservice.com#Black_list_tmp.txt第16241行 存在层级冲突
argyleforum.actonservice.com#Black_list_tmp.txt第32165行 与上级域名actonservice.com#Black_list_tmp.txt第16241行 存在层级冲突
ariane.abtasty.com#Black_list_tmp.txt第32178行 与上级域名abtasty.com#Black_list_tmp.txt第15281行 存在层级冲突
arisglobal.actonservice.com#Black_list_tmp.txt第32210行 与上级域名actonservice.com#Black_list_tmp.txt第16241行 存在层级冲突
arrayasolutions.actonservice.com#Black_list_tmp.txt第32365行 与上级域名actonservice.com#Black_list_tmp.txt第16241行 存在层级冲突
art2wave.actonservice.com#Black_list_tmp.txt第32432行 与上级域名actonservice.com#Black_list_tmp.txt第16241行 存在层级冲突
artifacts.applovin.com#Black_list_tmp.txt第32478行 与上级域名applovin.com#Black_list_tmp.txt第31454行 存在层级冲突
artisan.actonservice.com#Black_list_tmp.txt第32480行 与上级域名actonservice.com#Black_list_tmp.txt第16241行 存在层级冲突
arvig.actonservice.com#Black_list_tmp.txt第32522行 与上级域名actonservice.com#Black_list_tmp.txt第16241行 存在层级冲突
as69d5.ailianna.cn#Black_list_tmp.txt第32634行 与上级域名ailianna.cn#Black_list_tmp.txt第23887行 存在层级冲突
asap-systems.actonservice.com#Black_list_tmp.txt第32653行 与上级域名actonservice.com#Black_list_tmp.txt第16241行 存在层级冲突
ascassociation.actonservice.com#Black_list_tmp.txt第32670行 与上级域名actonservice.com#Black_list_tmp.txt第16241行 存在层级冲突
ascendintegratedmedia.actonservice.com#Black_list_tmp.txt第32678行 与上级域名actonservice.com#Black_list_tmp.txt第16241行 存在层级冲突
ascentcrm.actonservice.com#Black_list_tmp.txt第32683行 与上级域名actonservice.com#Black_list_tmp.txt第16241行 存在层级冲突
asentech-dev.actonservice.com#Black_list_tmp.txt第32749行 与上级域名actonservice.com#Black_list_tmp.txt第16241行 存在层级冲突
ashasafety.actonservice.com#Black_list_tmp.txt第32818行 与上级域名actonservice.com#Black_list_tmp.txt第16241行 存在层级冲突
ashcroft.actonservice.com#Black_list_tmp.txt第32823行 与上级域名actonservice.com#Black_list_tmp.txt第16241行 存在层级冲突
ashergroup.actonservice.com#Black_list_tmp.txt第32825行 与上级域名actonservice.com#Black_list_tmp.txt第16241行 存在层级冲突
assets.210189.com#Black_list_tmp.txt第33125行 与上级域名210189.com#Black_list_tmp.txt第2951行 存在层级冲突
assets.258pcf.com#Black_list_tmp.txt第33127行 与上级域名258pcf.com#Black_list_tmp.txt第3387行 存在层级冲突
assets.258ydh.com#Black_list_tmp.txt第33128行 与上级域名258ydh.com#Black_list_tmp.txt第3389行 存在层级冲突
assets.applovin.com#Black_list_tmp.txt第33136行 与上级域名applovin.com#Black_list_tmp.txt第31454行 存在层级冲突
assure360.actonservice.com#Black_list_tmp.txt第33315行 与上级域名actonservice.com#Black_list_tmp.txt第16241行 存在层级冲突
asteriaed.actonservice.com#Black_list_tmp.txt第33370行 与上级域名actonservice.com#Black_list_tmp.txt第16241行 存在层级冲突
astromed.actonservice.com#Black_list_tmp.txt第33415行 与上级域名actonservice.com#Black_list_tmp.txt第16241行 存在层级冲突
atbs.actonservice.com#Black_list_tmp.txt第33595行 与上级域名actonservice.com#Black_list_tmp.txt第16241行 存在层级冲突
aticti.actonservice.com#Black_list_tmp.txt第33724行 与上级域名actonservice.com#Black_list_tmp.txt第16241行 存在层级冲突
atlanticlabequipment.actonservice.com#Black_list_tmp.txt第33753行 与上级域名actonservice.com#Black_list_tmp.txt第16241行 存在层级冲突
atlastravel.actonservice.com#Black_list_tmp.txt第33764行 与上级域名actonservice.com#Black_list_tmp.txt第16241行 存在层级冲突
atlasworldusa.actonservice.com#Black_list_tmp.txt第33766行 与上级域名actonservice.com#Black_list_tmp.txt第16241行 存在层级冲突
atom.adjust.com#Black_list_tmp.txt第33814行 与上级域名adjust.com#Black_list_tmp.txt第18430行 存在层级冲突
atracking-auto.appflood.com#Black_list_tmp.txt第33862行 与上级域名appflood.com#Black_list_tmp.txt第31299行 存在层级冲突
atsmobile.actonservice.com#Black_list_tmp.txt第33896行 与上级域名actonservice.com#Black_list_tmp.txt第16241行 存在层级冲突
attivoconsulting.actonservice.com#Black_list_tmp.txt第33996行 与上级域名actonservice.com#Black_list_tmp.txt第16241行 存在层级冲突
attr.appsflyer.com#Black_list_tmp.txt第34006行 与上级域名appsflyer.com#Black_list_tmp.txt第31587行 存在层级冲突
audiofly.actonservice.com#Black_list_tmp.txt第34211行 与上级域名actonservice.com#Black_list_tmp.txt第16241行 存在层级冲突
aurelianlending.actonservice.com#Black_list_tmp.txt第34417行 与上级域名actonservice.com#Black_list_tmp.txt第16241行 存在层级冲突
authentic3d.actonservice.com#Black_list_tmp.txt第34494行 与上级域名actonservice.com#Black_list_tmp.txt第16241行 存在层级冲突
autozone.actonservice.com#Black_list_tmp.txt第34602行 与上级域名actonservice.com#Black_list_tmp.txt第16241行 存在层级冲突
avai.actonservice.com#Black_list_tmp.txt第34659行 与上级域名actonservice.com#Black_list_tmp.txt第16241行 存在层级冲突
avalere.actonservice.com#Black_list_tmp.txt第34673行 与上级域名actonservice.com#Black_list_tmp.txt第16241行 存在层级冲突
avaloninnovation.actonservice.com#Black_list_tmp.txt第34676行 与上级域名actonservice.com#Black_list_tmp.txt第16241行 存在层级冲突
avandsecurity.actonservice.com#Black_list_tmp.txt第34678行 与上级域名actonservice.com#Black_list_tmp.txt第16241行 存在层级冲突
avantidestinations.actonservice.com#Black_list_tmp.txt第34679行 与上级域名actonservice.com#Black_list_tmp.txt第16241行 存在层级冲突
avantifinance.actonservice.com#Black_list_tmp.txt第34680行 与上级域名actonservice.com#Black_list_tmp.txt第16241行 存在层级冲突
avertium.actonservice.com#Black_list_tmp.txt第34753行 与上级域名actonservice.com#Black_list_tmp.txt第16241行 存在层级冲突
avid.actonservice.com#Black_list_tmp.txt第34777行 与上级域名actonservice.com#Black_list_tmp.txt第16241行 存在层级冲突
aviko.actonservice.com#Black_list_tmp.txt第34789行 与上级域名actonservice.com#Black_list_tmp.txt第16241行 存在层级冲突
avnet.actonservice.com#Black_list_tmp.txt第34828行 与上级域名actonservice.com#Black_list_tmp.txt第16241行 存在层级冲突
avolvesoftware.actonservice.com#Black_list_tmp.txt第34846行 与上级域名actonservice.com#Black_list_tmp.txt第16241行 存在层级冲突
avs.adpinfo.com#Black_list_tmp.txt第34882行 与上级域名adpinfo.com#Black_list_tmp.txt第19167行 存在层级冲突
aws-oreg-cali-virg.ag.innovid.com.akadns.net#Black_list_tmp.txt第35150行 与上级域名ag.innovid.com.akadns.net#Black_list_tmp.txt第23097行 存在层级冲突
ax.admobile.top#Black_list_tmp.txt第35201行 与上级域名admobile.top#Black_list_tmp.txt第18789行 存在层级冲突
axcs.ashcnq.cn#Black_list_tmp.txt第35227行 与上级域名ashcnq.cn#Black_list_tmp.txt第32822行 存在层级冲突
axion-biosystems.actonservice.com#Black_list_tmp.txt第35268行 与上级域名actonservice.com#Black_list_tmp.txt第16241行 存在层级冲突
b.9dreams.net#Black_list_tmp.txt第35839行 与上级域名9dreams.net#Black_list_tmp.txt第9221行 存在层级冲突
b.adnxs.com#Black_list_tmp.txt第35841行 与上级域名adnxs.com#Black_list_tmp.txt第18901行 存在层级冲突
b.ads1.msn.com#Black_list_tmp.txt第35842行 与上级域名ads1.msn.com#Black_list_tmp.txt第20424行 存在层级冲突
b05.asia-sdbq.com#Black_list_tmp.txt第35984行 与上级域名asia-sdbq.com#Black_list_tmp.txt第32877行 存在层级冲突
b0665d54d9.30e7ff2c41.com#Black_list_tmp.txt第35987行 与上级域名30e7ff2c41.com#Black_list_tmp.txt第3975行 存在层级冲突
b1-data.ads.heytapmobi.com#Black_list_tmp.txt第36013行 与上级域名ads.heytapmobi.com#Black_list_tmp.txt第19851行 存在层级冲突
b2-data.ads.heytapmobi.com#Black_list_tmp.txt第36070行 与上级域名ads.heytapmobi.com#Black_list_tmp.txt第19851行 存在层级冲突
b8442ed1e4.9365e2dd1f.com#Black_list_tmp.txt第36248行 与上级域名9365e2dd1f.com#Black_list_tmp.txt第8816行 存在层级冲突
b921fae019.1af24010cb.com#Black_list_tmp.txt第36273行 与上级域名1af24010cb.com#Black_list_tmp.txt第2298行 存在层级冲突
bad1.51gxqm.com#Black_list_tmp.txt第36475行 与上级域名51gxqm.com#Black_list_tmp.txt第5732行 存在层级冲突
baishan.cdn.adintl.cn#Black_list_tmp.txt第36723行 与上级域名adintl.cn#Black_list_tmp.txt第18362行 存在层级冲突
bakercommunications.actonservice.com#Black_list_tmp.txt第36777行 与上级域名actonservice.com#Black_list_tmp.txt第16241行 存在层级冲突
ballantine.actonservice.com#Black_list_tmp.txt第36844行 与上级域名actonservice.com#Black_list_tmp.txt第16241行 存在层级冲突
ballymoregroup.actonservice.com#Black_list_tmp.txt第36870行 与上级域名actonservice.com#Black_list_tmp.txt第16241行 存在层级冲突
bambee.actonservice.com#Black_list_tmp.txt第36908行 与上级域名actonservice.com#Black_list_tmp.txt第16241行 存在层级冲突
banks.adpinfo.com#Black_list_tmp.txt第37038行 与上级域名adpinfo.com#Black_list_tmp.txt第19167行 存在层级冲突
banner.appsflyersdk.com#Black_list_tmp.txt第37059行 与上级域名appsflyersdk.com#Black_list_tmp.txt第31588行 存在层级冲突
banners.adfox.ru#Black_list_tmp.txt第37170行 与上级域名adfox.ru#Black_list_tmp.txt第18163行 存在层级冲突
banners.adgoto.com#Black_list_tmp.txt第37171行 与上级域名adgoto.com#Black_list_tmp.txt第18224行 存在层级冲突
banners.adultfriendfinder.com#Black_list_tmp.txt第37173行 与上级域名adultfriendfinder.com#Black_list_tmp.txt第21404行 存在层级冲突
banners.appsflyer.com#Black_list_tmp.txt第37177行 与上级域名appsflyer.com#Black_list_tmp.txt第31587行 存在层级冲突
bayshoresystems.actonservice.com#Black_list_tmp.txt第37759行 与上级域名actonservice.com#Black_list_tmp.txt第16241行 存在层级冲突
bcc-ltd.actonservice.com#Black_list_tmp.txt第38020行 与上级域名actonservice.com#Black_list_tmp.txt第16241行 存在层级冲突
bce-track-dsp.adwangmai.com#Black_list_tmp.txt第38034行 与上级域名adwangmai.com#Black_list_tmp.txt第21764行 存在层级冲突
bcs.actonservice.com#Black_list_tmp.txt第38115行 与上级域名actonservice.com#Black_list_tmp.txt第16241行 存在层级冲突
bd-a-1.appmobile.cn#Black_list_tmp.txt第38162行 与上级域名appmobile.cn#Black_list_tmp.txt第31472行 存在层级冲突
bd-china-1.appmobile.cn#Black_list_tmp.txt第38164行 与上级域名appmobile.cn#Black_list_tmp.txt第31472行 存在层级冲突
bd-js1.2345.com#Black_list_tmp.txt第38168行 与上级域名2345.com#Black_list_tmp.txt第3220行 存在层级冲突
bd-retrieval1.2345.com#Black_list_tmp.txt第38169行 与上级域名2345.com#Black_list_tmp.txt第3220行 存在层级冲突
bd1b10270f.96a3783f2f.com#Black_list_tmp.txt第38238行 与上级域名96a3783f2f.com#Black_list_tmp.txt第8966行 存在层级冲突
bdapi.ads.heytapmobi.com#Black_list_tmp.txt第38271行 与上级域名ads.heytapmobi.com#Black_list_tmp.txt第19851行 存在层级冲突
bdapi.ads.oppomobile.com#Black_list_tmp.txt第38272行 与上级域名ads.oppomobile.com#Black_list_tmp.txt第20067行 存在层级冲突
bdcode.2345.com#Black_list_tmp.txt第38290行 与上级域名2345.com#Black_list_tmp.txt第3220行 存在层级冲突
bddm.999d.com#Black_list_tmp.txt第38307行 与上级域名999d.com#Black_list_tmp.txt第9089行 存在层级冲突
bdjs.999d.com#Black_list_tmp.txt第38358行 与上级域名999d.com#Black_list_tmp.txt第9089行 存在层级冲突
bdo.actonservice.com#Black_list_tmp.txt第38400行 与上级域名actonservice.com#Black_list_tmp.txt第16241行 存在层级冲突
beacon.aimtell.com#Black_list_tmp.txt第38518行 与上级域名aimtell.com#Black_list_tmp.txt第23940行 存在层级冲突
beanworks.actonservice.com#Black_list_tmp.txt第38637行 与上级域名actonservice.com#Black_list_tmp.txt第16241行 存在层级冲突
beap.adss.yahoo.com#Black_list_tmp.txt第38639行 与上级域名adss.yahoo.com#Black_list_tmp.txt第21039行 存在层级冲突
beaumont.actonservice.com#Black_list_tmp.txt第38682行 与上级域名actonservice.com#Black_list_tmp.txt第16241行 存在层级冲突
bersondeanstevens.actonservice.com#Black_list_tmp.txt第39421行 与上级域名actonservice.com#Black_list_tmp.txt第16241行 存在层级冲突
besc.baidustatic.com#Black_list_tmp.txt第39443行 与上级域名baidustatic.com#Black_list_tmp.txt第36672行 存在层级冲突
bestbuy.actonservice.com#Black_list_tmp.txt第39533行 与上级域名actonservice.com#Black_list_tmp.txt第16241行 存在层级冲突
bgiamericas.actonservice.com#Black_list_tmp.txt第40063行 与上级域名actonservice.com#Black_list_tmp.txt第16241行 存在层级冲突
bhpz.adj.st#Black_list_tmp.txt第40247行 与上级域名adj.st#Black_list_tmp.txt第18405行 存在层级冲突
bid.adbiding.com#Black_list_tmp.txt第40501行 与上级域名adbiding.com#Black_list_tmp.txt第17519行 存在层级冲突
bidmad.adop.cc#Black_list_tmp.txt第40560行 与上级域名adop.cc#Black_list_tmp.txt第19084行 存在层级冲突
bigcustomernetwork.actonservice.com#Black_list_tmp.txt第40672行 与上级域名actonservice.com#Black_list_tmp.txt第16241行 存在层级冲突
bigdata.advmob.cn#Black_list_tmp.txt第40673行 与上级域名advmob.cn#Black_list_tmp.txt第21708行 存在层级冲突
bioagiliytix.actonservice.com#Black_list_tmp.txt第40943行 与上级域名actonservice.com#Black_list_tmp.txt第16241行 存在层级冲突
biophysicsgroup.actonservice.com#Black_list_tmp.txt第40976行 与上级域名actonservice.com#Black_list_tmp.txt第16241行 存在层级冲突
bison.actonservice.com#Black_list_tmp.txt第41067行 与上级域名actonservice.com#Black_list_tmp.txt第16241行 存在层级冲突
biworldwide.actonservice.com#Black_list_tmp.txt第41190行 与上级域名actonservice.com#Black_list_tmp.txt第16241行 存在层级冲突
biz.appsflyer.com#Black_list_tmp.txt第41204行 与上级域名appsflyer.com#Black_list_tmp.txt第31587行 存在层级冲突
bizhi.360.cn#Black_list_tmp.txt第41225行 与上级域名360.cn#Black_list_tmp.txt第4252行 存在层级冲突
bj-td-01-callback.advlion.com#Black_list_tmp.txt第41258行 与上级域名advlion.com#Black_list_tmp.txt第21696行 存在层级冲突
bj-td-menta-01-callback.advlion.com#Black_list_tmp.txt第41259行 与上级域名advlion.com#Black_list_tmp.txt第21696行 存在层级冲突
bke.actonservice.com#Black_list_tmp.txt第41466行 与上级域名actonservice.com#Black_list_tmp.txt第16241行 存在层级冲突
bkifg.actonservice.com#Black_list_tmp.txt第41489行 与上级域名actonservice.com#Black_list_tmp.txt第16241行 存在层级冲突
blackbirdventures.actonservice.com#Black_list_tmp.txt第41600行 与上级域名actonservice.com#Black_list_tmp.txt第16241行 存在层级冲突
blackmesh.actonservice.com#Black_list_tmp.txt第41626行 与上级域名actonservice.com#Black_list_tmp.txt第16241行 存在层级冲突
bladv.actonservice.com#Black_list_tmp.txt第41652行 与上级域名actonservice.com#Black_list_tmp.txt第16241行 存在层级冲突
blink-upload.bayescom.com#Black_list_tmp.txt第41823行 与上级域名bayescom.com#Black_list_tmp.txt第37744行 存在层级冲突
blink.bayescom.com#Black_list_tmp.txt第41824行 与上级域名bayescom.com#Black_list_tmp.txt第37744行 存在层级冲突
blockchain.actonservice.com#Black_list_tmp.txt第41905行 与上级域名actonservice.com#Black_list_tmp.txt第16241行 存在层级冲突
blue-rocket.actonservice.com#Black_list_tmp.txt第42116行 与上级域名actonservice.com#Black_list_tmp.txt第16241行 存在层级冲突
bluebusiness.actonservice.com#Black_list_tmp.txt第42127行 与上级域名actonservice.com#Black_list_tmp.txt第16241行 存在层级冲突
bluemarblepayroll.actonservice.com#Black_list_tmp.txt第42164行 与上级域名actonservice.com#Black_list_tmp.txt第16241行 存在层级冲突
bluemountains.actonservice.com#Black_list_tmp.txt第42166行 与上级域名actonservice.com#Black_list_tmp.txt第16241行 存在层级冲突
blueoceanpharma.actonservice.com#Black_list_tmp.txt第42168行 与上级域名actonservice.com#Black_list_tmp.txt第16241行 存在层级冲突
bluvue.actonservice.com#Black_list_tmp.txt第42244行 与上级域名actonservice.com#Black_list_tmp.txt第16241行 存在层级冲突
blytheco.actonservice.com#Black_list_tmp.txt第42265行 与上级域名actonservice.com#Black_list_tmp.txt第16241行 存在层级冲突
bm.alimama.cn#Black_list_tmp.txt第42275行 与上级域名alimama.cn#Black_list_tmp.txt第25087行 存在层级冲突
bmiimaging.actonservice.com#Black_list_tmp.txt第42349行 与上级域名actonservice.com#Black_list_tmp.txt第16241行 存在层级冲突
bmvip.alimama.cn#Black_list_tmp.txt第42426行 与上级域名alimama.cn#Black_list_tmp.txt第25087行 存在层级冲突
bobcad.actonservice.com#Black_list_tmp.txt第42699行 与上级域名actonservice.com#Black_list_tmp.txt第16241行 存在层级冲突
bobswatches.actonservice.com#Black_list_tmp.txt第42720行 与上级域名actonservice.com#Black_list_tmp.txt第16241行 存在层级冲突
bolingbrookgolfclub.actonservice.com#Black_list_tmp.txt第42917行 与上级域名actonservice.com#Black_list_tmp.txt第16241行 存在层级冲突
bowl.actonservice.com#Black_list_tmp.txt第43532行 与上级域名actonservice.com#Black_list_tmp.txt第16241行 存在层级冲突
br.adpinfo.com#Black_list_tmp.txt第43834行 与上级域名adpinfo.com#Black_list_tmp.txt第19167行 存在层级冲突
br.bendan.shop#Black_list_tmp.txt第43837行 与上级域名bendan.shop#Black_list_tmp.txt第39230行 存在层级冲突
brainsell.actonservice.com#Black_list_tmp.txt第43912行 与上级域名actonservice.com#Black_list_tmp.txt第16241行 存在层级冲突
brascomarketing.actonservice.com#Black_list_tmp.txt第44098行 与上级域名actonservice.com#Black_list_tmp.txt第16241行 存在层级冲突
briefing.actonservice.com#Black_list_tmp.txt第44364行 与上级域名actonservice.com#Black_list_tmp.txt第16241行 存在层级冲突
bringg.actonservice.com#Black_list_tmp.txt第44428行 与上级域名actonservice.com#Black_list_tmp.txt第16241行 存在层级冲突
brukernano.actonservice.com#Black_list_tmp.txt第44765行 与上级域名actonservice.com#Black_list_tmp.txt第16241行 存在层级冲突
bu.actonservice.com#Black_list_tmp.txt第45195行 与上级域名actonservice.com#Black_list_tmp.txt第16241行 存在层级冲突
bu.adpinfo.com#Black_list_tmp.txt第45196行 与上级域名adpinfo.com#Black_list_tmp.txt第19167行 存在层级冲突
bubblewrapp.actonservice.com#Black_list_tmp.txt第45226行 与上级域名actonservice.com#Black_list_tmp.txt第16241行 存在层级冲突
bulkbookstore.actonservice.com#Black_list_tmp.txt第45443行 与上级域名actonservice.com#Black_list_tmp.txt第16241行 存在层级冲突
burnswhite.actonservice.com#Black_list_tmp.txt第45662行 与上级域名actonservice.com#Black_list_tmp.txt第16241行 存在层级冲突
business-decision.actonservice.com#Black_list_tmp.txt第45730行 与上级域名actonservice.com#Black_list_tmp.txt第16241行 存在层级冲突
businessgrouphealth.actonservice.com#Black_list_tmp.txt第45763行 与上级域名actonservice.com#Black_list_tmp.txt第16241行 存在层级冲突
butlercc.actonservice.com#Black_list_tmp.txt第45815行 与上级域名actonservice.com#Black_list_tmp.txt第16241行 存在层级冲突
buyimg.bianxianmao.com#Black_list_tmp.txt第45938行 与上级域名bianxianmao.com#Black_list_tmp.txt第40448行 存在层级冲突
c-adx.2345.com#Black_list_tmp.txt第46736行 与上级域名2345.com#Black_list_tmp.txt第3220行 存在层级冲突
c-c-l.actonservice.com#Black_list_tmp.txt第46737行 与上级域名actonservice.com#Black_list_tmp.txt第16241行 存在层级冲突
c-w-s.applk.cn#Black_list_tmp.txt第46767行 与上级域名applk.cn#Black_list_tmp.txt第31435行 存在层级冲突
c-w.applk.cn#Black_list_tmp.txt第46768行 与上级域名applk.cn#Black_list_tmp.txt第31435行 存在层级冲突
c.28487.net#Black_list_tmp.txt第46770行 与上级域名28487.net#Black_list_tmp.txt第3499行 存在层级冲突
c.35kds.com#Black_list_tmp.txt第46772行 与上级域名35kds.com#Black_list_tmp.txt第4224行 存在层级冲突
c.365yigou.cn#Black_list_tmp.txt第46773行 与上级域名365yigou.cn#Black_list_tmp.txt第4320行 存在层级冲突
c.51y5.net#Black_list_tmp.txt第46776行 与上级域名51y5.net#Black_list_tmp.txt第5759行 存在层级冲突
c.albss.com#Black_list_tmp.txt第46781行 与上级域名albss.com#Black_list_tmp.txt第24804行 存在层级冲突
c.algovid.com#Black_list_tmp.txt第46782行 与上级域名algovid.com#Black_list_tmp.txt第24989行 存在层级冲突
c.amazon-adsystem.com#Black_list_tmp.txt第46784行 与上级域名amazon-adsystem.com#Black_list_tmp.txt第25848行 存在层级冲突
c.anmeilai.net#Black_list_tmp.txt第46785行 与上级域名anmeilai.net#Black_list_tmp.txt第27579行 存在层级冲突
c.appjiagu.com#Black_list_tmp.txt第46787行 与上级域名appjiagu.com#Black_list_tmp.txt第31321行 存在层级冲突
c.betrad.com#Black_list_tmp.txt第46801行 与上级域名betrad.com#Black_list_tmp.txt第39730行 存在层级冲突
c.bidtoolads.com#Black_list_tmp.txt第46802行 与上级域名bidtoolads.com#Black_list_tmp.txt第40589行 存在层级冲突
c.bigmir.net#Black_list_tmp.txt第46804行 与上级域名bigmir.net#Black_list_tmp.txt第40717行 存在层级冲突
c.mse.360.cn#Black_list_tmp.txt第46913行 与上级域名360.cn#Black_list_tmp.txt第4252行 存在层级冲突
c.sayhi.360.cn#Black_list_tmp.txt第46975行 与上级域名360.cn#Black_list_tmp.txt第4252行 存在层级冲突
c1.668559.com#Black_list_tmp.txt第47095行 与上级域名668559.com#Black_list_tmp.txt第6716行 存在层级冲突
c1.adform.net#Black_list_tmp.txt第47096行 与上级域名adform.net#Black_list_tmp.txt第18162行 存在层级冲突
c2a7e16670.3bc2a6115d.com#Black_list_tmp.txt第47166行 与上级域名3bc2a6115d.com#Black_list_tmp.txt第4523行 存在层级冲突
c4cm.actonservice.com#Black_list_tmp.txt第47219行 与上级域名actonservice.com#Black_list_tmp.txt第16241行 存在层级冲突
c4contexture.actonservice.com#Black_list_tmp.txt第47220行 与上级域名actonservice.com#Black_list_tmp.txt第16241行 存在层级冲突
c6.bjdianyue.com#Black_list_tmp.txt第47259行 与上级域名bjdianyue.com#Black_list_tmp.txt第41295行 存在层级冲突
cacaca.0571yy.com#Black_list_tmp.txt第47468行 与上级域名0571yy.com#Black_list_tmp.txt第233行 存在层级冲突
cache.betweendigital.com#Black_list_tmp.txt第47481行 与上级域名betweendigital.com#Black_list_tmp.txt第39782行 存在层级冲突
caf.actonservice.com#Black_list_tmp.txt第47572行 与上级域名actonservice.com#Black_list_tmp.txt第16241行 存在层级冲突
caliberco.actonservice.com#Black_list_tmp.txt第47768行 与上级域名actonservice.com#Black_list_tmp.txt第16241行 存在层级冲突
caljetelite.actonservice.com#Black_list_tmp.txt第47782行 与上级域名actonservice.com#Black_list_tmp.txt第16241行 存在层级冲突
calldesignna.actonservice.com#Black_list_tmp.txt第47798行 与上级域名actonservice.com#Black_list_tmp.txt第16241行 存在层级冲突
callsource.actonservice.com#Black_list_tmp.txt第47819行 与上级域名actonservice.com#Black_list_tmp.txt第16241行 存在层级冲突
calmradio.actonservice.com#Black_list_tmp.txt第47837行 与上级域名actonservice.com#Black_list_tmp.txt第16241行 存在层级冲突
camisado.actonservice.com#Black_list_tmp.txt第47915行 与上级域名actonservice.com#Black_list_tmp.txt第16241行 存在层级冲突
capplanllc.actonservice.com#Black_list_tmp.txt第48840行 与上级域名actonservice.com#Black_list_tmp.txt第16241行 存在层级冲突
caradonna.actonservice.com#Black_list_tmp.txt第48945行 与上级域名actonservice.com#Black_list_tmp.txt第16241行 存在层级冲突
cardinalretirement.actonservice.com#Black_list_tmp.txt第48995行 与上级域名actonservice.com#Black_list_tmp.txt第16241行 存在层级冲突
cargas.actonservice.com#Black_list_tmp.txt第49061行 与上级域名actonservice.com#Black_list_tmp.txt第16241行 存在层级冲突
cargurus.actonservice.com#Black_list_tmp.txt第49068行 与上级域名actonservice.com#Black_list_tmp.txt第16241行 存在层级冲突
carlisleit.actonservice.com#Black_list_tmp.txt第49102行 与上级域名actonservice.com#Black_list_tmp.txt第16241行 存在层级冲突
carolina.actonservice.com#Black_list_tmp.txt第49123行 与上级域名actonservice.com#Black_list_tmp.txt第16241行 存在层级冲突
cas.bugly.qq.com#Black_list_tmp.txt第49252行 与上级域名bugly.qq.com#Black_list_tmp.txt第45340行 存在层级冲突
cast-bid27-j.adtdp.com#Black_list_tmp.txt第49383行 与上级域名adtdp.com#Black_list_tmp.txt第21236行 存在层级冲突
cb.alimama.cn#Black_list_tmp.txt第49673行 与上级域名alimama.cn#Black_list_tmp.txt第25087行 存在层级冲突
cb00f61c4d.50deb82526.com#Black_list_tmp.txt第49679行 与上级域名50deb82526.com#Black_list_tmp.txt第5645行 存在层级冲突
cb33c9b7be.70e19ee52e.com#Black_list_tmp.txt第49683行 与上级域名70e19ee52e.com#Black_list_tmp.txt第7189行 存在层级冲突
cbvjddh.23txt.com#Black_list_tmp.txt第49813行 与上级域名23txt.com#Black_list_tmp.txt第3249行 存在层级冲突
cc.0133hao.net#Black_list_tmp.txt第49838行 与上级域名0133hao.net#Black_list_tmp.txt第82行 存在层级冲突
cc.1515788.net#Black_list_tmp.txt第49839行 与上级域名1515788.net#Black_list_tmp.txt第1680行 存在层级冲突
cc.365yigou.cn#Black_list_tmp.txt第49840行 与上级域名365yigou.cn#Black_list_tmp.txt第4320行 存在层级冲突
cc.700ok.net#Black_list_tmp.txt第49841行 与上级域名700ok.net#Black_list_tmp.txt第7165行 存在层级冲突
cc.8181zx.com#Black_list_tmp.txt第49842行 与上级域名8181zx.com#Black_list_tmp.txt第7968行 存在层级冲突
cc8f653011.17180d187e.com#Black_list_tmp.txt第49886行 与上级域名17180d187e.com#Black_list_tmp.txt第1840行 存在层级冲突
cctv.adsunion.com#Black_list_tmp.txt第50035行 与上级域名adsunion.com#Black_list_tmp.txt第21110行 存在层级冲突
cdn-a.amazon-adsystem.com#Black_list_tmp.txt第50185行 与上级域名amazon-adsystem.com#Black_list_tmp.txt第25848行 存在层级冲突
cdn-f.adsmoloco.com#Black_list_tmp.txt第50217行 与上级域名adsmoloco.com#Black_list_tmp.txt第20933行 存在层级冲突
cdn-settings.appsflyersdk.com#Black_list_tmp.txt第50253行 与上级域名appsflyersdk.com#Black_list_tmp.txt第31588行 存在层级冲突
cdn.1rtb.com#Black_list_tmp.txt第50269行 与上级域名1rtb.com#Black_list_tmp.txt第2626行 存在层级冲突
cdn.3ckz.com#Black_list_tmp.txt第50274行 与上级域名3ckz.com#Black_list_tmp.txt第4557行 存在层级冲突
cdn.810236.com#Black_list_tmp.txt第50280行 与上级域名810236.com#Black_list_tmp.txt第7943行 存在层级冲突
cdn.9823df.com#Black_list_tmp.txt第50284行 与上级域名9823df.com#Black_list_tmp.txt第9019行 存在层级冲突
cdn.abtest.ai#Black_list_tmp.txt第50287行 与上级域名abtest.ai#Black_list_tmp.txt第15284行 存在层级冲突
cdn.ad.xelements.cn#Black_list_tmp.txt第50289行 与上级域名ad.xelements.cn#Black_list_tmp.txt第17117行 存在层级冲突
cdn.ad.xiaomi.com#Black_list_tmp.txt第50290行 与上级域名ad.xiaomi.com#Black_list_tmp.txt第17120行 存在层级冲突
cdn.adevbom.com#Black_list_tmp.txt第50295行 与上级域名adevbom.com#Black_list_tmp.txt第18073行 存在层级冲突
cdn.adk2.com#Black_list_tmp.txt第50296行 与上级域名adk2.com#Black_list_tmp.txt第18448行 存在层级冲突
cdn.admatic.com.tr#Black_list_tmp.txt第50298行 与上级域名admatic.com.tr#Black_list_tmp.txt第18627行 存在层级冲突
cdn.admixer.net#Black_list_tmp.txt第50299行 与上级域名admixer.net#Black_list_tmp.txt第18778行 存在层级冲突
cdn.adnxs.com#Black_list_tmp.txt第50300行 与上级域名adnxs.com#Black_list_tmp.txt第18901行 存在层级冲突
cdn.adsninja.ca#Black_list_tmp.txt第50305行 与上级域名adsninja.ca#Black_list_tmp.txt第20942行 存在层级冲突
cdn.adxvip.com#Black_list_tmp.txt第50318行 与上级域名adxvip.com#Black_list_tmp.txt第21954行 存在层级冲突
cdn.afwpc.com#Black_list_tmp.txt第50321行 与上级域名afwpc.com#Black_list_tmp.txt第23076行 存在层级冲突
cdn.agajx.com#Black_list_tmp.txt第50322行 与上级域名agajx.com#Black_list_tmp.txt第23119行 存在层级冲突
cdn.aiclicash.com#Black_list_tmp.txt第50323行 与上级域名aiclicash.com#Black_list_tmp.txt第23785行 存在层级冲突
cdn.aiclk.com#Black_list_tmp.txt第50324行 与上级域名aiclk.com#Black_list_tmp.txt第23786行 存在层级冲突
cdn.amplitude.com#Black_list_tmp.txt第50329行 与上级域名amplitude.com#Black_list_tmp.txt第26161行 存在层级冲突
cdn.appsflyer.com#Black_list_tmp.txt第50334行 与上级域名appsflyer.com#Black_list_tmp.txt第31587行 存在层级冲突
cdn.at.atwola.com#Black_list_tmp.txt第50342行 与上级域名at.atwola.com#Black_list_tmp.txt第33496行 存在层级冲突
cdn.atwola.com#Black_list_tmp.txt第50345行 与上级域名atwola.com#Black_list_tmp.txt第34064行 存在层级冲突
cdn.bahswl.com#Black_list_tmp.txt第50350行 与上级域名bahswl.com#Black_list_tmp.txt第36610行 存在层级冲突
cdn.bnmkl.com#Black_list_tmp.txt第50358行 与上级域名bnmkl.com#Black_list_tmp.txt第42542行 存在层级冲突
cdn.borhaj.com#Black_list_tmp.txt第50359行 与上级域名borhaj.com#Black_list_tmp.txt第43259行 存在层级冲突
cdn.branch.io#Black_list_tmp.txt第50360行 与上级域名branch.io#Black_list_tmp.txt第43978行 存在层级冲突
cdn.oas-c17.adnxs.com#Black_list_tmp.txt第50584行 与上级域名adnxs.com#Black_list_tmp.txt第18901行 存在层级冲突
cdn.oas-eu1.adnxs.com#Black_list_tmp.txt第50585行 与上级域名adnxs.com#Black_list_tmp.txt第18901行 存在层级冲突
cdn.ynuf.aliapp.org#Black_list_tmp.txt第50763行 与上级域名aliapp.org#Black_list_tmp.txt第25013行 存在层级冲突
cdnappicons.appsflyer.com#Black_list_tmp.txt第50829行 与上级域名appsflyer.com#Black_list_tmp.txt第31587行 存在层级冲突
cdns.brsrvr.com#Black_list_tmp.txt第50892行 与上级域名brsrvr.com#Black_list_tmp.txt第44733行 存在层级冲突
cds.51y5.net#Black_list_tmp.txt第50977行 与上级域名51y5.net#Black_list_tmp.txt第5759行 存在层级冲突
celigo.actonservice.com#Black_list_tmp.txt第51214行 与上级域名actonservice.com#Black_list_tmp.txt第16241行 存在层级冲突
centermarkplacements.actonservice.com#Black_list_tmp.txt第51295行 与上级域名actonservice.com#Black_list_tmp.txt第16241行 存在层级冲突
central.actonservice.com#Black_list_tmp.txt第51308行 与上级域名actonservice.com#Black_list_tmp.txt第16241行 存在层级冲突
cerionnano.actonservice.com#Black_list_tmp.txt第51390行 与上级域名actonservice.com#Black_list_tmp.txt第16241行 存在层级冲突
certify.alexametrics.com#Black_list_tmp.txt第51413行 与上级域名alexametrics.com#Black_list_tmp.txt第24920行 存在层级冲突
cesa6.actonservice.com#Black_list_tmp.txt第51422行 与上级域名actonservice.com#Black_list_tmp.txt第16241行 存在层级冲突
cf.api.instant.one#Black_list_tmp.txt第51501行 与上级域名api.instant.one#Black_list_tmp.txt第29146行 存在层级冲突
cfcffnhqqaibabwt.ber3.xyz#Black_list_tmp.txt第51550行 与上级域名ber3.xyz#Black_list_tmp.txt第39363行 存在层级冲突
cfg-cdn.aiclk.com#Black_list_tmp.txt第51571行 与上级域名aiclk.com#Black_list_tmp.txt第23786行 存在层级冲突
cfg.aiclk.com#Black_list_tmp.txt第51575行 与上级域名aiclk.com#Black_list_tmp.txt第23786行 存在层级冲突
cfpwood.actonservice.com#Black_list_tmp.txt第51613行 与上级域名actonservice.com#Black_list_tmp.txt第16241行 存在层级冲突
cfwz.customlinks.appsflyer.com#Black_list_tmp.txt第51655行 与上级域名appsflyer.com#Black_list_tmp.txt第31587行 存在层级冲突
channel-impact.actonservice.com#Black_list_tmp.txt第52002行 与上级域名actonservice.com#Black_list_tmp.txt第16241行 存在层级冲突
channelblender.actonservice.com#Black_list_tmp.txt第52010行 与上级域名actonservice.com#Black_list_tmp.txt第16241行 存在层级冲突
channelsignal.actonservice.com#Black_list_tmp.txt第52016行 与上级域名actonservice.com#Black_list_tmp.txt第16241行 存在层级冲突
chartec.actonservice.com#Black_list_tmp.txt第52100行 与上级域名actonservice.com#Black_list_tmp.txt第16241行 存在层级冲突
chevalierusa.actonservice.com#Black_list_tmp.txt第52446行 与上级域名actonservice.com#Black_list_tmp.txt第16241行 存在层级冲突
chiefexecutive.actonservice.com#Black_list_tmp.txt第52517行 与上级域名actonservice.com#Black_list_tmp.txt第16241行 存在层级冲突
chinaqa.appsflyer.com#Black_list_tmp.txt第52613行 与上级域名appsflyer.com#Black_list_tmp.txt第31587行 存在层级冲突
choice.ameblojp.live#Black_list_tmp.txt第52760行 与上级域名ameblojp.live#Black_list_tmp.txt第25937行 存在层级冲突
circadence.actonservice.com#Black_list_tmp.txt第53292行 与上级域名actonservice.com#Black_list_tmp.txt第16241行 存在层级冲突
cisco-eagle.actonservice.com#Black_list_tmp.txt第53330行 与上级域名actonservice.com#Black_list_tmp.txt第16241行 存在层级冲突
citizensclimate.actonservice.com#Black_list_tmp.txt第53367行 与上级域名actonservice.com#Black_list_tmp.txt第16241行 存在层级冲突
cjiv.chengjie168.com.cn#Black_list_tmp.txt第53506行 与上级域名chengjie168.com.cn#Black_list_tmp.txt第52379行 存在层级冲突
ck.ads.heytapmobi.com#Black_list_tmp.txt第53575行 与上级域名ads.heytapmobi.com#Black_list_tmp.txt第19851行 存在层级冲突
ck.ads.oppomobile.com#Black_list_tmp.txt第53576行 与上级域名ads.oppomobile.com#Black_list_tmp.txt第20067行 存在层级冲突
cl-data.ads.heytapmobi.com#Black_list_tmp.txt第53696行 与上级域名ads.heytapmobi.com#Black_list_tmp.txt第19851行 存在层级冲突
clariant.actonservice.com#Black_list_tmp.txt第53793行 与上级域名actonservice.com#Black_list_tmp.txt第16241行 存在层级冲突
claruscommerce.actonservice.com#Black_list_tmp.txt第53817行 与上级域名actonservice.com#Black_list_tmp.txt第16241行 存在层级冲突
classroominc.actonservice.com#Black_list_tmp.txt第53846行 与上级域名actonservice.com#Black_list_tmp.txt第16241行 存在层级冲突
claynelsonlifebalance.actonservice.com#Black_list_tmp.txt第53878行 与上级域名actonservice.com#Black_list_tmp.txt第16241行 存在层级冲突
cleanservices.actonservice.com#Black_list_tmp.txt第53943行 与上级域名actonservice.com#Black_list_tmp.txt第16241行 存在层级冲突
clearbrands.actonservice.com#Black_list_tmp.txt第53963行 与上级域名actonservice.com#Black_list_tmp.txt第16241行 存在层级冲突
clevertapsendgrid.branch.rocks#Black_list_tmp.txt第54022行 与上级域名branch.rocks#Black_list_tmp.txt第44001行 存在层级冲突
click.chinaliftoff.io#Black_list_tmp.txt第54184行 与上级域名chinaliftoff.io#Black_list_tmp.txt第52608行 存在层级冲突
click.stat.hao.360.cn#Black_list_tmp.txt第54317行 与上级域名360.cn#Black_list_tmp.txt第4252行 存在层级冲突
click1.email-postup.branch.rocks#Black_list_tmp.txt第54352行 与上级域名branch.rocks#Black_list_tmp.txt第44001行 存在层级冲突
click4.chinaliftoff.io#Black_list_tmp.txt第54363行 与上级域名chinaliftoff.io#Black_list_tmp.txt第52608行 存在层级冲突
clickatell.actonservice.com#Black_list_tmp.txt第54397行 与上级域名actonservice.com#Black_list_tmp.txt第16241行 存在层级冲突
clickc.admaster.com.cn#Black_list_tmp.txt第54413行 与上级域名admaster.com.cn#Black_list_tmp.txt第18622行 存在层级冲突
cm.1rtb.com#Black_list_tmp.txt第55365行 与上级域名1rtb.com#Black_list_tmp.txt第2626行 存在层级冲突
cm.adform.net#Black_list_tmp.txt第55369行 与上级域名adform.net#Black_list_tmp.txt第18162行 存在层级冲突
cm.adgrx.com#Black_list_tmp.txt第55370行 与上级域名adgrx.com#Black_list_tmp.txt第18229行 存在层级冲突
cm.adkmob.com#Black_list_tmp.txt第55371行 与上级域名adkmob.com#Black_list_tmp.txt第18463行 存在层级冲突
cm.ads.oppomobile.com#Black_list_tmp.txt第55372行 与上级域名ads.oppomobile.com#Black_list_tmp.txt第20067行 存在层级冲突
cm.baichuan.baidu.com#Black_list_tmp.txt第55373行 与上级域名baichuan.baidu.com#Black_list_tmp.txt第36620行 存在层级冲突
cm.dmp.360.cn#Black_list_tmp.txt第55378行 与上级域名360.cn#Black_list_tmp.txt第4252行 存在层级冲突
cm.lianmeng.360.cn#Black_list_tmp.txt第55391行 与上级域名360.cn#Black_list_tmp.txt第4252行 存在层级冲突
cmme.actonservice.com#Black_list_tmp.txt第55500行 与上级域名actonservice.com#Black_list_tmp.txt第16241行 存在层级冲突
cms.an.m.liebao.cn#Black_list_tmp.txt第55629行 与上级域名an.m.liebao.cn#Black_list_tmp.txt第26313行 存在层级冲突
cms.analytics.yahoo.com#Black_list_tmp.txt第55630行 与上级域名analytics.yahoo.com#Black_list_tmp.txt第27160行 存在层级冲突
cn-api.anythinktech.com#Black_list_tmp.txt第55689行 与上级域名anythinktech.com#Black_list_tmp.txt第27990行 存在层级冲突
cn-da.anythinktech.com#Black_list_tmp.txt第55691行 与上级域名anythinktech.com#Black_list_tmp.txt第27990行 存在层级冲突
cn-tk.anythinktech.com#Black_list_tmp.txt第55696行 与上级域名anythinktech.com#Black_list_tmp.txt第27990行 存在层级冲突
cn.adpinfo.com#Black_list_tmp.txt第55697行 与上级域名adpinfo.com#Black_list_tmp.txt第19167行 存在层级冲突
cn.api.push.le.com#Black_list_tmp.txt第55698行 与上级域名api.push.le.com#Black_list_tmp.txt第29521行 存在层级冲突
cn.app.chat.xiaomi.net#Black_list_tmp.txt第55699行 与上级域名app.chat.xiaomi.net#Black_list_tmp.txt第30311行 存在层级冲突
cnbd1.appmobile.cn#Black_list_tmp.txt第55763行 与上级域名appmobile.cn#Black_list_tmp.txt第31472行 存在层级冲突
cns-service.actonservice.com#Black_list_tmp.txt第55866行 与上级域名actonservice.com#Black_list_tmp.txt第16241行 存在层级冲突
cnsecurity.actonservice.com#Black_list_tmp.txt第55869行 与上级域名actonservice.com#Black_list_tmp.txt第16241行 存在层级冲突
cnzz.comw.cnzz.com#Black_list_tmp.txt第55959行 与上级域名cnzz.com#Black_list_tmp.txt第55958行 存在层级冲突
cobweb.actonservice.com#Black_list_tmp.txt第56045行 与上级域名actonservice.com#Black_list_tmp.txt第16241行 存在层级冲突
code.3shangyou.com#Black_list_tmp.txt第56127行 与上级域名3shangyou.com#Black_list_tmp.txt第4770行 存在层级冲突
code.ainsyndication.com#Black_list_tmp.txt第56129行 与上级域名ainsyndication.com#Black_list_tmp.txt第23985行 存在层级冲突
cofactordigital.actonservice.com#Black_list_tmp.txt第56236行 与上级域名actonservice.com#Black_list_tmp.txt第16241行 存在层级冲突
coffeycomm.actonservice.com#Black_list_tmp.txt第56251行 与上级域名actonservice.com#Black_list_tmp.txt第16241行 存在层级冲突
cogstate.actonservice.com#Black_list_tmp.txt第56290行 与上级域名actonservice.com#Black_list_tmp.txt第16241行 存在层级冲突
cohesive.actonservice.com#Black_list_tmp.txt第56309行 与上级域名actonservice.com#Black_list_tmp.txt第16241行 存在层级冲突
collab9.actonservice.com#Black_list_tmp.txt第56459行 与上级域名actonservice.com#Black_list_tmp.txt第16241行 存在层级冲突
collect-ap2.attraqt.io#Black_list_tmp.txt第56471行 与上级域名attraqt.io#Black_list_tmp.txt第34023行 存在层级冲突
collect-eu.attraqt.io#Black_list_tmp.txt第56472行 与上级域名attraqt.io#Black_list_tmp.txt第34023行 存在层级冲突
collect-v6.51.la#Black_list_tmp.txt第56474行 与上级域名51.la#Black_list_tmp.txt第5675行 存在层级冲突
collect.cn.miaozhen.com#Black_list_tmp.txt第56551行 与上级域名cn.miaozhen.com#Black_list_tmp.txt第55705行 存在层级冲突
collector.appconsent.io#Black_list_tmp.txt第56742行 与上级域名appconsent.io#Black_list_tmp.txt第31262行 存在层级冲突
collector.cint.com#Black_list_tmp.txt第56759行 与上级域名cint.com#Black_list_tmp.txt第53265行 存在层级冲突
collector.mobile.cnzz.com#Black_list_tmp.txt第56781行 与上级域名cnzz.com#Black_list_tmp.txt第55958行 存在层级冲突
collegeauthority.actonservice.com#Black_list_tmp.txt第56843行 与上级域名actonservice.com#Black_list_tmp.txt第16241行 存在层级冲突
colliers.actonservice.com#Black_list_tmp.txt第56851行 与上级域名actonservice.com#Black_list_tmp.txt第16241行 存在层级冲突
commercial.shouji.360.cn#Black_list_tmp.txt第57077行 与上级域名360.cn#Black_list_tmp.txt第4252行 存在层级冲突
commondreams.actonservice.com#Black_list_tmp.txt第57100行 与上级域名actonservice.com#Black_list_tmp.txt第16241行 存在层级冲突
comms.cision.com#Black_list_tmp.txt第57114行 与上级域名cision.com#Black_list_tmp.txt第53338行 存在层级冲突
communication.adpinfo.com#Black_list_tmp.txt第57138行 与上级域名adpinfo.com#Black_list_tmp.txt第19167行 存在层级冲突
communications.adpinfo.com#Black_list_tmp.txt第57162行 与上级域名adpinfo.com#Black_list_tmp.txt第19167行 存在层级冲突
compugen.actonservice.com#Black_list_tmp.txt第57364行 与上级域名actonservice.com#Black_list_tmp.txt第16241行 存在层级冲突
compulite.actonservice.com#Black_list_tmp.txt第57365行 与上级域名actonservice.com#Black_list_tmp.txt第16241行 存在层级冲突
compuware.actonservice.com#Black_list_tmp.txt第57375行 与上级域名actonservice.com#Black_list_tmp.txt第16241行 存在层级冲突
comviewcorp.actonservice.com#Black_list_tmp.txt第57394行 与上级域名actonservice.com#Black_list_tmp.txt第16241行 存在层级冲突
config-flag.aiclk.com#Black_list_tmp.txt第57551行 与上级域名aiclk.com#Black_list_tmp.txt第23786行 存在层级冲突
config.ab.qq.com#Black_list_tmp.txt第57556行 与上级域名ab.qq.com#Black_list_tmp.txt第14425行 存在层级冲突
config.cocounion.com#Black_list_tmp.txt第57565行 与上级域名cocounion.com#Black_list_tmp.txt第56109行 存在层级冲突
connectedmedicaltechnologies.actonservice.com#Black_list_tmp.txt第57918行 与上级域名actonservice.com#Black_list_tmp.txt第16241行 存在层级冲突
contentapi.celltick.com#Black_list_tmp.txt第58399行 与上级域名celltick.com#Black_list_tmp.txt第51232行 存在层级冲突
contenttracking.cn.miaozhen.com#Black_list_tmp.txt第58429行 与上级域名cn.miaozhen.com#Black_list_tmp.txt第55705行 存在层级冲突
control.adjust.com#Black_list_tmp.txt第58507行 与上级域名adjust.com#Black_list_tmp.txt第18430行 存在层级冲突
convergentdental.actonservice.com#Black_list_tmp.txt第58580行 与上级域名actonservice.com#Black_list_tmp.txt第16241行 存在层级冲突
conversions.appsflyer.com#Black_list_tmp.txt第58621行 与上级域名appsflyer.com#Black_list_tmp.txt第31587行 存在层级冲突
conversions.appsflyersdk.com#Black_list_tmp.txt第58622行 与上级域名appsflyersdk.com#Black_list_tmp.txt第31588行 存在层级冲突
coocaa-mipdx.cn.miaozhen.com#Black_list_tmp.txt第58673行 与上级域名cn.miaozhen.com#Black_list_tmp.txt第55705行 存在层级冲突
cookiemapping.cn.miaozhen.com#Black_list_tmp.txt第58747行 与上级域名cn.miaozhen.com#Black_list_tmp.txt第55705行 存在层级冲突
count.asnetworks.de#Black_list_tmp.txt第59386行 与上级域名asnetworks.de#Black_list_tmp.txt第33007行 存在层级冲突
count.atm.youku.com#Black_list_tmp.txt第59387行 与上级域名atm.youku.com#Black_list_tmp.txt第33782行 存在层级冲突
cover.afuyer.com#Black_list_tmp.txt第59769行 与上级域名afuyer.com#Black_list_tmp.txt第23070行 存在层级冲突
cp.758758.xyz#Black_list_tmp.txt第59856行 与上级域名758758.xyz#Black_list_tmp.txt第7344行 存在层级冲突
cpc-cdn.aiclk.com#Black_list_tmp.txt第59930行 与上级域名aiclk.com#Black_list_tmp.txt第23786行 存在层级冲突
cpc-service-square.aiclk.com#Black_list_tmp.txt第59931行 与上级域名aiclk.com#Black_list_tmp.txt第23786行 存在层级冲突
cpm.adlive.io#Black_list_tmp.txt第59994行 与上级域名adlive.io#Black_list_tmp.txt第18517行 存在层级冲突
cpm.andbeyond.media#Black_list_tmp.txt第59999行 与上级域名andbeyond.media#Black_list_tmp.txt第27316行 存在层级冲突
cpm.applixir.com#Black_list_tmp.txt第60000行 与上级域名applixir.com#Black_list_tmp.txt第31434行 存在层级冲突
cpm.boffoadsapi.com#Black_list_tmp.txt第60006行 与上级域名boffoadsapi.com#Black_list_tmp.txt第42785行 存在层级冲突
cpro.9xu.com#Black_list_tmp.txt第60106行 与上级域名9xu.com#Black_list_tmp.txt第9419行 存在层级冲突
cpro.baidustatic.com#Black_list_tmp.txt第60109行 与上级域名baidustatic.com#Black_list_tmp.txt第36672行 存在层级冲突
cpro2.baidustatic.com#Black_list_tmp.txt第60119行 与上级域名baidustatic.com#Black_list_tmp.txt第36672行 存在层级冲突
cpull.360.cn#Black_list_tmp.txt第60154行 与上级域名360.cn#Black_list_tmp.txt第4252行 存在层级冲突
crawford-industries.actonservice.com#Black_list_tmp.txt第60463行 与上级域名actonservice.com#Black_list_tmp.txt第16241行 存在层级冲突
crcdn01.adnxs.com#Black_list_tmp.txt第60515行 与上级域名adnxs.com#Black_list_tmp.txt第18901行 存在层级冲突
crcdn09.adnxs.com#Black_list_tmp.txt第60516行 与上级域名adnxs.com#Black_list_tmp.txt第18901行 存在层级冲突
creationagency.actonservice.com#Black_list_tmp.txt第60563行 与上级域名actonservice.com#Black_list_tmp.txt第16241行 存在层级冲突
crmonline.actonservice.com#Black_list_tmp.txt第60870行 与上级域名actonservice.com#Black_list_tmp.txt第16241行 存在层级冲突
crs.actonservice.com#Black_list_tmp.txt第61017行 与上级域名actonservice.com#Black_list_tmp.txt第16241行 存在层级冲突
ct.210189.com#Black_list_tmp.txt第61514行 与上级域名210189.com#Black_list_tmp.txt第2951行 存在层级冲突
ctg.actonservice.com#Black_list_tmp.txt第61596行 与上级域名actonservice.com#Black_list_tmp.txt第16241行 存在层级冲突
ctiimage.actonservice.com#Black_list_tmp.txt第61611行 与上级域名actonservice.com#Black_list_tmp.txt第16241行 存在层级冲突
cttest.branch.rocks#Black_list_tmp.txt第61704行 与上级域名branch.rocks#Black_list_tmp.txt第44001行 存在层级冲突
ctx.citiservi.es#Black_list_tmp.txt第61738行 与上级域名citiservi.es#Black_list_tmp.txt第53363行 存在层级冲突
culliganwaterco.actonservice.com#Black_list_tmp.txt第61998行 与上级域名actonservice.com#Black_list_tmp.txt第16241行 存在层级冲突
customlinks.appsflyer.com#Black_list_tmp.txt第62377行 与上级域名appsflyer.com#Black_list_tmp.txt第31587行 存在层级冲突
cws-cctv.conviva.com#Black_list_tmp.txt第62703行 与上级域名conviva.com#Black_list_tmp.txt第58660行 存在层级冲突
cws.conviva.com#Black_list_tmp.txt第62704行 与上级域名conviva.com#Black_list_tmp.txt第58660行 存在层级冲突
cz01016102.cg2017.com#Black_list_tmp.txt第63059行 与上级域名cg2017.com#Black_list_tmp.txt第51663行 存在层级冲突
czf.cchfjz.com#Black_list_tmp.txt第63084行 与上级域名cchfjz.com#Black_list_tmp.txt第49946行 存在层级冲突
d.8181zx.com#Black_list_tmp.txt第63226行 与上级域名8181zx.com#Black_list_tmp.txt第7968行 存在层级冲突
d.admx.baixing.com#Black_list_tmp.txt第63236行 与上级域名admx.baixing.com#Black_list_tmp.txt第18822行 存在层级冲突
d.adxcore.com#Black_list_tmp.txt第63237行 与上级域名adxcore.com#Black_list_tmp.txt第21912行 存在层级冲突
d.agkn.com#Black_list_tmp.txt第63241行 与上级域名agkn.com#Black_list_tmp.txt第23312行 存在层级冲突
d.applovin.com#Black_list_tmp.txt第63254行 与上级域名applovin.com#Black_list_tmp.txt第31454行 存在层级冲突
d.applvn.com#Black_list_tmp.txt第63255行 与上级域名applvn.com#Black_list_tmp.txt第31456行 存在层级冲突
d.beigedi.com#Black_list_tmp.txt第63279行 与上级域名beigedi.com#Black_list_tmp.txt第39034行 存在层级冲突
d.clkservice.youdao.com#Black_list_tmp.txt第63318行 与上级域名clkservice.youdao.com#Black_list_tmp.txt第54857行 存在层级冲突
d.cpufan.club#Black_list_tmp.txt第63326行 与上级域名cpufan.club#Black_list_tmp.txt第60151行 存在层级冲突
d4a46e4655.700f312054.com#Black_list_tmp.txt第65093行 与上级域名700f312054.com#Black_list_tmp.txt第7164行 存在层级冲突
d95be1cb52.6e7c875650.com#Black_list_tmp.txt第65273行 与上级域名6e7c875650.com#Black_list_tmp.txt第6953行 存在层级冲突
d9b270b258.bf7472b795.com#Black_list_tmp.txt第65285行 与上级域名bf7472b795.com#Black_list_tmp.txt第39895行 存在层级冲突
da.anythinktech.com#Black_list_tmp.txt第65306行 与上级域名anythinktech.com#Black_list_tmp.txt第27990行 存在层级冲突
da5.adfsda005.xyz#Black_list_tmp.txt第65363行 与上级域名adfsda005.xyz#Black_list_tmp.txt第18173行 存在层级冲突
da64a767a2.9862271b2d.com#Black_list_tmp.txt第65368行 与上级域名9862271b2d.com#Black_list_tmp.txt第9028行 存在层级冲突
dacocorp.actonservice.com#Black_list_tmp.txt第65423行 与上级域名actonservice.com#Black_list_tmp.txt第16241行 存在层级冲突
daegis.actonservice.com#Black_list_tmp.txt第65576行 与上级域名actonservice.com#Black_list_tmp.txt第16241行 存在层级冲突
damax.anythinktech.com#Black_list_tmp.txt第65824行 与上级域名anythinktech.com#Black_list_tmp.txt第27990行 存在层级冲突
danielsmoving.actonservice.com#Black_list_tmp.txt第65943行 与上级域名actonservice.com#Black_list_tmp.txt第16241行 存在层级冲突
daohang.114so.cn#Black_list_tmp.txt第65980行 与上级域名114so.cn#Black_list_tmp.txt第1094行 存在层级冲突
dash.applovin.com#Black_list_tmp.txt第66114行 与上级域名applovin.com#Black_list_tmp.txt第31454行 存在层级冲突
dashboard.andbeyond.media#Black_list_tmp.txt第66126行 与上级域名andbeyond.media#Black_list_tmp.txt第27316行 存在层级冲突
dashboard.branch.io#Black_list_tmp.txt第66130行 与上级域名branch.io#Black_list_tmp.txt第43978行 存在层级冲突
data-id.ads.oppomobile.com#Black_list_tmp.txt第68179行 与上级域名ads.oppomobile.com#Black_list_tmp.txt第20067行 存在层级冲突
data-sdk-uuid-log.d.meituan.net#Black_list_tmp.txt第68200行 与上级域名d.meituan.net#Black_list_tmp.txt第63523行 存在层级冲突
data.3975.com#Black_list_tmp.txt第68234行 与上级域名3975.com#Black_list_tmp.txt第4471行 存在层级冲突
data.ab.qq.com#Black_list_tmp.txt第68269行 与上级域名ab.qq.com#Black_list_tmp.txt第14425行 存在层级冲突
data.ad-score.com#Black_list_tmp.txt第68295行 与上级域名ad-score.com#Black_list_tmp.txt第16472行 存在层级冲突
data.ads.oppomobile.com#Black_list_tmp.txt第68306行 与上级域名ads.oppomobile.com#Black_list_tmp.txt第20067行 存在层级冲突
data.cnzz.com#Black_list_tmp.txt第68671行 与上级域名cnzz.com#Black_list_tmp.txt第55958行 存在层级冲突
data.notifications.campaign.adobe.com#Black_list_tmp.txt第70227行 与上级域名campaign.adobe.com#Black_list_tmp.txt第47940行 存在层级冲突
databank.air.yoyi.com.cn#Black_list_tmp.txt第71080行 与上级域名air.yoyi.com.cn#Black_list_tmp.txt第24047行 存在层级冲突
datafiletechnologies.actonservice.com#Black_list_tmp.txt第71120行 与上级域名actonservice.com#Black_list_tmp.txt第16241行 存在层级冲突
dataflow.biliapi.com#Black_list_tmp.txt第71123行 与上级域名biliapi.com#Black_list_tmp.txt第40802行 存在层级冲突
date.ab.qq.com#Black_list_tmp.txt第71207行 与上级域名ab.qq.com#Black_list_tmp.txt第14425行 存在层级冲突
datk.anythinktech.com#Black_list_tmp.txt第71301行 与上级域名anythinktech.com#Black_list_tmp.txt第27990行 存在层级冲突
datk.bridgeoos.com#Black_list_tmp.txt第71302行 与上级域名bridgeoos.com#Black_list_tmp.txt第44349行 存在层级冲突
dbam.dashbida.com#Black_list_tmp.txt第71482行 与上级域名dashbida.com#Black_list_tmp.txt第66122行 存在层级冲突
dbb8b55e45.7345dc0372.com#Black_list_tmp.txt第71487行 与上级域名7345dc0372.com#Black_list_tmp.txt第7263行 存在层级冲突
dbbest.actonservice.com#Black_list_tmp.txt第71489行 与上级域名actonservice.com#Black_list_tmp.txt第16241行 存在层级冲突
dbeb749e4f.502ac4420f.com#Black_list_tmp.txt第71500行 与上级域名502ac4420f.com#Black_list_tmp.txt第5631行 存在层级冲突
dc.actonservice.com#Black_list_tmp.txt第71621行 与上级域名actonservice.com#Black_list_tmp.txt第16241行 存在层级冲突
dc.adintl.cn#Black_list_tmp.txt第71623行 与上级域名adintl.cn#Black_list_tmp.txt第18362行 存在层级冲突
dc.admobile.top#Black_list_tmp.txt第71624行 与上级域名admobile.top#Black_list_tmp.txt第18789行 存在层级冲突
dc.ads.linkedin.com#Black_list_tmp.txt第71625行 与上级域名ads.linkedin.com#Black_list_tmp.txt第19944行 存在层级冲突
dcce8be08b.0458a53a71.com#Black_list_tmp.txt第71748行 与上级域名0458a53a71.com#Black_list_tmp.txt第202行 存在层级冲突
dcinfos-cache.abtasty.com#Black_list_tmp.txt第71803行 与上级域名abtasty.com#Black_list_tmp.txt第15281行 存在层级冲突
dcjs.cig.com.cn#Black_list_tmp.txt第71814行 与上级域名cig.com.cn#Black_list_tmp.txt第53183行 存在层级冲突
dd.70yst.com#Black_list_tmp.txt第71944行 与上级域名70yst.com#Black_list_tmp.txt第7196行 存在层级冲突
dd.browser.360.cn#Black_list_tmp.txt第71948行 与上级域名360.cn#Black_list_tmp.txt第4252行 存在层级冲突
dd.dante2007.com#Black_list_tmp.txt第71951行 与上级域名dante2007.com#Black_list_tmp.txt第65966行 存在层级冲突
de.ad.gameley.com#Black_list_tmp.txt第72158行 与上级域名ad.gameley.com#Black_list_tmp.txt第16746行 存在层级冲突
dedola.actonservice.com#Black_list_tmp.txt第72463行 与上级域名actonservice.com#Black_list_tmp.txt第16241行 存在层级冲突
deepcrawl.actonservice.com#Black_list_tmp.txt第72516行 与上级域名actonservice.com#Black_list_tmp.txt第16241行 存在层级冲突
delivery.consentmanager.net#Black_list_tmp.txt第72857行 与上级域名consentmanager.net#Black_list_tmp.txt第58030行 存在层级冲突
delivery.email-pepipost.branch.rocks#Black_list_tmp.txt第72861行 与上级域名branch.rocks#Black_list_tmp.txt第44001行 存在层级冲突
desk.cmix.org#Black_list_tmp.txt第73331行 与上级域名cmix.org#Black_list_tmp.txt第55488行 存在层级冲突
dev-iradimed.actonservice.com#Black_list_tmp.txt第73492行 与上级域名actonservice.com#Black_list_tmp.txt第16241行 存在层级冲突
dev-spamgourmet.actonservice.com#Black_list_tmp.txt第73504行 与上级域名actonservice.com#Black_list_tmp.txt第16241行 存在层级冲突
dev-tacticalma.actonservice.com#Black_list_tmp.txt第73505行 与上级域名actonservice.com#Black_list_tmp.txt第16241行 存在层级冲突
dev.branch.io#Black_list_tmp.txt第73510行 与上级域名branch.io#Black_list_tmp.txt第43978行 存在层级冲突
dev.cryptobara.com#Black_list_tmp.txt第73518行 与上级域名cryptobara.com#Black_list_tmp.txt第61164行 存在层级冲突
dev.dc.letv.com#Black_list_tmp.txt第73520行 与上级域名dc.letv.com#Black_list_tmp.txt第71648行 存在层级冲突
dev.tg.wan.360.cn#Black_list_tmp.txt第73578行 与上级域名360.cn#Black_list_tmp.txt第4252行 存在层级冲突
devs.data.mob.com#Black_list_tmp.txt第73689行 与上级域名data.mob.com#Black_list_tmp.txt第70052行 存在层级冲突
dex.advg.jp#Black_list_tmp.txt第73720行 与上级域名advg.jp#Black_list_tmp.txt第21648行 存在层级冲突
dextersolutions.actonservice.com#Black_list_tmp.txt第73732行 与上级域名actonservice.com#Black_list_tmp.txt第16241行 存在层级冲突
dff4adcb3a.65a16dd098.com#Black_list_tmp.txt第73828行 与上级域名65a16dd098.com#Black_list_tmp.txt第6659行 存在层级冲突
dfp.aa.sdo.com#Black_list_tmp.txt第73896行 与上级域名aa.sdo.com#Black_list_tmp.txt第14103行 存在层级冲突
dfstt5031.ayhnb.cn#Black_list_tmp.txt第73915行 与上级域名ayhnb.cn#Black_list_tmp.txt第35523行 存在层级冲突
diagnosis.ad.intl.xiaomi.com#Black_list_tmp.txt第74307行 与上级域名ad.intl.xiaomi.com#Black_list_tmp.txt第16811行 存在层级冲突
diagnosis.ad.xiaomi.com#Black_list_tmp.txt第74308行 与上级域名ad.xiaomi.com#Black_list_tmp.txt第17120行 存在层级冲突
digger.cryptobara.com#Black_list_tmp.txt第74677行 与上级域名cryptobara.com#Black_list_tmp.txt第61164行 存在层级冲突
dimensionfunding.actonservice.com#Black_list_tmp.txt第75005行 与上级域名actonservice.com#Black_list_tmp.txt第16241行 存在层级冲突
dincloud.actonservice.com#Black_list_tmp.txt第75052行 与上级域名actonservice.com#Black_list_tmp.txt第16241行 存在层级冲突
dincloudllc.actonservice.com#Black_list_tmp.txt第75053行 与上级域名actonservice.com#Black_list_tmp.txt第16241行 存在层级冲突
dingbu.bj.bcebos.com#Black_list_tmp.txt第75063行 与上级域名bj.bcebos.com#Black_list_tmp.txt第41261行 存在层级冲突
diningalliance.actonservice.com#Black_list_tmp.txt第75087行 与上级域名actonservice.com#Black_list_tmp.txt第16241行 存在层级冲突
dinsalgsvagt.adservinginternational.com#Black_list_tmp.txt第75106行 与上级域名adservinginternational.com#Black_list_tmp.txt第20773行 存在层级冲突
dis.criteo.com#Black_list_tmp.txt第75281行 与上级域名criteo.com#Black_list_tmp.txt第60821行 存在层级冲突
dis.us.criteo.com#Black_list_tmp.txt第75282行 与上级域名criteo.com#Black_list_tmp.txt第60821行 存在层级冲突
discover.conversantmedia.com#Black_list_tmp.txt第75382行 与上级域名conversantmedia.com#Black_list_tmp.txt第58584行 存在层级冲突
discoverorg.actonservice.com#Black_list_tmp.txt第75410行 与上级域名actonservice.com#Black_list_tmp.txt第16241行 存在层级冲突
display.ad.daum.net#Black_list_tmp.txt第75575行 与上级域名ad.daum.net#Black_list_tmp.txt第16669行 存在层级冲突
displaymaxmerchandising.actonservice.com#Black_list_tmp.txt第75599行 与上级域名actonservice.com#Black_list_tmp.txt第16241行 存在层级冲突
dl.2345.com#Black_list_tmp.txt第76134行 与上级域名2345.com#Black_list_tmp.txt第3220行 存在层级冲突
dl.9xu.com#Black_list_tmp.txt第76139行 与上级域名9xu.com#Black_list_tmp.txt第9419行 存在层级冲突
dmarkconsulting.actonservice.com#Black_list_tmp.txt第76490行 与上级域名actonservice.com#Black_list_tmp.txt第16241行 存在层级冲突
dmcc.actonservice.com#Black_list_tmp.txt第76512行 与上级域名actonservice.com#Black_list_tmp.txt第16241行 存在层级冲突
dmg.digitaltarget.ru#Black_list_tmp.txt第76539行 与上级域名digitaltarget.ru#Black_list_tmp.txt第74754行 存在层级冲突
dmp-api.aiclk.com#Black_list_tmp.txt第76587行 与上级域名aiclk.com#Black_list_tmp.txt第23786行 存在层级冲突
dmpclick.deliver.ifeng.com#Black_list_tmp.txt第76599行 与上级域名deliver.ifeng.com#Black_list_tmp.txt第72835行 存在层级冲突
doc.admobile.top#Black_list_tmp.txt第76920行 与上级域名admobile.top#Black_list_tmp.txt第18789行 存在层级冲突
doc.cnzz.com#Black_list_tmp.txt第76921行 与上级域名cnzz.com#Black_list_tmp.txt第55958行 存在层级冲突
dohmen.actonservice.com#Black_list_tmp.txt第77085行 与上级域名actonservice.com#Black_list_tmp.txt第16241行 存在层级冲突
dol.deliver.ifeng.com#Black_list_tmp.txt第77117行 与上级域名deliver.ifeng.com#Black_list_tmp.txt第72835行 存在层级冲突
dolphin.deliver.ifeng.com#Black_list_tmp.txt第77159行 与上级域名deliver.ifeng.com#Black_list_tmp.txt第72835行 存在层级冲突
dos-track.domob.cn#Black_list_tmp.txt第77453行 与上级域名domob.cn#Black_list_tmp.txt第77243行 存在层级冲突
dotvox.actonservice.com#Black_list_tmp.txt第77534行 与上级域名actonservice.com#Black_list_tmp.txt第16241行 存在层级冲突
down.360.cn#Black_list_tmp.txt第77648行 与上级域名360.cn#Black_list_tmp.txt第4252行 存在层级冲突
down.diannaodian.com#Black_list_tmp.txt第77655行 与上级域名diannaodian.com#Black_list_tmp.txt第74386行 存在层级冲突
download.2345.com#Black_list_tmp.txt第77705行 与上级域名2345.com#Black_list_tmp.txt第3220行 存在层级冲突
download.cnzz.com#Black_list_tmp.txt第77716行 与上级域名cnzz.com#Black_list_tmp.txt第55958行 存在层级冲突
download.coolguang.com#Black_list_tmp.txt第77719行 与上级域名coolguang.com#Black_list_tmp.txt第58867行 存在层级冲突
downtownit.actonservice.com#Black_list_tmp.txt第77818行 与上级域名actonservice.com#Black_list_tmp.txt第16241行 存在层级冲突
dpm.demdex.net#Black_list_tmp.txt第77924行 与上级域名demdex.net#Black_list_tmp.txt第72966行 存在层级冲突
dppublishinginc.actonservice.com#Black_list_tmp.txt第77939行 与上级域名actonservice.com#Black_list_tmp.txt第16241行 存在层级冲突
dqs.actonservice.com#Black_list_tmp.txt第78059行 与上级域名actonservice.com#Black_list_tmp.txt第16241行 存在层级冲突
driven.actonservice.com#Black_list_tmp.txt第78401行 与上级域名actonservice.com#Black_list_tmp.txt第16241行 存在层级冲突
dryvit.actonservice.com#Black_list_tmp.txt第78635行 与上级域名actonservice.com#Black_list_tmp.txt第16241行 存在层级冲突
ds-api-public.addthis.com.edgekey.net#Black_list_tmp.txt第78645行 与上级域名addthis.com.edgekey.net#Black_list_tmp.txt第17905行 存在层级冲突
ds-s7.addthis.com.edgekey.net#Black_list_tmp.txt第78651行 与上级域名addthis.com.edgekey.net#Black_list_tmp.txt第17905行 存在层级冲突
ds-www.addthis.com.edgekey.net#Black_list_tmp.txt第78652行 与上级域名addthis.com.edgekey.net#Black_list_tmp.txt第17905行 存在层级冲突
dsjsee.dqgpb.com#Black_list_tmp.txt第78876行 与上级域名dqgpb.com#Black_list_tmp.txt第78024行 存在层级冲突
dsp-cookie.adfarm1.adition.com#Black_list_tmp.txt第78972行 与上级域名adition.com#Black_list_tmp.txt第18389行 存在层级冲突
dsp.1rtb.com#Black_list_tmp.txt第78983行 与上级域名1rtb.com#Black_list_tmp.txt第2626行 存在层级冲突
dsp.adfarm1.adition.com#Black_list_tmp.txt第78985行 与上级域名adition.com#Black_list_tmp.txt第18389行 存在层级冲突
dsp.batmobil.net#Black_list_tmp.txt第78991行 与上级域名batmobil.net#Black_list_tmp.txt第37640行 存在层级冲突
dsp.branch.io#Black_list_tmp.txt第78992行 与上级域名branch.io#Black_list_tmp.txt第43978行 存在层级冲突
dspcm.brand.sogou.com#Black_list_tmp.txt第79024行 与上级域名brand.sogou.com#Black_list_tmp.txt第44058行 存在层级冲突
dspserver.ad.cmvideo.cn#Black_list_tmp.txt第79040行 与上级域名ad.cmvideo.cn#Black_list_tmp.txt第16656行 存在层级冲突
dt.adsafeprotected.com#Black_list_tmp.txt第79225行 与上级域名adsafeprotected.com#Black_list_tmp.txt第20535行 存在层级冲突
dup.baidustatic.com#Black_list_tmp.txt第79792行 与上级域名baidustatic.com#Black_list_tmp.txt第36672行 存在层级冲突
duprelogistics.actonservice.com#Black_list_tmp.txt第79812行 与上级域名actonservice.com#Black_list_tmp.txt第16241行 存在层级冲突
durst-group.actonservice.com#Black_list_tmp.txt第79857行 与上级域名actonservice.com#Black_list_tmp.txt第16241行 存在层级冲突
dvx-android.domob.cn#Black_list_tmp.txt第80054行 与上级域名domob.cn#Black_list_tmp.txt第77243行 存在层级冲突
e-eu.customeriomail.com#Black_list_tmp.txt第80761行 与上级域名customeriomail.com#Black_list_tmp.txt第62363行 存在层级冲突
e.0531mnk.net#Black_list_tmp.txt第80793行 与上级域名0531mnk.net#Black_list_tmp.txt第221行 存在层级冲突
e.28487.net#Black_list_tmp.txt第80805行 与上级域名28487.net#Black_list_tmp.txt第3499行 存在层级冲突
e.980he.cn#Black_list_tmp.txt第80840行 与上级域名980he.cn#Black_list_tmp.txt第9015行 存在层级冲突
e.acaog.com#Black_list_tmp.txt第80845行 与上级域名acaog.com#Black_list_tmp.txt第15454行 存在层级冲突
e.acaox.com#Black_list_tmp.txt第80846行 与上级域名acaox.com#Black_list_tmp.txt第15455行 存在层级冲突
e.ad.xiaomi.com#Black_list_tmp.txt第80847行 与上级域名ad.xiaomi.com#Black_list_tmp.txt第17120行 存在层级冲突
e.admin60.com#Black_list_tmp.txt第80849行 与上级域名admin60.com#Black_list_tmp.txt第18728行 存在层级冲突
e.ads.cn.miaozhen.com#Black_list_tmp.txt第80851行 与上级域名cn.miaozhen.com#Black_list_tmp.txt第55705行 存在层级冲突
e.anmeilai.net#Black_list_tmp.txt第80854行 与上级域名anmeilai.net#Black_list_tmp.txt第27579行 存在层级冲突
e.apxyz.com#Black_list_tmp.txt第80855行 与上级域名apxyz.com#Black_list_tmp.txt第31753行 存在层级冲突
e.bapkt.com#Black_list_tmp.txt第80860行 与上级域名bapkt.com#Black_list_tmp.txt第37328行 存在层级冲突
e.bbvjs.com#Black_list_tmp.txt第80861行 与上级域名bbvjs.com#Black_list_tmp.txt第37963行 存在层级冲突
e.bentengcn.com#Black_list_tmp.txt第80863行 与上级域名bentengcn.com#Black_list_tmp.txt第39297行 存在层级冲突
e.bokanedu.net#Black_list_tmp.txt第80866行 与上级域名bokanedu.net#Black_list_tmp.txt第42867行 存在层级冲突
e.bvoer.com#Black_list_tmp.txt第80868行 与上级域名bvoer.com#Black_list_tmp.txt第46151行 存在层级冲突
e.ccunf.com#Black_list_tmp.txt第80870行 与上级域名ccunf.com#Black_list_tmp.txt第50042行 存在层级冲突
e.cdfzcz.com#Black_list_tmp.txt第80871行 与上级域名cdfzcz.com#Black_list_tmp.txt第50143行 存在层级冲突
e.changyan.sohu.com#Black_list_tmp.txt第80873行 与上级域名changyan.sohu.com#Black_list_tmp.txt第51993行 存在层级冲突
e.chfuw.com#Black_list_tmp.txt第80875行 与上级域名chfuw.com#Black_list_tmp.txt第52466行 存在层级冲突
e.cjieh.com#Black_list_tmp.txt第80876行 与上级域名cjieh.com#Black_list_tmp.txt第53499行 存在层级冲突
e.ckikq.com#Black_list_tmp.txt第80877行 与上级域名ckikq.com#Black_list_tmp.txt第53619行 存在层级冲突
e.cn-3drp.com#Black_list_tmp.txt第80879行 与上级域名cn-3drp.com#Black_list_tmp.txt第55688行 存在层级冲突
e.cn.miaozhen.com#Black_list_tmp.txt第80880行 与上级域名cn.miaozhen.com#Black_list_tmp.txt第55705行 存在层级冲突
e.codlw.com#Black_list_tmp.txt第80881行 与上级域名codlw.com#Black_list_tmp.txt第56203行 存在层级冲突
e.coenr.com#Black_list_tmp.txt第80882行 与上级域名coenr.com#Black_list_tmp.txt第56222行 存在层级冲突
e.crashlytics.com#Black_list_tmp.txt第80883行 与上级域名crashlytics.com#Black_list_tmp.txt第60442行 存在层级冲突
e.customeriomail.com#Black_list_tmp.txt第80885行 与上级域名customeriomail.com#Black_list_tmp.txt第62363行 存在层级冲突
e.daishuxy.com#Black_list_tmp.txt第80888行 与上级域名daishuxy.com#Black_list_tmp.txt第65742行 存在层级冲突
e.diogv.com#Black_list_tmp.txt第80893行 与上级域名diogv.com#Black_list_tmp.txt第75119行 存在层级冲突
e.dnfeu.com#Black_list_tmp.txt第80895行 与上级域名dnfeu.com#Black_list_tmp.txt第76732行 存在层级冲突
e.domob.cn#Black_list_tmp.txt第80896行 与上级域名domob.cn#Black_list_tmp.txt第77243行 存在层级冲突
e.domob.com.cn#Black_list_tmp.txt第80897行 与上级域名domob.com.cn#Black_list_tmp.txt第77244行 存在层级冲突
e.dsjre.com#Black_list_tmp.txt第80898行 与上级域名dsjre.com#Black_list_tmp.txt第78875行 存在层级冲突
e.dxmci.com#Black_list_tmp.txt第80901行 与上级域名dxmci.com#Black_list_tmp.txt第80418行 存在层级冲突
e.hpg.cn.miaozhen.com#Black_list_tmp.txt第80960行 与上级域名cn.miaozhen.com#Black_list_tmp.txt第55705行 存在层级冲突
e.tf.360.cn#Black_list_tmp.txt第81112行 与上级域名360.cn#Black_list_tmp.txt第4252行 存在层级冲突
e00511574d.44a9364fea.com#Black_list_tmp.txt第81200行 与上级域名44a9364fea.com#Black_list_tmp.txt第5088行 存在层级冲突
e0848bb11f.999aae0fa7.com#Black_list_tmp.txt第81211行 与上级域名999aae0fa7.com#Black_list_tmp.txt第9087行 存在层级冲突
e1345286.api.splkmobile.com#Black_list_tmp.txt第81229行 与上级域名api.splkmobile.com#Black_list_tmp.txt第29649行 存在层级冲突
e153ef53b0.9f850daa38.com#Black_list_tmp.txt第81231行 与上级域名9f850daa38.com#Black_list_tmp.txt第9258行 存在层级冲突
e1fc0ab4de.0014b04291.com#Black_list_tmp.txt第81242行 与上级域名0014b04291.com#Black_list_tmp.txt第21行 存在层级冲突
e958262067.4dccfcf337.com#Black_list_tmp.txt第81453行 与上级域名4dccfcf337.com#Black_list_tmp.txt第5388行 存在层级冲突
e9d8d5a7cd.bd5166375c.com#Black_list_tmp.txt第81460行 与上级域名bd5166375c.com#Black_list_tmp.txt第38255行 存在层级冲突
ea56b2625c.c998f1483b.com#Black_list_tmp.txt第81583行 与上级域名c998f1483b.com#Black_list_tmp.txt第47338行 存在层级冲突
eagle.actonservice.com#Black_list_tmp.txt第81642行 与上级域名actonservice.com#Black_list_tmp.txt第16241行 存在层级冲突
eb.anastasiadate.com#Black_list_tmp.txt第81986行 与上级域名anastasiadate.com#Black_list_tmp.txt第27258行 存在层级冲突
eb2.3lift.com#Black_list_tmp.txt第81995行 与上级域名3lift.com#Black_list_tmp.txt第4697行 存在层级冲突
ebyrhh-gf.185118788368.cos.ap-o.freespace.top#Black_list_tmp.txt第82282行 与上级域名ap-o.freespace.top#Black_list_tmp.txt第28195行 存在层级冲突
econnect.actonservice.com#Black_list_tmp.txt第82471行 与上级域名actonservice.com#Black_list_tmp.txt第16241行 存在层级冲突
ed.aijielang.cn#Black_list_tmp.txt第82566行 与上级域名aijielang.cn#Black_list_tmp.txt第23857行 存在层级冲突
ed4online.actonservice.com#Black_list_tmp.txt第82606行 与上级域名actonservice.com#Black_list_tmp.txt第16241行 存在层级冲突
edge.api.flagsmith.com#Black_list_tmp.txt第82688行 与上级域名api.flagsmith.com#Black_list_tmp.txt第29009行 存在层级冲突
edge.bnmla.com#Black_list_tmp.txt第82699行 与上级域名bnmla.com#Black_list_tmp.txt第42543行 存在层级冲突
edriving.actonservice.com#Black_list_tmp.txt第82952行 与上级域名actonservice.com#Black_list_tmp.txt第16241行 存在层级冲突
edtrainingcenter.actonservice.com#Black_list_tmp.txt第82969行 与上级域名actonservice.com#Black_list_tmp.txt第16241行 存在层级冲突
education.data.cnzz.com#Black_list_tmp.txt第83002行 与上级域名cnzz.com#Black_list_tmp.txt第55958行 存在层级冲突
eeco-net.actonservice.com#Black_list_tmp.txt第83144行 与上级域名actonservice.com#Black_list_tmp.txt第16241行 存在层级冲突
efgam.actonservice.com#Black_list_tmp.txt第83456行 与上级域名actonservice.com#Black_list_tmp.txt第16241行 存在层级冲突
ei.cnzz.com#Black_list_tmp.txt第83830行 与上级域名cnzz.com#Black_list_tmp.txt第55958行 存在层级冲突
eland.doublemax.net#Black_list_tmp.txt第84212行 与上级域名doublemax.net#Black_list_tmp.txt第77558行 存在层级冲突
elastoproxy.actonservice.com#Black_list_tmp.txt第84227行 与上级域名actonservice.com#Black_list_tmp.txt第16241行 存在层级冲突
elconfidencialdigital.actonservice.com#Black_list_tmp.txt第84253行 与上级域名actonservice.com#Black_list_tmp.txt第16241行 存在层级冲突
electrifai.actonservice.com#Black_list_tmp.txt第84291行 与上级域名actonservice.com#Black_list_tmp.txt第16241行 存在层级冲突
elgas.actonservice.com#Black_list_tmp.txt第84370行 与上级域名actonservice.com#Black_list_tmp.txt第16241行 存在层级冲突
elogic-learning.actonservice.com#Black_list_tmp.txt第84482行 与上级域名actonservice.com#Black_list_tmp.txt第16241行 存在层级冲突
em.dynamicyield.com#Black_list_tmp.txt第84840行 与上级域名dynamicyield.com#Black_list_tmp.txt第80564行 存在层级冲突
email-activecampaign.branch.rocks#Black_list_tmp.txt第84856行 与上级域名branch.rocks#Black_list_tmp.txt第44001行 存在层级冲突
email-adobe.branch.rocks#Black_list_tmp.txt第84858行 与上级域名branch.rocks#Black_list_tmp.txt第44001行 存在层级冲突
email-appboy.branch.rocks#Black_list_tmp.txt第84926行 与上级域名branch.rocks#Black_list_tmp.txt第44001行 存在层级冲突
email-betaout.branch.rocks#Black_list_tmp.txt第84927行 与上级域名branch.rocks#Black_list_tmp.txt第44001行 存在层级冲突
email-bronto-stage.branch.rocks#Black_list_tmp.txt第84928行 与上级域名branch.rocks#Black_list_tmp.txt第44001行 存在层级冲突
email-bronto.branch.rocks#Black_list_tmp.txt第84929行 与上级域名branch.rocks#Black_list_tmp.txt第44001行 存在层级冲突
email-bss-new.branch.rocks#Black_list_tmp.txt第84930行 与上级域名branch.rocks#Black_list_tmp.txt第44001行 存在层级冲突
email-campmon.branch.rocks#Black_list_tmp.txt第84931行 与上级域名branch.rocks#Black_list_tmp.txt第44001行 存在层级冲突
email-cheetahmail.branch.rocks#Black_list_tmp.txt第84932行 与上级域名branch.rocks#Black_list_tmp.txt第44001行 存在层级冲突
email-cm.branch.rocks#Black_list_tmp.txt第84935行 与上级域名branch.rocks#Black_list_tmp.txt第44001行 存在层级冲突
email-cordial.branch.rocks#Black_list_tmp.txt第84970行 与上级域名branch.rocks#Black_list_tmp.txt第44001行 存在层级冲突
email-eloqua.branch.rocks#Black_list_tmp.txt第84971行 与上级域名branch.rocks#Black_list_tmp.txt第44001行 存在层级冲突
email-emarsys.branch.rocks#Black_list_tmp.txt第85002行 与上级域名branch.rocks#Black_list_tmp.txt第44001行 存在层级冲突
email-epsilon.branch.rocks#Black_list_tmp.txt第85004行 与上级域名branch.rocks#Black_list_tmp.txt第44001行 存在层级冲突
email-full-sailthru.branch.rocks#Black_list_tmp.txt第85005行 与上级域名branch.rocks#Black_list_tmp.txt第44001行 存在层级冲突
email-hubspot.branch.rocks#Black_list_tmp.txt第85008行 与上级域名branch.rocks#Black_list_tmp.txt第44001行 存在层级冲突
email-icubespro.branch.rocks#Black_list_tmp.txt第85009行 与上级域名branch.rocks#Black_list_tmp.txt第44001行 存在层级冲突
email-insider.branch.rocks#Black_list_tmp.txt第85010行 与上级域名branch.rocks#Black_list_tmp.txt第44001行 存在层级冲突
email-iterable.branch.rocks#Black_list_tmp.txt第85011行 与上级域名branch.rocks#Black_list_tmp.txt第44001行 存在层级冲突
email-klaviyo.branch.rocks#Black_list_tmp.txt第85012行 与上级域名branch.rocks#Black_list_tmp.txt第44001行 存在层级冲突
email-listrak.branch.rocks#Black_list_tmp.txt第85019行 与上级域名branch.rocks#Black_list_tmp.txt第44001行 存在层级冲突
email-mailjet.branch.rocks#Black_list_tmp.txt第85020行 与上级域名branch.rocks#Black_list_tmp.txt第44001行 存在层级冲突
email-mailup.branch.rocks#Black_list_tmp.txt第85021行 与上级域名branch.rocks#Black_list_tmp.txt第44001行 存在层级冲突
email-mandrill.branch.rocks#Black_list_tmp.txt第85022行 与上级域名branch.rocks#Black_list_tmp.txt第44001行 存在层级冲突
email-marketo.branch.rocks#Black_list_tmp.txt第85024行 与上级域名branch.rocks#Black_list_tmp.txt第44001行 存在层级冲突
email-messagegears.branch.rocks#Black_list_tmp.txt第85026行 与上级域名branch.rocks#Black_list_tmp.txt第44001行 存在层级冲突
email-moengage.branch.rocks#Black_list_tmp.txt第85027行 与上级域名branch.rocks#Black_list_tmp.txt第44001行 存在层级冲突
email-rapidmail.branch.rocks#Black_list_tmp.txt第85031行 与上级域名branch.rocks#Black_list_tmp.txt第44001行 存在层级冲突
email-sailthru.branch.io#Black_list_tmp.txt第85033行 与上级域名branch.io#Black_list_tmp.txt第43978行 存在层级冲突
email-selligent.branch.rocks#Black_list_tmp.txt第85034行 与上级域名branch.rocks#Black_list_tmp.txt第44001行 存在层级冲突
email-sender.branch.rocks#Black_list_tmp.txt第85035行 与上级域名branch.rocks#Black_list_tmp.txt第44001行 存在层级冲突
email-sendgrid.branch.rocks#Black_list_tmp.txt第85036行 与上级域名branch.rocks#Black_list_tmp.txt第44001行 存在层级冲突
email-simple-sailthru.branch.rocks#Black_list_tmp.txt第85037行 与上级域名branch.rocks#Black_list_tmp.txt第44001行 存在层级冲突
email-smartech.branch.rocks#Black_list_tmp.txt第85038行 与上级域名branch.rocks#Black_list_tmp.txt第44001行 存在层级冲突
email-sp.branch.rocks#Black_list_tmp.txt第85039行 与上级域名branch.rocks#Black_list_tmp.txt第44001行 存在层级冲突
email-vero.branch.rocks#Black_list_tmp.txt第85045行 与上级域名branch.rocks#Black_list_tmp.txt第44001行 存在层级冲突
email-yesmail.branch.rocks#Black_list_tmp.txt第85046行 与上级域名branch.rocks#Black_list_tmp.txt第44001行 存在层级冲突
email.appsflyer.com#Black_list_tmp.txt第85058行 与上级域名appsflyer.com#Black_list_tmp.txt第31587行 存在层级冲突
email.customerio.branch.rocks#Black_list_tmp.txt第85074行 与上级域名branch.rocks#Black_list_tmp.txt第44001行 存在层级冲突
email.email-cusomerio.branch.rocks#Black_list_tmp.txt第85085行 与上级域名branch.rocks#Black_list_tmp.txt第44001行 存在层级冲突
emisgroupplc.actonservice.com#Black_list_tmp.txt第85421行 与上级域名actonservice.com#Black_list_tmp.txt第16241行 存在层级冲突
emisja.contentstream.pl#Black_list_tmp.txt第85422行 与上级域名contentstream.pl#Black_list_tmp.txt第58428行 存在层级冲突
emoticon.cnzz.com#Black_list_tmp.txt第85472行 与上级域名cnzz.com#Black_list_tmp.txt第55958行 存在层级冲突
emplicity.actonservice.com#Black_list_tmp.txt第85508行 与上级域名actonservice.com#Black_list_tmp.txt第16241行 存在层级冲突
enablis.actonservice.com#Black_list_tmp.txt第85641行 与上级域名actonservice.com#Black_list_tmp.txt第16241行 存在层级冲突
enchantedrock.actonservice.com#Black_list_tmp.txt第85681行 与上级域名actonservice.com#Black_list_tmp.txt第16241行 存在层级冲突
endeavorbusinessmedia.actonservice.com#Black_list_tmp.txt第85744行 与上级域名actonservice.com#Black_list_tmp.txt第16241行 存在层级冲突
enduser.adsrvr.org#Black_list_tmp.txt第85803行 与上级域名adsrvr.org#Black_list_tmp.txt第21035行 存在层级冲突
engine.data.cnzz.com#Black_list_tmp.txt第86047行 与上级域名cnzz.com#Black_list_tmp.txt第55958行 存在层级冲突
enterprisehive.actonservice.com#Black_list_tmp.txt第86357行 与上级域名actonservice.com#Black_list_tmp.txt第16241行 存在层级冲突
ep1.adtrafficquality.google#Black_list_tmp.txt第86644行 与上级域名adtrafficquality.google#Black_list_tmp.txt第21352行 存在层级冲突
epai.cn.miaozhen.com#Black_list_tmp.txt第86652行 与上级域名cn.miaozhen.com#Black_list_tmp.txt第55705行 存在层级冲突
epcvip.actonservice.com#Black_list_tmp.txt第86672行 与上级域名actonservice.com#Black_list_tmp.txt第16241行 存在层级冲突
equippo.actonservice.com#Black_list_tmp.txt第86961行 与上级域名actonservice.com#Black_list_tmp.txt第16241行 存在层级冲突
er.dlhygj.com#Black_list_tmp.txt第86995行 与上级域名dlhygj.com#Black_list_tmp.txt第76279行 存在层级冲突
erepublic.actonservice.com#Black_list_tmp.txt第87078行 与上级域名actonservice.com#Black_list_tmp.txt第16241行 存在层级冲突
es.adpinfo.com#Black_list_tmp.txt第87347行 与上级域名adpinfo.com#Black_list_tmp.txt第19167行 存在层级冲突
eschsupply.actonservice.com#Black_list_tmp.txt第87395行 与上级域名actonservice.com#Black_list_tmp.txt第16241行 存在层级冲突
esri.nl.actonservice.com#Black_list_tmp.txt第87534行 与上级域名actonservice.com#Black_list_tmp.txt第16241行 存在层级冲突
etsy.bttn.io#Black_list_tmp.txt第87979行 与上级域名bttn.io#Black_list_tmp.txt第45165行 存在层级冲突
eu.cfcdist.loan#Black_list_tmp.txt第88046行 与上级域名cfcdist.loan#Black_list_tmp.txt第51548行 存在层级冲突
eulerian.astro-way.com#Black_list_tmp.txt第88165行 与上级域名astro-way.com#Black_list_tmp.txt第33410行 存在层级冲突
event.api.instant.one#Black_list_tmp.txt第88461行 与上级域名api.instant.one#Black_list_tmp.txt第29146行 存在层级冲突
event.collector.scopely.io#Black_list_tmp.txt第88469行 与上级域名collector.scopely.io#Black_list_tmp.txt第56797行 存在层级冲突
eventlog.beacon.qq.com#Black_list_tmp.txt第88568行 与上级域名beacon.qq.com#Black_list_tmp.txt第38554行 存在层级冲突
events.adjust.com#Black_list_tmp.txt第88631行 与上级域名adjust.com#Black_list_tmp.txt第18430行 存在层级冲突
events.antenna.is#Black_list_tmp.txt第88640行 与上级域名antenna.is#Black_list_tmp.txt第27797行 存在层级冲突
events.appsflyer.com#Black_list_tmp.txt第88646行 与上级域名appsflyer.com#Black_list_tmp.txt第31587行 存在层级冲突
events3alt.adcolony.com#Black_list_tmp.txt第88907行 与上级域名adcolony.com#Black_list_tmp.txt第17753行 存在层级冲突
evergage1.actonservice.com#Black_list_tmp.txt第88944行 与上级域名actonservice.com#Black_list_tmp.txt第16241行 存在层级冲突
eversource.actonservice.com#Black_list_tmp.txt第88953行 与上级域名actonservice.com#Black_list_tmp.txt第16241行 存在层级冲突
evolent.actonservice.com#Black_list_tmp.txt第89042行 与上级域名actonservice.com#Black_list_tmp.txt第16241行 存在层级冲突
evolutionmarketing.actonservice.com#Black_list_tmp.txt第89047行 与上级域名actonservice.com#Black_list_tmp.txt第16241行 存在层级冲突
ew1.reg.bigdata.ssp.samsung.com#Black_list_tmp.txt第89118行 与上级域名bigdata.ssp.samsung.com#Black_list_tmp.txt第40676行 存在层级冲突
exchange.ipdx.cn.miaozhen.com#Black_list_tmp.txt第89369行 与上级域名cn.miaozhen.com#Black_list_tmp.txt第55705行 存在层级冲突
execreps.actonsoftware.com#Black_list_tmp.txt第89441行 与上级域名actonsoftware.com#Black_list_tmp.txt第16242行 存在层级冲突
experience.contextly.com#Black_list_tmp.txt第89670行 与上级域名contextly.com#Black_list_tmp.txt第58444行 存在层级冲突
experts.actonservice.com#Black_list_tmp.txt第89704行 与上级域名actonservice.com#Black_list_tmp.txt第16241行 存在层级冲突
expertsender.branch.rocks#Black_list_tmp.txt第89706行 与上级域名branch.rocks#Black_list_tmp.txt第44001行 存在层级冲突
explore.epsilon.com#Black_list_tmp.txt第89734行 与上级域名epsilon.com#Black_list_tmp.txt第86816行 存在层级冲突
exquisite.shouji.360.cn#Black_list_tmp.txt第89805行 与上级域名360.cn#Black_list_tmp.txt第4252行 存在层级冲突
extendyourreach.actonservice.com#Black_list_tmp.txt第89835行 与上级域名actonservice.com#Black_list_tmp.txt第16241行 存在层级冲突
f.aty.sohu.com#Black_list_tmp.txt第90269行 与上级域名aty.sohu.com#Black_list_tmp.txt第34072行 存在层级冲突
f1.bizhiku.net#Black_list_tmp.txt第90323行 与上级域名bizhiku.net#Black_list_tmp.txt第41227行 存在层级冲突
f2733405ec.b29b70e3ca.com#Black_list_tmp.txt第90385行 与上级域名b29b70e3ca.com#Black_list_tmp.txt第36087行 存在层级冲突
f5.dfcwg.com#Black_list_tmp.txt第90455行 与上级域名dfcwg.com#Black_list_tmp.txt第73800行 存在层级冲突
facai103.asefc.cn#Black_list_tmp.txt第90610行 与上级域名asefc.cn#Black_list_tmp.txt第32742行 存在层级冲突
facetwealth.actonservice.com#Black_list_tmp.txt第90658行 与上级域名actonservice.com#Black_list_tmp.txt第16241行 存在层级冲突
farahatco.actonservice.com#Black_list_tmp.txt第91159行 与上级域名actonservice.com#Black_list_tmp.txt第16241行 存在层级冲突
fast-cdn.dianjoy.com#Black_list_tmp.txt第91272行 与上级域名dianjoy.com#Black_list_tmp.txt第74385行 存在层级冲突
fast.a.klaviyo.com#Black_list_tmp.txt第91278行 与上级域名a.klaviyo.com#Black_list_tmp.txt第9747行 存在层级冲突
fastly.bench.cedexis.com#Black_list_tmp.txt第91389行 与上级域名cedexis.com#Black_list_tmp.txt第51109行 存在层级冲突
fbb6192a96.ec26bf2191.com#Black_list_tmp.txt第91607行 与上级域名ec26bf2191.com#Black_list_tmp.txt第82308行 存在层级冲突
fdbs.actonservice.com#Black_list_tmp.txt第91954行 与上级域名actonservice.com#Black_list_tmp.txt第16241行 存在层级冲突
fdiinc.actonservice.com#Black_list_tmp.txt第91983行 与上级域名actonservice.com#Black_list_tmp.txt第16241行 存在层级冲突
fedsched.actonservice.com#Black_list_tmp.txt第92183行 与上级域名actonservice.com#Black_list_tmp.txt第16241行 存在层级冲突
fen.dkdlsj.com#Black_list_tmp.txt第92431行 与上级域名dkdlsj.com#Black_list_tmp.txt第76018行 存在层级冲突
fenrir-resolver.aprod.scopely.io#Black_list_tmp.txt第92463行 与上级域名aprod.scopely.io#Black_list_tmp.txt第31668行 存在层级冲突
festo.actonservice.com#Black_list_tmp.txt第92588行 与上级域名actonservice.com#Black_list_tmp.txt第16241行 存在层级冲突
ff.doubleclick.net#Black_list_tmp.txt第92691行 与上级域名doubleclick.net#Black_list_tmp.txt第77549行 存在层级冲突
ff1c0cc5.api.splkmobile.com#Black_list_tmp.txt第92719行 与上级域名api.splkmobile.com#Black_list_tmp.txt第29649行 存在层级冲突
ffr.actonservice.com#Black_list_tmp.txt第92811行 与上级域名actonservice.com#Black_list_tmp.txt第16241行 存在层级冲突
fiduciaryfirst.actonservice.com#Black_list_tmp.txt第93163行 与上级域名actonservice.com#Black_list_tmp.txt第16241行 存在层级冲突
filbrandtco.actonservice.com#Black_list_tmp.txt第93256行 与上级域名actonservice.com#Black_list_tmp.txt第16241行 存在层级冲突
filemobile.actonservice.com#Black_list_tmp.txt第93287行 与上级域名actonservice.com#Black_list_tmp.txt第16241行 存在层级冲突
filter.adventurefeeds.com#Black_list_tmp.txt第93475行 与上级域名adventurefeeds.com#Black_list_tmp.txt第21578行 存在层级冲突
filter.afront.io#Black_list_tmp.txt第93482行 与上级域名afront.io#Black_list_tmp.txt第23024行 存在层级冲突
findyourinfluence.actonservice.com#Black_list_tmp.txt第93730行 与上级域名actonservice.com#Black_list_tmp.txt第16241行 存在层级冲突
firebase-settings.crashlytics.com#Black_list_tmp.txt第93929行 与上级域名crashlytics.com#Black_list_tmp.txt第60442行 存在层级冲突
firstpac.actonservice.com#Black_list_tmp.txt第94058行 与上级域名actonservice.com#Black_list_tmp.txt第16241行 存在层级冲突
fl.adpxl.co#Black_list_tmp.txt第94447行 与上级域名adpxl.co#Black_list_tmp.txt第19243行 存在层级冲突
fl01.ct2.comclick.com#Black_list_tmp.txt第94454行 与上级域名comclick.com#Black_list_tmp.txt第56987行 存在层级冲突
flexibleplan.actonservice.com#Black_list_tmp.txt第94694行 与上级域名actonservice.com#Black_list_tmp.txt第16241行 存在层级冲突
flipt.actonservice.com#Black_list_tmp.txt第94766行 与上级域名actonservice.com#Black_list_tmp.txt第16241行 存在层级冲突
floorforce.actonservice.com#Black_list_tmp.txt第94857行 与上级域名actonservice.com#Black_list_tmp.txt第16241行 存在层级冲突
flotech.actonservice.com#Black_list_tmp.txt第94873行 与上级域名actonservice.com#Black_list_tmp.txt第16241行 存在层级冲突
fls-eu.amazon-adsystem.com#Black_list_tmp.txt第94959行 与上级域名amazon-adsystem.com#Black_list_tmp.txt第25848行 存在层级冲突
fls-fe.amazon-adsystem.com#Black_list_tmp.txt第94960行 与上级域名amazon-adsystem.com#Black_list_tmp.txt第25848行 存在层级冲突
fls-na.amazon-adsystem.com#Black_list_tmp.txt第94961行 与上级域名amazon-adsystem.com#Black_list_tmp.txt第25848行 存在层级冲突
fls.doubleclick.net#Black_list_tmp.txt第94963行 与上级域名doubleclick.net#Black_list_tmp.txt第77549行 存在层级冲突
fluentco.actonservice.com#Black_list_tmp.txt第94989行 与上级域名actonservice.com#Black_list_tmp.txt第16241行 存在层级冲突
flv.dotmore.com.tw#Black_list_tmp.txt第95080行 与上级域名dotmore.com.tw#Black_list_tmp.txt第77514行 存在层级冲突
fmbankva.actonservice.com#Black_list_tmp.txt第95157行 与上级域名actonservice.com#Black_list_tmp.txt第16241行 存在层级冲突
fmg.aty.sohu.com#Black_list_tmp.txt第95174行 与上级域名aty.sohu.com#Black_list_tmp.txt第34072行 存在层级冲突
forbidden.actonservice.com#Black_list_tmp.txt第95708行 与上级域名actonservice.com#Black_list_tmp.txt第16241行 存在层级冲突
forbin.actonservice.com#Black_list_tmp.txt第95710行 与上级域名actonservice.com#Black_list_tmp.txt第16241行 存在层级冲突
fota4.adups.cn#Black_list_tmp.txt第96110行 与上级域名adups.cn#Black_list_tmp.txt第21433行 存在层级冲突
foxt.actonservice.com#Black_list_tmp.txt第96220行 与上级域名actonservice.com#Black_list_tmp.txt第16241行 存在层级冲突
fp-it.fengkongcloud.com#Black_list_tmp.txt第96237行 与上级域名fengkongcloud.com#Black_list_tmp.txt第92450行 存在层级冲突
fp3.ads.stickyadstv.com.akadns.net#Black_list_tmp.txt第96291行 与上级域名ads.stickyadstv.com.akadns.net#Black_list_tmp.txt第20219行 存在层级冲突
fpbbdx1.51240.com#Black_list_tmp.txt第96329行 与上级域名51240.com#Black_list_tmp.txt第5683行 存在层级冲突
fpbbdx1.bmcx.com#Black_list_tmp.txt第96330行 与上级域名bmcx.com#Black_list_tmp.txt第42321行 存在层级冲突
fpbbdx2.bmcx.com#Black_list_tmp.txt第96331行 与上级域名bmcx.com#Black_list_tmp.txt第42321行 存在层级冲突
fr.adpinfo.com#Black_list_tmp.txt第96628行 与上级域名adpinfo.com#Black_list_tmp.txt第19167行 存在层级冲突
fra1.ib.adnxs.com#Black_list_tmp.txt第96650行 与上级域名adnxs.com#Black_list_tmp.txt第18901行 存在层级冲突
franklin-edu.actonservice.com#Black_list_tmp.txt第96727行 与上级域名actonservice.com#Black_list_tmp.txt第16241行 存在层级冲突
franklin.edu.actonservice.com#Black_list_tmp.txt第96728行 与上级域名actonservice.com#Black_list_tmp.txt第16241行 存在层级冲突
frankwatching.actonservice.com#Black_list_tmp.txt第96737行 与上级域名actonservice.com#Black_list_tmp.txt第16241行 存在层级冲突
franoppnetwork.actonservice.com#Black_list_tmp.txt第96738行 与上级域名actonservice.com#Black_list_tmp.txt第16241行 存在层级冲突
frenchgerleman.actonservice.com#Black_list_tmp.txt第97043行 与上级域名actonservice.com#Black_list_tmp.txt第16241行 存在层级冲突
fridaymarketing.actonservice.com#Black_list_tmp.txt第97143行 与上级域名actonservice.com#Black_list_tmp.txt第16241行 存在层级冲突
frontend-perf-service.e.kuaishou.com#Black_list_tmp.txt第97295行 与上级域名e.kuaishou.com#Black_list_tmp.txt第81008行 存在层级冲突
frontiermetal.actonservice.com#Black_list_tmp.txt第97305行 与上级域名actonservice.com#Black_list_tmp.txt第16241行 存在层级冲突
fsresidential.actonservice.com#Black_list_tmp.txt第97539行 与上级域名actonservice.com#Black_list_tmp.txt第16241行 存在层级冲突
ftfnews.actonservice.com#Black_list_tmp.txt第97628行 与上级域名actonservice.com#Black_list_tmp.txt第16241行 存在层级冲突
fttiw.bvcmsw.cn#Black_list_tmp.txt第97704行 与上级域名bvcmsw.cn#Black_list_tmp.txt第46113行 存在层级冲突
fun.360.cn#Black_list_tmp.txt第97940行 与上级域名360.cn#Black_list_tmp.txt第4252行 存在层级冲突
funnelbox.actonservice.com#Black_list_tmp.txt第97999行 与上级域名actonservice.com#Black_list_tmp.txt第16241行 存在层级冲突
funshion-mipdx.cn.miaozhen.com#Black_list_tmp.txt第98028行 与上级域名cn.miaozhen.com#Black_list_tmp.txt第55705行 存在层级冲突
fuss10.elemecdn.com#Black_list_tmp.txt第98140行 与上级域名elemecdn.com#Black_list_tmp.txt第84331行 存在层级冲突
futurebrand.actonservice.com#Black_list_tmp.txt第98172行 与上级域名actonservice.com#Black_list_tmp.txt第16241行 存在层级冲突
fvalid.appsflyer.com#Black_list_tmp.txt第98244行 与上级域名appsflyer.com#Black_list_tmp.txt第31587行 存在层级冲突
fvalid.appsflyersdk.com#Black_list_tmp.txt第98245行 与上级域名appsflyersdk.com#Black_list_tmp.txt第31588行 存在层级冲突
fw.adsafeprotected.com#Black_list_tmp.txt第98336行 与上级域名adsafeprotected.com#Black_list_tmp.txt第20535行 存在层级冲突
fwtracks.freshmarketer.com#Black_list_tmp.txt第98404行 与上级域名freshmarketer.com#Black_list_tmp.txt第97084行 存在层级冲突
g-adnet.dutils.com#Black_list_tmp.txt第98761行 与上级域名dutils.com#Black_list_tmp.txt第79899行 存在层级冲突
g.51network.com#Black_list_tmp.txt第98773行 与上级域名51network.com#Black_list_tmp.txt第5746行 存在层级冲突
g.ad8.cc#Black_list_tmp.txt第98775行 与上级域名ad8.cc#Black_list_tmp.txt第17302行 存在层级冲突
g.ads.cn.miaozhen.com#Black_list_tmp.txt第98776行 与上级域名cn.miaozhen.com#Black_list_tmp.txt第55705行 存在层级冲突
g.cn.miaozhen.com#Black_list_tmp.txt第98799行 与上级域名cn.miaozhen.com#Black_list_tmp.txt第55705行 存在层级冲突
g.d.yoyi.tv#Black_list_tmp.txt第98803行 与上级域名d.yoyi.tv#Black_list_tmp.txt第63758行 存在层级冲突
g.doubleclick.com#Black_list_tmp.txt第98813行 与上级域名doubleclick.com#Black_list_tmp.txt第77547行 存在层级冲突
g.doubleclick.net#Black_list_tmp.txt第98814行 与上级域名doubleclick.net#Black_list_tmp.txt第77549行 存在层级冲突
g.dtv.cn.miaozhen.com#Black_list_tmp.txt第98815行 与上级域名cn.miaozhen.com#Black_list_tmp.txt第55705行 存在层级冲突
g.f11w.com#Black_list_tmp.txt第98820行 与上级域名f11w.com#Black_list_tmp.txt第90347行 存在层级冲突
g.fancyapi.com#Black_list_tmp.txt第98822行 与上级域名fancyapi.com#Black_list_tmp.txt第91031行 存在层级冲突
g.wan.2345.com#Black_list_tmp.txt第98928行 与上级域名2345.com#Black_list_tmp.txt第3220行 存在层级冲突
galaxy.bjcathay.com#Black_list_tmp.txt第99372行 与上级域名bjcathay.com#Black_list_tmp.txt第41287行 存在层级冲突
game-motivatead.aiclk.com#Black_list_tmp.txt第99453行 与上级域名aiclk.com#Black_list_tmp.txt第23786行 存在层级冲突
game.e.kuaishou.com#Black_list_tmp.txt第99461行 与上级域名e.kuaishou.com#Black_list_tmp.txt第81008行 存在层级冲突
game.fire2333.com#Black_list_tmp.txt第99463行 与上级域名fire2333.com#Black_list_tmp.txt第93922行 存在层级冲突
gamebox.360.cn#Black_list_tmp.txt第99490行 与上级域名360.cn#Black_list_tmp.txt第4252行 存在层级冲突
gameplanfinancial.actonservice.com#Black_list_tmp.txt第99510行 与上级域名actonservice.com#Black_list_tmp.txt第16241行 存在层级冲突
ganymed.beeppool.org#Black_list_tmp.txt第99619行 与上级域名beeppool.org#Black_list_tmp.txt第38874行 存在层级冲突
gatan.actonservice.com#Black_list_tmp.txt第99847行 与上级域名actonservice.com#Black_list_tmp.txt第16241行 存在层级冲突
gateway.foresee.com#Black_list_tmp.txt第99889行 与上级域名foresee.com#Black_list_tmp.txt第95763行 存在层级冲突
gay.everydayporn.co#Black_list_tmp.txt第100016行 与上级域名everydayporn.co#Black_list_tmp.txt第88958行 存在层级冲突
gcdn.2mdn.net#Black_list_tmp.txt第100219行 与上级域名2mdn.net#Black_list_tmp.txt第3781行 存在层级冲突
gcdsdk.appsflyer.com#Black_list_tmp.txt第100220行 与上级域名appsflyer.com#Black_list_tmp.txt第31587行 存在层级冲突
gcdsdk.appsflyersdk.com#Black_list_tmp.txt第100221行 与上级域名appsflyersdk.com#Black_list_tmp.txt第31588行 存在层级冲突
gdsns1.cnzz.com#Black_list_tmp.txt第100508行 与上级域名cnzz.com#Black_list_tmp.txt第55958行 存在层级冲突
gdsns2.cnzz.com#Black_list_tmp.txt第100509行 与上级域名cnzz.com#Black_list_tmp.txt第55958行 存在层级冲突
gdt-cm.cn.miaozhen.com#Black_list_tmp.txt第100513行 与上级域名cn.miaozhen.com#Black_list_tmp.txt第55705行 存在层级冲突
geo.ertya.com#Black_list_tmp.txt第100875行 与上级域名ertya.com#Black_list_tmp.txt第87293行 存在层级冲突
geo.frtya.com#Black_list_tmp.txt第100876行 与上级域名frtya.com#Black_list_tmp.txt第97379行 存在层级冲突
geo.frtyd.com#Black_list_tmp.txt第100877行 与上级域名frtyd.com#Black_list_tmp.txt第97381行 存在层级冲突
geobanner.adultfriendfinder.com#Black_list_tmp.txt第100908行 与上级域名adultfriendfinder.com#Black_list_tmp.txt第21404行 存在层级冲突
geobanner.friendfinder.com#Black_list_tmp.txt第100911行 与上级域名friendfinder.com#Black_list_tmp.txt第97152行 存在层级冲突
geonetric.actonservice.com#Black_list_tmp.txt第100992行 与上级域名actonservice.com#Black_list_tmp.txt第16241行 存在层级冲突
geyan.getui.com#Black_list_tmp.txt第101547行 与上级域名getui.com#Black_list_tmp.txt第101495行 存在层级冲突
gezhen-api.getui.com#Black_list_tmp.txt第101556行 与上级域名getui.com#Black_list_tmp.txt第101495行 存在层级冲突
gg.dsxdn.com#Black_list_tmp.txt第101688行 与上级域名dsxdn.com#Black_list_tmp.txt第79170行 存在层级冲突
gg88.bj.bcebos.com#Black_list_tmp.txt第101729行 与上级域名bj.bcebos.com#Black_list_tmp.txt第41261行 存在层级冲突
ggcode.2345.com#Black_list_tmp.txt第101759行 与上级域名2345.com#Black_list_tmp.txt第3220行 存在层级冲突
ggeu.ditiehunlian.com#Black_list_tmp.txt第101774行 与上级域名ditiehunlian.com#Black_list_tmp.txt第75748行 存在层级冲突
gi.gepush.com#Black_list_tmp.txt第102118行 与上级域名gepush.com#Black_list_tmp.txt第101027行 存在层级冲突
gi.getui.net#Black_list_tmp.txt第102119行 与上级域名getui.net#Black_list_tmp.txt第101497行 存在层级冲突
gj.applog.uc.cn#Black_list_tmp.txt第102524行 与上级域名applog.uc.cn#Black_list_tmp.txt第31446行 存在层级冲突
gload.adhood.com#Black_list_tmp.txt第103044行 与上级域名adhood.com#Black_list_tmp.txt第18262行 存在层级冲突
global-guardians.actonservice.com#Black_list_tmp.txt第103057行 与上级域名actonservice.com#Black_list_tmp.txt第16241行 存在层级冲突
global.adserver.yahoo.com#Black_list_tmp.txt第103067行 与上级域名adserver.yahoo.com#Black_list_tmp.txt第20727行 存在层级冲突
globalapi.ad.xiaomi.com#Black_list_tmp.txt第103086行 与上级域名ad.xiaomi.com#Black_list_tmp.txt第17120行 存在层级冲突
globallearningsystems.actonservice.com#Black_list_tmp.txt第103098行 与上级域名actonservice.com#Black_list_tmp.txt第16241行 存在层级冲突
globalmed.actonservice.com#Black_list_tmp.txt第103099行 与上级域名actonservice.com#Black_list_tmp.txt第16241行 存在层级冲突
gmnameplate.actonservice.com#Black_list_tmp.txt第103416行 与上级域名actonservice.com#Black_list_tmp.txt第16241行 存在层级冲突
go.appsflyer.com#Black_list_tmp.txt第103733行 与上级域名appsflyer.com#Black_list_tmp.txt第31587行 存在层级冲突
go.bestmobiworld.com#Black_list_tmp.txt第103760行 与上级域名bestmobiworld.com#Black_list_tmp.txt第39606行 存在层级冲突
go.bloxplay.com#Black_list_tmp.txt第103781行 与上级域名bloxplay.com#Black_list_tmp.txt第42045行 存在层级冲突
go.cnzz.com#Black_list_tmp.txt第103841行 与上级域名cnzz.com#Black_list_tmp.txt第55958行 存在层级冲突
go.delmovip.com#Black_list_tmp.txt第103874行 与上级域名delmovip.com#Black_list_tmp.txt第72899行 存在层级冲突
go.ezoic.net#Black_list_tmp.txt第103945行 与上级域名ezoic.net#Black_list_tmp.txt第90189行 存在层级冲突
go.getone.today#Black_list_tmp.txt第103993行 与上级域名getone.today#Black_list_tmp.txt第101419行 存在层级冲突
goaccredited.actonservice.com#Black_list_tmp.txt第104594行 与上级域名actonservice.com#Black_list_tmp.txt第16241行 存在层级冲突
gogofunding.actonservice.com#Black_list_tmp.txt第104781行 与上级域名actonservice.com#Black_list_tmp.txt第16241行 存在层级冲突
gogovapps.actonservice.com#Black_list_tmp.txt第104788行 与上级域名actonservice.com#Black_list_tmp.txt第16241行 存在层级冲突
goldencomm.actonservice.com#Black_list_tmp.txt第104873行 与上级域名actonservice.com#Black_list_tmp.txt第16241行 存在层级冲突
goldenhelix.actonservice.com#Black_list_tmp.txt第104874行 与上级域名actonservice.com#Black_list_tmp.txt第16241行 存在层级冲突
goldenpaints.actonservice.com#Black_list_tmp.txt第104875行 与上级域名actonservice.com#Black_list_tmp.txt第16241行 存在层级冲突
googleads.g.doubleclick-cn.net#Black_list_tmp.txt第105057行 与上级域名doubleclick-cn.net#Black_list_tmp.txt第77546行 存在层级冲突
googleads.g.doubleclick.com#Black_list_tmp.txt第105058行 与上级域名doubleclick.com#Black_list_tmp.txt第77547行 存在层级冲突
googleads.g.doubleclick.net#Black_list_tmp.txt第105060行 与上级域名doubleclick.net#Black_list_tmp.txt第77549行 存在层级冲突
googleads4.g.doubleclick.net#Black_list_tmp.txt第105062行 与上级域名doubleclick.net#Black_list_tmp.txt第77549行 存在层级冲突
gosenergy.actonservice.com#Black_list_tmp.txt第105205行 与上级域名actonservice.com#Black_list_tmp.txt第16241行 存在层级冲突
govirtualoffice.actonservice.com#Black_list_tmp.txt第105372行 与上级域名actonservice.com#Black_list_tmp.txt第16241行 存在层级冲突
gowestgroup.actonservice.com#Black_list_tmp.txt第105385行 与上级域名actonservice.com#Black_list_tmp.txt第16241行 存在层级冲突
gowhiteowl.actonservice.com#Black_list_tmp.txt第105387行 与上级域名actonservice.com#Black_list_tmp.txt第16241行 存在层级冲突
grande.actonservice.com#Black_list_tmp.txt第105750行 与上级域名actonservice.com#Black_list_tmp.txt第16241行 存在层级冲突
grassrootsunwired.actonservice.com#Black_list_tmp.txt第105828行 与上级域名actonservice.com#Black_list_tmp.txt第16241行 存在层级冲突
green.erne.co#Black_list_tmp.txt第105995行 与上级域名erne.co#Black_list_tmp.txt第87168行 存在层级冲突
greenbeacon.actonservice.com#Black_list_tmp.txt第106002行 与上级域名actonservice.com#Black_list_tmp.txt第16241行 存在层级冲突
greencharge.actonservice.com#Black_list_tmp.txt第106005行 与上级域名actonservice.com#Black_list_tmp.txt第16241行 存在层级冲突
greif.actonservice.com#Black_list_tmp.txt第106066行 与上级域名actonservice.com#Black_list_tmp.txt第16241行 存在层级冲突
growth-support.applovin.com#Black_list_tmp.txt第106429行 与上级域名applovin.com#Black_list_tmp.txt第31454行 存在层级冲突
growthmodemarketing.actonservice.com#Black_list_tmp.txt第106441行 与上级域名actonservice.com#Black_list_tmp.txt第16241行 存在层级冲突
gs.gepush.com#Black_list_tmp.txt第106592行 与上级域名gepush.com#Black_list_tmp.txt第101027行 存在层级冲突
gs.getui.com#Black_list_tmp.txt第106593行 与上级域名getui.com#Black_list_tmp.txt第101495行 存在层级冲突
gs.getui.net#Black_list_tmp.txt第106594行 与上级域名getui.net#Black_list_tmp.txt第101497行 存在层级冲突
gtc.gepush.com#Black_list_tmp.txt第106888行 与上级域名gepush.com#Black_list_tmp.txt第101027行 存在层级冲突
gtc.getui.com#Black_list_tmp.txt第106889行 与上级域名getui.com#Black_list_tmp.txt第101495行 存在层级冲突
gtc.getui.net#Black_list_tmp.txt第106890行 与上级域名getui.net#Black_list_tmp.txt第101497行 存在层级冲突
gtcv6.gepush.com#Black_list_tmp.txt第106898行 与上级域名gepush.com#Black_list_tmp.txt第101027行 存在层级冲突
gtcv6.getui.net#Black_list_tmp.txt第106899行 与上级域名getui.net#Black_list_tmp.txt第101497行 存在层级冲突
gtvpn.getui.com#Black_list_tmp.txt第112618行 与上级域名getui.com#Black_list_tmp.txt第101495行 存在层级冲突
guardiancu.actonservice.com#Black_list_tmp.txt第112705行 与上级域名actonservice.com#Black_list_tmp.txt第16241行 存在层级冲突
guess.tf.360.cn#Black_list_tmp.txt第112747行 与上级域名360.cn#Black_list_tmp.txt第4252行 存在层级冲突
guidepointglobal.actonservice.com#Black_list_tmp.txt第112805行 与上级域名actonservice.com#Black_list_tmp.txt第16241行 存在层级冲突
guideposts.actonservice.com#Black_list_tmp.txt第112806行 与上级域名actonservice.com#Black_list_tmp.txt第16241行 存在层级冲突
gum.criteo.com#Black_list_tmp.txt第112885行 与上级域名criteo.com#Black_list_tmp.txt第60821行 存在层级冲突
gw.conversionsapigateway.com#Black_list_tmp.txt第113191行 与上级域名conversionsapigateway.com#Black_list_tmp.txt第58626行 存在层级冲突
gxbr.cnzz.com#Black_list_tmp.txt第113351行 与上级域名cnzz.com#Black_list_tmp.txt第55958行 存在层级冲突
gy.gepush.com#Black_list_tmp.txt第113452行 与上级域名gepush.com#Black_list_tmp.txt第101027行 存在层级冲突
gy.getui.net#Black_list_tmp.txt第113453行 与上级域名getui.net#Black_list_tmp.txt第101497行 存在层级冲突
gzs20.cnzz.com#Black_list_tmp.txt第113677行 与上级域名cnzz.com#Black_list_tmp.txt第55958行 存在层级冲突
h.m.mpl.dutils.com#Black_list_tmp.txt第113734行 与上级域名dutils.com#Black_list_tmp.txt第79899行 存在层级冲突
h4es48.z.cjjd14.com#Black_list_tmp.txt第113804行 与上级域名cjjd14.com#Black_list_tmp.txt第53507行 存在层级冲突
h5-oneid.gepush.com#Black_list_tmp.txt第113812行 与上级域名gepush.com#Black_list_tmp.txt第101027行 存在层级冲突
h5.analytics.126.net#Black_list_tmp.txt第113815行 与上级域名analytics.126.net#Black_list_tmp.txt第26570行 存在层级冲突
h5.gdt.qq.com#Black_list_tmp.txt第113819行 与上级域名gdt.qq.com#Black_list_tmp.txt第100514行 存在层级冲突
h5.mse.360.cn#Black_list_tmp.txt第113825行 与上级域名360.cn#Black_list_tmp.txt第4252行 存在层级冲突
halo.actonservice.com#Black_list_tmp.txt第114210行 与上级域名actonservice.com#Black_list_tmp.txt第16241行 存在层级冲突
hanadev.branch.rocks#Black_list_tmp.txt第114295行 与上级域名branch.rocks#Black_list_tmp.txt第44001行 存在层级冲突
hanastage.branch.rocks#Black_list_tmp.txt第114300行 与上级域名branch.rocks#Black_list_tmp.txt第44001行 存在层级冲突
hanatest.branch.rocks#Black_list_tmp.txt第114301行 与上级域名branch.rocks#Black_list_tmp.txt第44001行 存在层级冲突
hardinet.actonservice.com#Black_list_tmp.txt第114574行 与上级域名actonservice.com#Black_list_tmp.txt第16241行 存在层级冲突
harlan.actonservice.com#Black_list_tmp.txt第114599行 与上级域名actonservice.com#Black_list_tmp.txt第16241行 存在层级冲突
hbx.df-srv.de#Black_list_tmp.txt第115158行 与上级域名df-srv.de#Black_list_tmp.txt第73752行 存在层级冲突
hcu.actonservice.com#Black_list_tmp.txt第115285行 与上级域名actonservice.com#Black_list_tmp.txt第16241行 存在层级冲突
hd.browser.miui.com#Black_list_tmp.txt第115316行 与上级域名browser.miui.com#Black_list_tmp.txt第44682行 存在层级冲突
hdggcdn.bayimob.com#Black_list_tmp.txt第115397行 与上级域名bayimob.com#Black_list_tmp.txt第37748行 存在层级冲突
healthcasts.actonservice.com#Black_list_tmp.txt第115553行 与上级域名actonservice.com#Black_list_tmp.txt第16241行 存在层级冲突
healthgrades.actonservice.com#Black_list_tmp.txt第115557行 与上级域名actonservice.com#Black_list_tmp.txt第16241行 存在层级冲突
heartflow.actonservice.com#Black_list_tmp.txt第115611行 与上级域名actonservice.com#Black_list_tmp.txt第16241行 存在层级冲突
helens.actonservice.com#Black_list_tmp.txt第115857行 与上级域名actonservice.com#Black_list_tmp.txt第16241行 存在层级冲突
hellogain.actonservice.com#Black_list_tmp.txt第115921行 与上级域名actonservice.com#Black_list_tmp.txt第16241行 存在层级冲突
help.cnzz.com#Black_list_tmp.txt第115941行 与上级域名cnzz.com#Black_list_tmp.txt第55958行 存在层级冲突
help.fenxi.cnzz.com#Black_list_tmp.txt第115942行 与上级域名cnzz.com#Black_list_tmp.txt第55958行 存在层级冲突
hesconet.actonservice.com#Black_list_tmp.txt第116193行 与上级域名actonservice.com#Black_list_tmp.txt第16241行 存在层级冲突
hhglobal.actonservice.com#Black_list_tmp.txt第116613行 与上级域名actonservice.com#Black_list_tmp.txt第16241行 存在层级冲突
hi.hellobar.com#Black_list_tmp.txt第116696行 与上级域名hellobar.com#Black_list_tmp.txt第115918行 存在层级冲突
hickeysmith.actonservice.com#Black_list_tmp.txt第116753行 与上级域名actonservice.com#Black_list_tmp.txt第16241行 存在层级冲突
hines.actonservice.com#Black_list_tmp.txt第117002行 与上级域名actonservice.com#Black_list_tmp.txt第16241行 存在层级冲突
hisense-mipdx.cn.miaozhen.com#Black_list_tmp.txt第117115行 与上级域名cn.miaozhen.com#Black_list_tmp.txt第55705行 存在层级冲突
hitachi-hightech-as.actonservice.com#Black_list_tmp.txt第117183行 与上级域名actonservice.com#Black_list_tmp.txt第16241行 存在层级冲突
hiway.actonservice.com#Black_list_tmp.txt第117315行 与上级域名actonservice.com#Black_list_tmp.txt第16241行 存在层级冲突
hk-cdn.effectivemeasure.net#Black_list_tmp.txt第117453行 与上级域名effectivemeasure.net#Black_list_tmp.txt第83409行 存在层级冲突
hm1.cnzz.com#Black_list_tmp.txt第117724行 与上级域名cnzz.com#Black_list_tmp.txt第55958行 存在层级冲突
hm2.cnzz.com#Black_list_tmp.txt第117725行 与上级域名cnzz.com#Black_list_tmp.txt第55958行 存在层级冲突
hm3.cnzz.com#Black_list_tmp.txt第117728行 与上级域名cnzz.com#Black_list_tmp.txt第55958行 存在层级冲突
hodges.actonservice.com#Black_list_tmp.txt第118054行 与上级域名actonservice.com#Black_list_tmp.txt第16241行 存在层级冲突
hodgesmace.actonservice.com#Black_list_tmp.txt第118055行 与上级域名actonservice.com#Black_list_tmp.txt第16241行 存在层级冲突
hoisin.coocaatv.com#Black_list_tmp.txt第118128行 与上级域名coocaatv.com#Black_list_tmp.txt第58674行 存在层级冲突
homehardware.actonservice.com#Black_list_tmp.txt第118249行 与上级域名actonservice.com#Black_list_tmp.txt第16241行 存在层级冲突
hoof.absentwhack.com#Black_list_tmp.txt第118382行 与上级域名absentwhack.com#Black_list_tmp.txt第15213行 存在层级冲突
hootsuite.branch.rocks#Black_list_tmp.txt第118448行 与上级域名branch.rocks#Black_list_tmp.txt第44001行 存在层级冲突
horacemann.actonservice.com#Black_list_tmp.txt第118498行 与上级域名actonservice.com#Black_list_tmp.txt第16241行 存在层级冲突
horizononline.actonservice.com#Black_list_tmp.txt第118517行 与上级域名actonservice.com#Black_list_tmp.txt第16241行 存在层级冲突
hos1.cnzz.com#Black_list_tmp.txt第118581行 与上级域名cnzz.com#Black_list_tmp.txt第55958行 存在层级冲突
houtai.2345.com#Black_list_tmp.txt第118819行 与上级域名2345.com#Black_list_tmp.txt第3220行 存在层级冲突
hpark-adobe.branch.rocks#Black_list_tmp.txt第118915行 与上级域名branch.rocks#Black_list_tmp.txt第44001行 存在层级冲突
hpark-beta-moengage.branch.rocks#Black_list_tmp.txt第118916行 与上级域名branch.rocks#Black_list_tmp.txt第44001行 存在层级冲突
hpark-brazesp.branch.rocks#Black_list_tmp.txt第118917行 与上级域名branch.rocks#Black_list_tmp.txt第44001行 存在层级冲突
hpark-iterable.branch.rocks#Black_list_tmp.txt第118918行 与上级域名branch.rocks#Black_list_tmp.txt第44001行 存在层级冲突
hpark-iterable2.branch.rocks#Black_list_tmp.txt第118919行 与上级域名branch.rocks#Black_list_tmp.txt第44001行 存在层级冲突
hpark-marketo.branch.rocks#Black_list_tmp.txt第118920行 与上级域名branch.rocks#Black_list_tmp.txt第44001行 存在层级冲突
hpark.branch.rocks#Black_list_tmp.txt第118921行 与上级域名branch.rocks#Black_list_tmp.txt第44001行 存在层级冲突
hparksendgrid.branch.rocks#Black_list_tmp.txt第118922行 与上级域名branch.rocks#Black_list_tmp.txt第44001行 存在层级冲突
hparksendgridstage.branch.rocks#Black_list_tmp.txt第118923行 与上级域名branch.rocks#Black_list_tmp.txt第44001行 存在层级冲突
hq.appsflyer.com#Black_list_tmp.txt第119051行 与上级域名appsflyer.com#Black_list_tmp.txt第31587行 存在层级冲突
hq1.appsflyer.com#Black_list_tmp.txt第119054行 与上级域名appsflyer.com#Black_list_tmp.txt第31587行 存在层级冲突
hqs1.cnzz.com#Black_list_tmp.txt第119114行 与上级域名cnzz.com#Black_list_tmp.txt第55958行 存在层级冲突
hqs10.cnzz.com#Black_list_tmp.txt第119115行 与上级域名cnzz.com#Black_list_tmp.txt第55958行 存在层级冲突
hqs2.cnzz.com#Black_list_tmp.txt第119116行 与上级域名cnzz.com#Black_list_tmp.txt第55958行 存在层级冲突
hqs3.cnzz.com#Black_list_tmp.txt第119117行 与上级域名cnzz.com#Black_list_tmp.txt第55958行 存在层级冲突
hqs4.cnzz.com#Black_list_tmp.txt第119118行 与上级域名cnzz.com#Black_list_tmp.txt第55958行 存在层级冲突
hqs5.cnzz.com#Black_list_tmp.txt第119119行 与上级域名cnzz.com#Black_list_tmp.txt第55958行 存在层级冲突
hqs6.cnzz.com#Black_list_tmp.txt第119120行 与上级域名cnzz.com#Black_list_tmp.txt第55958行 存在层级冲突
hqs7.cnzz.com#Black_list_tmp.txt第119121行 与上级域名cnzz.com#Black_list_tmp.txt第55958行 存在层级冲突
hqs9.cnzz.com#Black_list_tmp.txt第119122行 与上级域名cnzz.com#Black_list_tmp.txt第55958行 存在层级冲突
hrm.healthgrades.com#Black_list_tmp.txt第119211行 与上级域名healthgrades.com#Black_list_tmp.txt第115558行 存在层级冲突
hronboard.actonservice.com#Black_list_tmp.txt第119224行 与上级域名actonservice.com#Black_list_tmp.txt第16241行 存在层级冲突
hrs.actonservice.com#Black_list_tmp.txt第119237行 与上级域名actonservice.com#Black_list_tmp.txt第16241行 存在层级冲突
httpdns.browser.miui.com#Black_list_tmp.txt第119550行 与上级域名browser.miui.com#Black_list_tmp.txt第44682行 存在层级冲突
huabao.360.cn#Black_list_tmp.txt第119619行 与上级域名360.cn#Black_list_tmp.txt第4252行 存在层级冲突
hubert.branch.rocks#Black_list_tmp.txt第119728行 与上级域名branch.rocks#Black_list_tmp.txt第44001行 存在层级冲突
huid.ad.360.cn#Black_list_tmp.txt第119830行 与上级域名360.cn#Black_list_tmp.txt第4252行 存在层级冲突
hunantv-dtv.m.cn.miaozhen.com#Black_list_tmp.txt第119963行 与上级域名cn.miaozhen.com#Black_list_tmp.txt第55705行 存在层级冲突
hunantv-mipdx.cn.miaozhen.com#Black_list_tmp.txt第119964行 与上级域名cn.miaozhen.com#Black_list_tmp.txt第55705行 存在层级冲突
hunantv.m.cn.miaozhen.com#Black_list_tmp.txt第119965行 与上级域名cn.miaozhen.com#Black_list_tmp.txt第55705行 存在层级冲突
hunterindustries.actonservice.com#Black_list_tmp.txt第120020行 与上级域名actonservice.com#Black_list_tmp.txt第16241行 存在层级冲突
huodong.ios.shouji.360.cn#Black_list_tmp.txt第120041行 与上级域名360.cn#Black_list_tmp.txt第4252行 存在层级冲突
huodong.mobilem.360.cn#Black_list_tmp.txt第120042行 与上级域名360.cn#Black_list_tmp.txt第4252行 存在层级冲突
huseby.actonservice.com#Black_list_tmp.txt第120121行 与上级域名actonservice.com#Black_list_tmp.txt第16241行 存在层级冲突
hye.comp.360os.com#Black_list_tmp.txt第120546行 与上级域名comp.360os.com#Black_list_tmp.txt第57221行 存在层级冲突
hygiena.actonservice.com#Black_list_tmp.txt第120564行 与上级域名actonservice.com#Black_list_tmp.txt第16241行 存在层级冲突
hyperdisk.actonservice.com#Black_list_tmp.txt第120634行 与上级域名actonservice.com#Black_list_tmp.txt第16241行 存在层级冲突
hyt.comp.360os.com#Black_list_tmp.txt第120705行 与上级域名comp.360os.com#Black_list_tmp.txt第57221行 存在层级冲突
hzgt2.getui.com#Black_list_tmp.txt第120767行 与上级域名getui.com#Black_list_tmp.txt第101495行 存在层级冲突
hzs1.cnzz.com#Black_list_tmp.txt第120811行 与上级域名cnzz.com#Black_list_tmp.txt第55958行 存在层级冲突
hzs10.cnzz.com#Black_list_tmp.txt第120812行 与上级域名cnzz.com#Black_list_tmp.txt第55958行 存在层级冲突
hzs11.cnzz.com#Black_list_tmp.txt第120813行 与上级域名cnzz.com#Black_list_tmp.txt第55958行 存在层级冲突
hzs12.cnzz.com#Black_list_tmp.txt第120814行 与上级域名cnzz.com#Black_list_tmp.txt第55958行 存在层级冲突
hzs13.cnzz.com#Black_list_tmp.txt第120815行 与上级域名cnzz.com#Black_list_tmp.txt第55958行 存在层级冲突
hzs14.cnzz.com#Black_list_tmp.txt第120816行 与上级域名cnzz.com#Black_list_tmp.txt第55958行 存在层级冲突
hzs15.cnzz.com#Black_list_tmp.txt第120817行 与上级域名cnzz.com#Black_list_tmp.txt第55958行 存在层级冲突
hzs16.cnzz.com#Black_list_tmp.txt第120818行 与上级域名cnzz.com#Black_list_tmp.txt第55958行 存在层级冲突
hzs17.cnzz.com#Black_list_tmp.txt第120819行 与上级域名cnzz.com#Black_list_tmp.txt第55958行 存在层级冲突
hzs18.cnzz.com#Black_list_tmp.txt第120820行 与上级域名cnzz.com#Black_list_tmp.txt第55958行 存在层级冲突
hzs19.cnzz.com#Black_list_tmp.txt第120821行 与上级域名cnzz.com#Black_list_tmp.txt第55958行 存在层级冲突
hzs2.cnzz.com#Black_list_tmp.txt第120822行 与上级域名cnzz.com#Black_list_tmp.txt第55958行 存在层级冲突
hzs21.cnzz.com#Black_list_tmp.txt第120823行 与上级域名cnzz.com#Black_list_tmp.txt第55958行 存在层级冲突
hzs22.cnzz.com#Black_list_tmp.txt第120824行 与上级域名cnzz.com#Black_list_tmp.txt第55958行 存在层级冲突
hzs23.cnzz.com#Black_list_tmp.txt第120825行 与上级域名cnzz.com#Black_list_tmp.txt第55958行 存在层级冲突
hzs24.cnzz.com#Black_list_tmp.txt第120826行 与上级域名cnzz.com#Black_list_tmp.txt第55958行 存在层级冲突
hzs25.cnzz.com#Black_list_tmp.txt第120827行 与上级域名cnzz.com#Black_list_tmp.txt第55958行 存在层级冲突
hzs3.cnzz.com#Black_list_tmp.txt第120828行 与上级域名cnzz.com#Black_list_tmp.txt第55958行 存在层级冲突
hzs4.cnzz.com#Black_list_tmp.txt第120830行 与上级域名cnzz.com#Black_list_tmp.txt第55958行 存在层级冲突
hzs5.cnzz.com#Black_list_tmp.txt第120831行 与上级域名cnzz.com#Black_list_tmp.txt第55958行 存在层级冲突
hzs6.cnzz.com#Black_list_tmp.txt第120832行 与上级域名cnzz.com#Black_list_tmp.txt第55958行 存在层级冲突
hzs7.cnzz.com#Black_list_tmp.txt第120833行 与上级域名cnzz.com#Black_list_tmp.txt第55958行 存在层级冲突
hzs8.cnzz.com#Black_list_tmp.txt第120834行 与上级域名cnzz.com#Black_list_tmp.txt第55958行 存在层级冲突
hzs9.cnzz.com#Black_list_tmp.txt第120835行 与上级域名cnzz.com#Black_list_tmp.txt第55958行 存在层级冲突
hzvs1.cnzz.com#Black_list_tmp.txt第120862行 与上级域名cnzz.com#Black_list_tmp.txt第55958行 存在层级冲突
hzvs2.cnzz.com#Black_list_tmp.txt第120863行 与上级域名cnzz.com#Black_list_tmp.txt第55958行 存在层级冲突
i.bigmir.net#Black_list_tmp.txt第120920行 与上级域名bigmir.net#Black_list_tmp.txt第40717行 存在层级冲突
i.clkservice.youdao.com#Black_list_tmp.txt第120925行 与上级域名clkservice.youdao.com#Black_list_tmp.txt第54857行 存在层级冲突
i.dreamfull.cn#Black_list_tmp.txt第120929行 与上级域名dreamfull.cn#Black_list_tmp.txt第78264行 存在层级冲突
i.gdt.qq.com#Black_list_tmp.txt第120933行 与上级域名gdt.qq.com#Black_list_tmp.txt第100514行 存在层级冲突
i.gm.mob.com#Black_list_tmp.txt第120935行 与上级域名gm.mob.com#Black_list_tmp.txt第103353行 存在层级冲突
i.go.sohu.com#Black_list_tmp.txt第120936行 与上级域名go.sohu.com#Black_list_tmp.txt第104360行 存在层级冲突
i.gridsumdissector.com#Black_list_tmp.txt第120937行 与上级域名gridsumdissector.com#Black_list_tmp.txt第106146行 存在层级冲突
i.haloapps.com#Black_list_tmp.txt第120938行 与上级域名haloapps.com#Black_list_tmp.txt第114212行 存在层级冲突
i.hao61.net#Black_list_tmp.txt第120939行 与上级域名hao61.net#Black_list_tmp.txt第114441行 存在层级冲突
i.hotkeys.com#Black_list_tmp.txt第120942行 与上级域名hotkeys.com#Black_list_tmp.txt第118691行 存在层级冲突
i670.cimumusic.com#Black_list_tmp.txt第121097行 与上级域名cimumusic.com#Black_list_tmp.txt第53236行 存在层级冲突
ia.51.la#Black_list_tmp.txt第121138行 与上级域名51.la#Black_list_tmp.txt第5675行 存在层级冲突
ia.ctags.cn#Black_list_tmp.txt第121140行 与上级域名ctags.cn#Black_list_tmp.txt第61551行 存在层级冲突
iabmap.evidon.com#Black_list_tmp.txt第121158行 与上级域名evidon.com#Black_list_tmp.txt第88989行 存在层级冲突
iad-01.braze.com#Black_list_tmp.txt第121165行 与上级域名braze.com#Black_list_tmp.txt第44147行 存在层级冲突
iad-02.braze.com#Black_list_tmp.txt第121166行 与上级域名braze.com#Black_list_tmp.txt第44147行 存在层级冲突
iad-03.appboy.com#Black_list_tmp.txt第121167行 与上级域名appboy.com#Black_list_tmp.txt第31235行 存在层级冲突
iad-03.braze.com#Black_list_tmp.txt第121168行 与上级域名braze.com#Black_list_tmp.txt第44147行 存在层级冲突
iad-04.braze.com#Black_list_tmp.txt第121169行 与上级域名braze.com#Black_list_tmp.txt第44147行 存在层级冲突
iad-05.braze.com#Black_list_tmp.txt第121170行 与上级域名braze.com#Black_list_tmp.txt第44147行 存在层级冲突
iad-06.braze.com#Black_list_tmp.txt第121171行 与上级域名braze.com#Black_list_tmp.txt第44147行 存在层级冲突
iad-08.braze.com#Black_list_tmp.txt第121172行 与上级域名braze.com#Black_list_tmp.txt第44147行 存在层级冲突
iad.appboy.com#Black_list_tmp.txt第121174行 与上级域名appboy.com#Black_list_tmp.txt第31235行 存在层级冲突
iad.e.360.cn#Black_list_tmp.txt第121176行 与上级域名360.cn#Black_list_tmp.txt第4252行 存在层级冲突
iad.g.163.com#Black_list_tmp.txt第121177行 与上级域名g.163.com#Black_list_tmp.txt第98771行 存在层级冲突
iadfeed.iad.apple.com#Black_list_tmp.txt第121184行 与上级域名iad.apple.com#Black_list_tmp.txt第121175行 存在层级冲突
iadworkbench-soak.iad.apple.com#Black_list_tmp.txt第121205行 与上级域名iad.apple.com#Black_list_tmp.txt第121175行 存在层级冲突
iatspayments.actonservice.com#Black_list_tmp.txt第121292行 与上级域名actonservice.com#Black_list_tmp.txt第16241行 存在层级冲突
ib.adnxs-simple.com#Black_list_tmp.txt第121317行 与上级域名adnxs-simple.com#Black_list_tmp.txt第18900行 存在层级冲突
ib.adnxs.com#Black_list_tmp.txt第121319行 与上级域名adnxs.com#Black_list_tmp.txt第18901行 存在层级冲突
ib.sin1.adnxs.com#Black_list_tmp.txt第121320行 与上级域名adnxs.com#Black_list_tmp.txt第18901行 存在层级冲突
ibamolecular.actonservice.com#Black_list_tmp.txt第121329行 与上级域名actonservice.com#Black_list_tmp.txt第16241行 存在层级冲突
icahealth.actonservice.com#Black_list_tmp.txt第121463行 与上级域名actonservice.com#Black_list_tmp.txt第16241行 存在层级冲突
icharts.actonservice.com#Black_list_tmp.txt第121540行 与上级域名actonservice.com#Black_list_tmp.txt第16241行 存在层级冲突
icon.cnzz.com#Black_list_tmp.txt第121618行 与上级域名cnzz.com#Black_list_tmp.txt第55958行 存在层级冲突
icslearn.actonsoftware.com#Black_list_tmp.txt第121664行 与上级域名actonsoftware.com#Black_list_tmp.txt第16242行 存在层级冲突
id.a-mx.com#Black_list_tmp.txt第121708行 与上级域名a-mx.com#Black_list_tmp.txt第9450行 存在层级冲突
ideadevice.actonservice.com#Black_list_tmp.txt第121770行 与上级域名actonservice.com#Black_list_tmp.txt第16241行 存在层级冲突
identify.hotjar.com#Black_list_tmp.txt第121799行 与上级域名hotjar.com#Black_list_tmp.txt第118688行 存在层级冲突
idm.bce.baidu.com#Black_list_tmp.txt第121865行 与上级域名bce.baidu.com#Black_list_tmp.txt第38035行 存在层级冲突
ido.gepush.com#Black_list_tmp.txt第121878行 与上级域名gepush.com#Black_list_tmp.txt第101027行 存在层级冲突
ido.getui.net#Black_list_tmp.txt第121879行 与上级域名getui.net#Black_list_tmp.txt第101497行 存在层级冲突
idrivelogistics.actonservice.com#Black_list_tmp.txt第121914行 与上级域名actonservice.com#Black_list_tmp.txt第16241行 存在层级冲突
ids.actonservice.com#Black_list_tmp.txt第121916行 与上级域名actonservice.com#Black_list_tmp.txt第16241行 存在层级冲突
ids.deliver.ifeng.com#Black_list_tmp.txt第121917行 与上级域名deliver.ifeng.com#Black_list_tmp.txt第72835行 存在层级冲突
ids1.deliver.ifeng.com#Black_list_tmp.txt第121918行 与上级域名deliver.ifeng.com#Black_list_tmp.txt第72835行 存在层级冲突
iflyad.bj.openstorage.cn#Black_list_tmp.txt第122170行 与上级域名bj.openstorage.cn#Black_list_tmp.txt第41263行 存在层级冲突
igorsgtest.branch.rocks#Black_list_tmp.txt第122364行 与上级域名branch.rocks#Black_list_tmp.txt第44001行 存在层级冲突
igpr.actonservice.com#Black_list_tmp.txt第122369行 与上级域名actonservice.com#Black_list_tmp.txt第16241行 存在层级冲突
ih.adscale.de#Black_list_tmp.txt第122416行 与上级域名adscale.de#Black_list_tmp.txt第20585行 存在层级冲突
ii.gdt.qq.com#Black_list_tmp.txt第122523行 与上级域名gdt.qq.com#Black_list_tmp.txt第100514行 存在层级冲突
iis1.deliver.ifeng.com#Black_list_tmp.txt第122599行 与上级域名deliver.ifeng.com#Black_list_tmp.txt第72835行 存在层级冲突
iis3g.deliver.ifeng.com#Black_list_tmp.txt第122600行 与上级域名deliver.ifeng.com#Black_list_tmp.txt第72835行 存在层级冲突
im.banner.t-online.de#Black_list_tmp.txt第123062行 与上级域名banner.t-online.de#Black_list_tmp.txt第37105行 存在层级冲突
image.gentags.com#Black_list_tmp.txt第123092行 与上级域名gentags.com#Black_list_tmp.txt第100828行 存在层级冲突
image.haiyunx.com#Black_list_tmp.txt第123094行 与上级域名haiyunx.com#Black_list_tmp.txt第114126行 存在层级冲突
image.hj217.com#Black_list_tmp.txt第123096行 与上级域名hj217.com#Black_list_tmp.txt第117339行 存在层级冲突
image.hpplay.cn#Black_list_tmp.txt第123097行 与上级域名hpplay.cn#Black_list_tmp.txt第118998行 存在层级冲突
images.avsmt.cn#Black_list_tmp.txt第123163行 与上级域名avsmt.cn#Black_list_tmp.txt第34886行 存在层级冲突
images.fastclick.net#Black_list_tmp.txt第123346行 与上级域名fastclick.net#Black_list_tmp.txt第91348行 存在层级冲突
images.guidance.choosemylo.com#Black_list_tmp.txt第123408行 与上级域名guidance.choosemylo.com#Black_list_tmp.txt第112795行 存在层级冲突
images.pages.brightedge.com#Black_list_tmp.txt第123642行 与上级域名brightedge.com#Black_list_tmp.txt第44383行 存在层级冲突
images.response.demandbase.com#Black_list_tmp.txt第123690行 与上级域名demandbase.com#Black_list_tmp.txt第72949行 存在层级冲突
imap.getui.com#Black_list_tmp.txt第123804行 与上级域名getui.com#Black_list_tmp.txt第101495行 存在层级冲突
imdns.hpplay.cn#Black_list_tmp.txt第123855行 与上级域名hpplay.cn#Black_list_tmp.txt第118998行 存在层级冲突
img.ad.zhangyue.com#Black_list_tmp.txt第123907行 与上级域名ad.zhangyue.com#Black_list_tmp.txt第17149行 存在层级冲突
img.adbox.sina.com.cn#Black_list_tmp.txt第123908行 与上级域名adbox.sina.com.cn#Black_list_tmp.txt第17598行 存在层级冲突
img.admobile.top#Black_list_tmp.txt第123909行 与上级域名admobile.top#Black_list_tmp.txt第18789行 存在层级冲突
img.adnyg.com#Black_list_tmp.txt第123910行 与上级域名adnyg.com#Black_list_tmp.txt第18905行 存在层级冲突
img.alimama.cn#Black_list_tmp.txt第123914行 与上级域名alimama.cn#Black_list_tmp.txt第25087行 存在层级冲突
img.amp.ad.sina.com.cn#Black_list_tmp.txt第123915行 与上级域名ad.sina.com.cn#Black_list_tmp.txt第17024行 存在层级冲突
img.anythinktech.com#Black_list_tmp.txt第123916行 与上级域名anythinktech.com#Black_list_tmp.txt第27990行 存在层级冲突
img.applovin.com#Black_list_tmp.txt第123918行 与上级域名applovin.com#Black_list_tmp.txt第31454行 存在层级冲突
img.cmm.xmfish.com#Black_list_tmp.txt第123931行 与上级域名cmm.xmfish.com#Black_list_tmp.txt第55498行 存在层级冲突
img.da.mgtv.com#Black_list_tmp.txt第123933行 与上级域名da.mgtv.com#Black_list_tmp.txt第65334行 存在层级冲突
img.dydab.com#Black_list_tmp.txt第123936行 与上级域名dydab.com#Black_list_tmp.txt第80488行 存在层级冲突
img.eqbyc.com#Black_list_tmp.txt第123940行 与上级域名eqbyc.com#Black_list_tmp.txt第86866行 存在层级冲突
img.fd7c.com#Black_list_tmp.txt第123943行 与上级域名fd7c.com#Black_list_tmp.txt第91943行 存在层级冲突
img.feitian001.com#Black_list_tmp.txt第123944行 与上级域名feitian001.com#Black_list_tmp.txt第92341行 存在层级冲突
img.hylmxing.com#Black_list_tmp.txt第123970行 与上级域名hylmxing.com#Black_list_tmp.txt第120594行 存在层级冲突
img.il8r.com#Black_list_tmp.txt第123972行 与上级域名il8r.com#Black_list_tmp.txt第122844行 存在层级冲突
img0.egou.com#Black_list_tmp.txt第124064行 与上级域名egou.com#Black_list_tmp.txt第83649行 存在层级冲突
img01.51y5.net#Black_list_tmp.txt第124066行 与上级域名51y5.net#Black_list_tmp.txt第5759行 存在层级冲突
imgaliyun.da.mgtv.com#Black_list_tmp.txt第124124行 与上级域名da.mgtv.com#Black_list_tmp.txt第65334行 存在层级冲突
imgc.cymzc.com#Black_list_tmp.txt第124127行 与上级域名cymzc.com#Black_list_tmp.txt第62961行 存在层级冲突
imgp.cymzc.com#Black_list_tmp.txt第124165行 与上级域名cymzc.com#Black_list_tmp.txt第62961行 存在层级冲突
imgsreview.dftoutiao.com#Black_list_tmp.txt第124175行 与上级域名dftoutiao.com#Black_list_tmp.txt第73922行 存在层级冲突
immunocorp.actonservice.com#Black_list_tmp.txt第124288行 与上级域名actonservice.com#Black_list_tmp.txt第16241行 存在层级冲突
imp-adedge.i-mobile.co.jp#Black_list_tmp.txt第124305行 与上级域名i-mobile.co.jp#Black_list_tmp.txt第120899行 存在层级冲突
imp.ad-plus.cn#Black_list_tmp.txt第124311行 与上级域名ad-plus.cn#Black_list_tmp.txt第16458行 存在层级冲突
imp.ad.xelements.cn#Black_list_tmp.txt第124312行 与上级域名ad.xelements.cn#Black_list_tmp.txt第17117行 存在层级冲突
imp.gentags.net#Black_list_tmp.txt第124320行 与上级域名gentags.net#Black_list_tmp.txt第100829行 存在层级冲突
imp.go.sohu.com#Black_list_tmp.txt第124321行 与上级域名go.sohu.com#Black_list_tmp.txt第104360行 存在层级冲突
impact-dm.actonservice.com#Black_list_tmp.txt第124339行 与上级域名actonservice.com#Black_list_tmp.txt第16241行 存在层级冲突
impression-asia.chinaliftoff.io#Black_list_tmp.txt第124481行 与上级域名chinaliftoff.io#Black_list_tmp.txt第52608行 存在层级冲突
impression.appsflyer.com#Black_list_tmp.txt第124485行 与上级域名appsflyer.com#Black_list_tmp.txt第31587行 存在层级冲突
impression.gridsumdissector.com#Black_list_tmp.txt第124487行 与上级域名gridsumdissector.com#Black_list_tmp.txt第106146行 存在层级冲突
in.cuebiq.com#Black_list_tmp.txt第124640行 与上级域名cuebiq.com#Black_list_tmp.txt第61888行 存在层级冲突
in.gyeet.com#Black_list_tmp.txt第124642行 与上级域名gyeet.com#Black_list_tmp.txt第113470行 存在层级冲突
in.hotjar.com#Black_list_tmp.txt第124643行 与上级域名hotjar.com#Black_list_tmp.txt第118688行 存在层级冲突
inapps.appsflyer.com#Black_list_tmp.txt第124699行 与上级域名appsflyer.com#Black_list_tmp.txt第31587行 存在层级冲突
inapps.appsflyersdk.com#Black_list_tmp.txt第124700行 与上级域名appsflyersdk.com#Black_list_tmp.txt第31588行 存在层级冲突
inc2.igexin.com#Black_list_tmp.txt第124738行 与上级域名igexin.com#Black_list_tmp.txt第122271行 存在层级冲突
incisive.actonservice.com#Black_list_tmp.txt第124769行 与上级域名actonservice.com#Black_list_tmp.txt第16241行 存在层级冲突
inetprocess.actonservice.com#Black_list_tmp.txt第125035行 与上级域名actonservice.com#Black_list_tmp.txt第16241行 存在层级冲突
info-trek.actonservice.com#Black_list_tmp.txt第125143行 与上级域名actonservice.com#Black_list_tmp.txt第16241行 存在层级冲突
info.evidon.com#Black_list_tmp.txt第125445行 与上级域名evidon.com#Black_list_tmp.txt第88989行 存在层级冲突
info.gdt.qq.com#Black_list_tmp.txt第125505行 与上级域名gdt.qq.com#Black_list_tmp.txt第100514行 存在层级冲突
infoland.actonservice.com#Black_list_tmp.txt第126177行 与上级域名actonservice.com#Black_list_tmp.txt第16241行 存在层级冲突
infotrack.gdt.qq.com#Black_list_tmp.txt第126267行 与上级域名gdt.qq.com#Black_list_tmp.txt第100514行 存在层级冲突
inkubate.actonservice.com#Black_list_tmp.txt第126463行 与上级域名actonservice.com#Black_list_tmp.txt第16241行 存在层级冲突
inner-million-api.aiclk.com#Black_list_tmp.txt第126505行 与上级域名aiclk.com#Black_list_tmp.txt第23786行 存在层级冲突
input.insights.gravity.com#Black_list_tmp.txt第126624行 与上级域名gravity.com#Black_list_tmp.txt第105885行 存在层级冲突
ins.connatix.com#Black_list_tmp.txt第126659行 与上级域名connatix.com#Black_list_tmp.txt第57690行 存在层级冲突
insight.adsrvr.org#Black_list_tmp.txt第126728行 与上级域名adsrvr.org#Black_list_tmp.txt第21035行 存在层级冲突
insights.affilimate.com#Black_list_tmp.txt第126808行 与上级域名affilimate.com#Black_list_tmp.txt第22782行 存在层级冲突
insights.hotjar.com#Black_list_tmp.txt第126851行 与上级域名hotjar.com#Black_list_tmp.txt第118688行 存在层级冲突
instagram.xx.fbcdn.net.iberostar.com#Black_list_tmp.txt第126975行 与上级域名fbcdn.net.iberostar.com#Black_list_tmp.txt第91640行 存在层级冲突
insuranceapi.gzjunbo.net#Black_list_tmp.txt第127118行 与上级域名gzjunbo.net#Black_list_tmp.txt第113638行 存在层级冲突
insurancenoodle.actonservice.com#Black_list_tmp.txt第127120行 与上级域名actonservice.com#Black_list_tmp.txt第16241行 存在层级冲突
int.actonservice.com#Black_list_tmp.txt第127141行 与上级域名actonservice.com#Black_list_tmp.txt第16241行 存在层级冲突
intechservices.actonservice.com#Black_list_tmp.txt第127172行 与上级域名actonservice.com#Black_list_tmp.txt第16241行 存在层级冲突
intelledox.actonservice.com#Black_list_tmp.txt第127198行 与上级域名actonservice.com#Black_list_tmp.txt第16241行 存在层级冲突
intelli-shop.actonservice.com#Black_list_tmp.txt第127200行 与上级域名actonservice.com#Black_list_tmp.txt第16241行 存在层级冲突
interaction.bayimob.com#Black_list_tmp.txt第127274行 与上级域名bayimob.com#Black_list_tmp.txt第37748行 存在层级冲突
interedgemarketing.actonservice.com#Black_list_tmp.txt第127298行 与上级域名actonservice.com#Black_list_tmp.txt第16241行 存在层级冲突
interworks.cloud.actonservice.com#Black_list_tmp.txt第127428行 与上级域名actonservice.com#Black_list_tmp.txt第16241行 存在层级冲突
invata.actonservice.com#Black_list_tmp.txt第127554行 与上级域名actonservice.com#Black_list_tmp.txt第16241行 存在层级冲突
inx-corp.actonservice.com#Black_list_tmp.txt第127699行 与上级域名actonservice.com#Black_list_tmp.txt第16241行 存在层级冲突
ioactiveinc.actonservice.com#Black_list_tmp.txt第127719行 与上级域名actonservice.com#Black_list_tmp.txt第16241行 存在层级冲突
iop.getui.com#Black_list_tmp.txt第127825行 与上级域名getui.com#Black_list_tmp.txt第101495行 存在层级冲突
ios-dc.51y5.net#Black_list_tmp.txt第127850行 与上级域名51y5.net#Black_list_tmp.txt第5759行 存在层级冲突
ios.bugly.qq.com#Black_list_tmp.txt第127856行 与上级域名bugly.qq.com#Black_list_tmp.txt第45340行 存在层级冲突
ip.hivps.xyz#Black_list_tmp.txt第127910行 与上级域名hivps.xyz#Black_list_tmp.txt第117312行 存在层级冲突
ip1.ads.stickyadstv.com.akadns.net#Black_list_tmp.txt第127925行 与上级域名ads.stickyadstv.com.akadns.net#Black_list_tmp.txt第20219行 存在层级冲突
ip1.cdn.stickyadstv.com.akadns.net#Black_list_tmp.txt第127926行 与上级域名cdn.stickyadstv.com.akadns.net#Black_list_tmp.txt第50677行 存在层级冲突
ip2.ads.stickyadstv.com.akadns.net#Black_list_tmp.txt第127929行 与上级域名ads.stickyadstv.com.akadns.net#Black_list_tmp.txt第20219行 存在层级冲突
ipinternational.actonservice.com#Black_list_tmp.txt第128027行 与上级域名actonservice.com#Black_list_tmp.txt第16241行 存在层级冲突
ipm.atm.cp31.ott.cibntv.net#Black_list_tmp.txt第128061行 与上级域名atm.cp31.ott.cibntv.net#Black_list_tmp.txt第33779行 存在层级冲突
ipm.atm.youku.com#Black_list_tmp.txt第128062行 与上级域名atm.youku.com#Black_list_tmp.txt第33782行 存在层级冲突
ipv4.gdt.qq.com#Black_list_tmp.txt第128142行 与上级域名gdt.qq.com#Black_list_tmp.txt第100514行 存在层级冲突
iqiyi-cm.cn.miaozhen.com#Black_list_tmp.txt第128199行 与上级域名cn.miaozhen.com#Black_list_tmp.txt第55705行 存在层级冲突
iqiyi-mipdx.cn.miaozhen.com#Black_list_tmp.txt第128200行 与上级域名cn.miaozhen.com#Black_list_tmp.txt第55705行 存在层级冲突
iqiyi.m.cn.miaozhen.com#Black_list_tmp.txt第128204行 与上级域名cn.miaozhen.com#Black_list_tmp.txt第55705行 存在层级冲突
ir-na.amazon-adsystem.com#Black_list_tmp.txt第128305行 与上级域名amazon-adsystem.com#Black_list_tmp.txt第25848行 存在层级冲突
iris.iad.apple.com#Black_list_tmp.txt第128383行 与上级域名iad.apple.com#Black_list_tmp.txt第121175行 存在层级冲突
iro.iperceptions.com#Black_list_tmp.txt第128424行 与上级域名iperceptions.com#Black_list_tmp.txt第127983行 存在层级冲突
iroko.gocarrot.com#Black_list_tmp.txt第128428行 与上级域名gocarrot.com#Black_list_tmp.txt第104701行 存在层级冲突
irs.iperceptions.com#Black_list_tmp.txt第128508行 与上级域名iperceptions.com#Black_list_tmp.txt第127983行 存在层级冲突
isbamic.actonservice.com#Black_list_tmp.txt第128587行 与上级域名actonservice.com#Black_list_tmp.txt第16241行 存在层级冲突
isentia.actonservice.com#Black_list_tmp.txt第128613行 与上级域名actonservice.com#Black_list_tmp.txt第16241行 存在层级冲突
ishainsight.actonservice.com#Black_list_tmp.txt第128632行 与上级域名actonservice.com#Black_list_tmp.txt第16241行 存在层级冲突
isoplexis.actonservice.com#Black_list_tmp.txt第128729行 与上级域名actonservice.com#Black_list_tmp.txt第16241行 存在层级冲突
isov-qa.cn.miaozhen.com#Black_list_tmp.txt第128744行 与上级域名cn.miaozhen.com#Black_list_tmp.txt第55705行 存在层级冲突
isrpt-in.gdt.qq.com#Black_list_tmp.txt第128764行 与上级域名gdt.qq.com#Black_list_tmp.txt第100514行 存在层级冲突
isrpt-vn.gdt.qq.com#Black_list_tmp.txt第128765行 与上级域名gdt.qq.com#Black_list_tmp.txt第100514行 存在层级冲突
items.bingdiantao.com#Black_list_tmp.txt第128910行 与上级域名bingdiantao.com#Black_list_tmp.txt第40891行 存在层级冲突
its.fugetech.com#Black_list_tmp.txt第129024行 与上级域名fugetech.com#Black_list_tmp.txt第97822行 存在层级冲突
its.fusrv.com#Black_list_tmp.txt第129025行 与上级域名fusrv.com#Black_list_tmp.txt第98139行 存在层级冲突
iwantglobal.actonservice.com#Black_list_tmp.txt第129342行 与上级域名actonservice.com#Black_list_tmp.txt第16241行 存在层级冲突
j.6avz.com#Black_list_tmp.txt第129754行 与上级域名6avz.com#Black_list_tmp.txt第6882行 存在层级冲突
j.fd7c.com#Black_list_tmp.txt第129772行 与上级域名fd7c.com#Black_list_tmp.txt第91943行 存在层级冲突
j.guanjiabo.net#Black_list_tmp.txt第129773行 与上级域名guanjiabo.net#Black_list_tmp.txt第112676行 存在层级冲突
j1.ax.xrea.com#Black_list_tmp.txt第129804行 与上级域名ax.xrea.com#Black_list_tmp.txt第35208行 存在层级冲突
j520s.gzcl999.cn#Black_list_tmp.txt第129858行 与上级域名gzcl999.cn#Black_list_tmp.txt第113604行 存在层级冲突
ja20602jat.ajshs.cn#Black_list_tmp.txt第129902行 与上级域名ajshs.cn#Black_list_tmp.txt第24352行 存在层级冲突
jagransolutions.com.actonservice.com#Black_list_tmp.txt第130019行 与上级域名actonservice.com#Black_list_tmp.txt第16241行 存在层级冲突
javs.actonservice.com#Black_list_tmp.txt第130290行 与上级域名actonservice.com#Black_list_tmp.txt第16241行 存在层级冲突
jb.32n.icu#Black_list_tmp.txt第130338行 与上级域名32n.icu#Black_list_tmp.txt第4076行 存在层级冲突
jbdch1.appmobile.cn#Black_list_tmp.txt第130380行 与上级域名appmobile.cn#Black_list_tmp.txt第31472行 存在层级冲突
jc.anhuilitian.net#Black_list_tmp.txt第130476行 与上级域名anhuilitian.net#Black_list_tmp.txt第27479行 存在层级冲突
jcen.avdog-t0065.vip#Black_list_tmp.txt第130513行 与上级域名avdog-t0065.vip#Black_list_tmp.txt第34720行 存在层级冲突
jdg.bjygfd.com#Black_list_tmp.txt第130654行 与上级域名bjygfd.com#Black_list_tmp.txt第41432行 存在层级冲突
jeffersonawards.actonservice.com#Black_list_tmp.txt第130882行 与上级域名actonservice.com#Black_list_tmp.txt第16241行 存在层级冲突
jensenhughes.actonservice.com#Black_list_tmp.txt第130953行 与上级域名actonservice.com#Black_list_tmp.txt第16241行 存在层级冲突
jetlinx.actonservice.com#Black_list_tmp.txt第131046行 与上级域名actonservice.com#Black_list_tmp.txt第16241行 存在层级冲突
jgggip.gggipl.com#Black_list_tmp.txt第131264行 与上级域名gggipl.com#Black_list_tmp.txt第101779行 存在层级冲突
ji.dazhantai.com#Black_list_tmp.txt第131456行 与上级域名dazhantai.com#Black_list_tmp.txt第71439行 存在层级冲突
jiagu.360.cn#Black_list_tmp.txt第131462行 与上级域名360.cn#Black_list_tmp.txt第4252行 存在层级冲突
jiansuo.dsxdn.com#Black_list_tmp.txt第131487行 与上级域名dsxdn.com#Black_list_tmp.txt第79170行 存在层级冲突
jiaoliu.cnzz.com#Black_list_tmp.txt第131500行 与上级域名cnzz.com#Black_list_tmp.txt第55958行 存在层级冲突
jifen.2345.com#Black_list_tmp.txt第131572行 与上级域名2345.com#Black_list_tmp.txt第3220行 存在层级冲突
jifen.cnzz.com#Black_list_tmp.txt第131573行 与上级域名cnzz.com#Black_list_tmp.txt第55958行 存在层级冲突
jifflenow.actonservice.com#Black_list_tmp.txt第131578行 与上级域名actonservice.com#Black_list_tmp.txt第16241行 存在层级冲突
jill.fc.yahoo.com#Black_list_tmp.txt第131633行 与上级域名fc.yahoo.com#Black_list_tmp.txt第91762行 存在层级冲突
jipinluoshendec1314.fendou888.top#Black_list_tmp.txt第131738行 与上级域名fendou888.top#Black_list_tmp.txt第92445行 存在层级冲突
jmonitor.jiuzhilan.com#Black_list_tmp.txt第132254行 与上级域名jiuzhilan.com#Black_list_tmp.txt第131818行 存在层级冲突
jnat.getui.com#Black_list_tmp.txt第132314行 与上级域名getui.com#Black_list_tmp.txt第101495行 存在层级冲突
jnkqnf.cifraclub.com.br#Black_list_tmp.txt第132345行 与上级域名cifraclub.com.br#Black_list_tmp.txt第53176行 存在层级冲突
job.getui.com#Black_list_tmp.txt第132444行 与上级域名getui.com#Black_list_tmp.txt第101495行 存在层级冲突
jobappplus.actonservice.com#Black_list_tmp.txt第132446行 与上级域名actonservice.com#Black_list_tmp.txt第16241行 存在层级冲突
jp-api-fc.dutils.com#Black_list_tmp.txt第132921行 与上级域名dutils.com#Black_list_tmp.txt第79899行 存在层级冲突
jp-api-fd.dutils.com#Black_list_tmp.txt第132922行 与上级域名dutils.com#Black_list_tmp.txt第79899行 存在层级冲突
jp-devs-data.dutils.com#Black_list_tmp.txt第132923行 与上级域名dutils.com#Black_list_tmp.txt第79899行 存在层级冲突
jp.ad.gameley.com#Black_list_tmp.txt第132926行 与上级域名ad.gameley.com#Black_list_tmp.txt第16746行 存在层级冲突
jpg.cooguo.com#Black_list_tmp.txt第132955行 与上级域名cooguo.com#Black_list_tmp.txt第58688行 存在层级冲突
jpg.inte.sogoucdn.com#Black_list_tmp.txt第132956行 与上级域名inte.sogoucdn.com#Black_list_tmp.txt第127168行 存在层级冲突
jrl0w.hljxmt.com#Black_list_tmp.txt第133245行 与上级域名hljxmt.com#Black_list_tmp.txt第117647行 存在层级冲突
jrlt.beacon.qq.com#Black_list_tmp.txt第133246行 与上级域名beacon.qq.com#Black_list_tmp.txt第38554行 存在层级冲突
js.133u.com#Black_list_tmp.txt第133335行 与上级域名133u.com#Black_list_tmp.txt第1502行 存在层级冲突
js.51taifu.com#Black_list_tmp.txt第133346行 与上级域名51taifu.com#Black_list_tmp.txt第5751行 存在层级冲突
js.anws.top#Black_list_tmp.txt第133359行 与上级域名anws.top#Black_list_tmp.txt第27935行 存在层级冲突
js.bbdsdy.com#Black_list_tmp.txt第133360行 与上级域名bbdsdy.com#Black_list_tmp.txt第37858行 存在层级冲突
js.cnscdj.com#Black_list_tmp.txt第133372行 与上级域名cnscdj.com#Black_list_tmp.txt第55868行 存在层级冲突
js.ctags.cn#Black_list_tmp.txt第133373行 与上级域名ctags.cn#Black_list_tmp.txt第61551行 存在层级冲突
js.daxueshengqiandai.com#Black_list_tmp.txt第133374行 与上级域名daxueshengqiandai.com#Black_list_tmp.txt第71402行 存在层级冲突
js.dkqapp.cn#Black_list_tmp.txt第133376行 与上级域名dkqapp.cn#Black_list_tmp.txt第76074行 存在层级冲突
js.feitian001.com#Black_list_tmp.txt第133386行 与上级域名feitian001.com#Black_list_tmp.txt第92341行 存在层级冲突
js.firefang.cn#Black_list_tmp.txt第133389行 与上级域名firefang.cn#Black_list_tmp.txt第93936行 存在层级冲突
js.gewuwen.com#Black_list_tmp.txt第133391行 与上级域名gewuwen.com#Black_list_tmp.txt第101540行 存在层级冲突
js.honeybadger.io#Black_list_tmp.txt第133401行 与上级域名honeybadger.io#Black_list_tmp.txt第118320行 存在层级冲突
js.hotkeys.com#Black_list_tmp.txt第133402行 与上级域名hotkeys.com#Black_list_tmp.txt第118691行 存在层级冲突
js.hslyqs.com#Black_list_tmp.txt第133403行 与上级域名hslyqs.com#Black_list_tmp.txt第119350行 存在层级冲突
js.icast.cn#Black_list_tmp.txt第133405行 与上级域名icast.cn#Black_list_tmp.txt第121471行 存在层级冲突
js.idgdmgroup.com.cn#Black_list_tmp.txt第133407行 与上级域名idgdmgroup.com.cn#Black_list_tmp.txt第121823行 存在层级冲突
js.jianbaimei.com#Black_list_tmp.txt第133412行 与上级域名jianbaimei.com#Black_list_tmp.txt第131469行 存在层级冲突
js.stat.ijinshan.com#Black_list_tmp.txt第133479行 与上级域名ijinshan.com#Black_list_tmp.txt第122678行 存在层级冲突
js.users.51.la#Black_list_tmp.txt第133487行 与上级域名51.la#Black_list_tmp.txt第5675行 存在层级冲突
js.w.inmobi.com#Black_list_tmp.txt第133489行 与上级域名inmobi.com#Black_list_tmp.txt第126488行 存在层级冲突
js123.0937jyg.com#Black_list_tmp.txt第133520行 与上级域名0937jyg.com#Black_list_tmp.txt第367行 存在层级冲突
js1516.0937jyg.com#Black_list_tmp.txt第133522行 与上级域名0937jyg.com#Black_list_tmp.txt第367行 存在层级冲突
js1517.0937jyg.com#Black_list_tmp.txt第133523行 与上级域名0937jyg.com#Black_list_tmp.txt第367行 存在层级冲突
js205.dupinpu.com#Black_list_tmp.txt第133527行 与上级域名dupinpu.com#Black_list_tmp.txt第79802行 存在层级冲突
js257.0937jyg.com#Black_list_tmp.txt第133532行 与上级域名0937jyg.com#Black_list_tmp.txt第367行 存在层级冲突
js412.0937jyg.com#Black_list_tmp.txt第133542行 与上级域名0937jyg.com#Black_list_tmp.txt第367行 存在层级冲突
js6.efyt6.com#Black_list_tmp.txt第133551行 与上级域名efyt6.com#Black_list_tmp.txt第83547行 存在层级冲突
js6882.jianbangjiaoyu.com#Black_list_tmp.txt第133554行 与上级域名jianbangjiaoyu.com#Black_list_tmp.txt第131470行 存在层级冲突
js7004.hnfpgm.com#Black_list_tmp.txt第133556行 与上级域名hnfpgm.com#Black_list_tmp.txt第117862行 存在层级冲突
js7129.dlkjgjmy.com#Black_list_tmp.txt第133557行 与上级域名dlkjgjmy.com#Black_list_tmp.txt第76302行 存在层级冲突
js74.0937jyg.com#Black_list_tmp.txt第133560行 与上级域名0937jyg.com#Black_list_tmp.txt第367行 存在层级冲突
js84.enyayinxiang.com#Black_list_tmp.txt第133566行 与上级域名enyayinxiang.com#Black_list_tmp.txt第86499行 存在层级冲突
js883.hnfpgm.com#Black_list_tmp.txt第133567行 与上级域名hnfpgm.com#Black_list_tmp.txt第117862行 存在层级冲突
jsc.adskeeper.co.uk#Black_list_tmp.txt第133585行 与上级域名adskeeper.co.uk#Black_list_tmp.txt第20870行 存在层级冲突
jscdn.99pps.com#Black_list_tmp.txt第133591行 与上级域名99pps.com#Black_list_tmp.txt第9116行 存在层级冲突
jserr.cnzz.com#Black_list_tmp.txt第133612行 与上级域名cnzz.com#Black_list_tmp.txt第55958行 存在层级冲突
jsm.godloveme.cn#Black_list_tmp.txt第133654行 与上级域名godloveme.cn#Black_list_tmp.txt第104734行 存在层级冲突
jsnp.golden1.sogou.com#Black_list_tmp.txt第133674行 与上级域名golden1.sogou.com#Black_list_tmp.txt第104870行 存在层级冲突
json.gewuwen.com#Black_list_tmp.txt第133682行 与上级域名gewuwen.com#Black_list_tmp.txt第101540行 存在层级冲突
jssdk.cnzz.com#Black_list_tmp.txt第133713行 与上级域名cnzz.com#Black_list_tmp.txt第55958行 存在层级冲突
jtu24k.aoqinglv.cn#Black_list_tmp.txt第133840行 与上级域名aoqinglv.cn#Black_list_tmp.txt第28139行 存在层级冲突
jump.admobile.top#Black_list_tmp.txt第134066行 与上级域名admobile.top#Black_list_tmp.txt第18789行 存在层级冲突
jumpe.58xmgys.com#Black_list_tmp.txt第134072行 与上级域名58xmgys.com#Black_list_tmp.txt第6044行 存在层级冲突
jumpm.58xmgys.com#Black_list_tmp.txt第134084行 与上级域名58xmgys.com#Black_list_tmp.txt第6044行 存在层级冲突
jumpstartinc.actonservice.com#Black_list_tmp.txt第134086行 与上级域名actonservice.com#Black_list_tmp.txt第16241行 存在层级冲突
jupiter2.bayescom.com#Black_list_tmp.txt第134158行 与上级域名bayescom.com#Black_list_tmp.txt第37744行 存在层级冲突
jupyter.aiclk.com#Black_list_tmp.txt第134165行 与上级域名aiclk.com#Black_list_tmp.txt第23786行 存在层级冲突
jverification.jiguang.cn#Black_list_tmp.txt第134335行 与上级域名jiguang.cn#Black_list_tmp.txt第131597行 存在层级冲突
jwhk.hfbqet.cn#Black_list_tmp.txt第134449行 与上级域名hfbqet.cn#Black_list_tmp.txt第116328行 存在层级冲突
jwpepper.actonsoftware.com#Black_list_tmp.txt第134483行 与上级域名actonsoftware.com#Black_list_tmp.txt第16242行 存在层级冲突
jx102.bldmx.cn#Black_list_tmp.txt第134536行 与上级域名bldmx.cn#Black_list_tmp.txt第41740行 存在层级冲突
jxlog.istreamsche.com#Black_list_tmp.txt第134594行 与上级域名istreamsche.com#Black_list_tmp.txt第128803行 存在层级冲突
jyd.fjzdmy.com#Black_list_tmp.txt第134668行 与上级域名fjzdmy.com#Black_list_tmp.txt第94341行 存在层级冲突
jyz.fjtzjy.com#Black_list_tmp.txt第134768行 与上级域名fjtzjy.com#Black_list_tmp.txt第94325行 存在层级冲突
jz.hgke8.cn#Black_list_tmp.txt第134773行 与上级域名hgke8.cn#Black_list_tmp.txt第116505行 存在层级冲突
jzts.cmpassport.com#Black_list_tmp.txt第134847行 与上级域名cmpassport.com#Black_list_tmp.txt第55600行 存在层级冲突
k-gtc.getui.com#Black_list_tmp.txt第134871行 与上级域名getui.com#Black_list_tmp.txt第101495行 存在层级冲突
k.85wa.cn#Black_list_tmp.txt第134876行 与上级域名85wa.cn#Black_list_tmp.txt第8134行 存在层级冲突
k.ctsywy.com#Black_list_tmp.txt第134883行 与上级域名ctsywy.com#Black_list_tmp.txt第61702行 存在层级冲突
k.hbfls.vip#Black_list_tmp.txt第134887行 与上级域名hbfls.vip#Black_list_tmp.txt第115063行 存在层级冲突
k0ub7yecy34y98z.djvod.ndcimgs.com#Black_list_tmp.txt第134931行 与上级域名djvod.ndcimgs.com#Black_list_tmp.txt第75971行 存在层级冲突
kadmimage.biz.weibo.com#Black_list_tmp.txt第135097行 与上级域名biz.weibo.com#Black_list_tmp.txt第41210行 存在层级冲突
kbd1.kpns.ijinshan.com#Black_list_tmp.txt第135509行 与上级域名ijinshan.com#Black_list_tmp.txt第122678行 存在层级冲突
kbs-services.actonservice.com#Black_list_tmp.txt第135568行 与上级域名actonservice.com#Black_list_tmp.txt第16241行 存在层级冲突
kepler-pick.jiguang.cn#Black_list_tmp.txt第136052行 与上级域名jiguang.cn#Black_list_tmp.txt第131597行 存在层级冲突
kesko.actonservice.com#Black_list_tmp.txt第136107行 与上级域名actonservice.com#Black_list_tmp.txt第16241行 存在层级冲突
kestlerfinancial.actonservice.com#Black_list_tmp.txt第136110行 与上级域名actonservice.com#Black_list_tmp.txt第16241行 存在层级冲突
key2.actonservice.com#Black_list_tmp.txt第136165行 与上级域名actonservice.com#Black_list_tmp.txt第16241行 存在层级冲突
keynotegroup.actonservice.com#Black_list_tmp.txt第136192行 与上级域名actonservice.com#Black_list_tmp.txt第16241行 存在层级冲突
kimberlyspa.actonservice.com#Black_list_tmp.txt第136758行 与上级域名actonservice.com#Black_list_tmp.txt第16241行 存在层级冲突
kjp.cupid.iqiyi.com#Black_list_tmp.txt第137122行 与上级域名cupid.iqiyi.com#Black_list_tmp.txt第62087行 存在层级冲突
kkhq.actonservice.com#Black_list_tmp.txt第137214行 与上级域名actonservice.com#Black_list_tmp.txt第16241行 存在层级冲突
km.jianduankm.com#Black_list_tmp.txt第137505行 与上级域名jianduankm.com#Black_list_tmp.txt第131472行 存在层级冲突
kmef.ikjwmfeds.xyz#Black_list_tmp.txt第137528行 与上级域名ikjwmfeds.xyz#Black_list_tmp.txt第122769行 存在层级冲突
kmwatsonc.events.data.microsoft.com#Black_list_tmp.txt第137623行 与上级域名events.data.microsoft.com#Black_list_tmp.txt第88693行 存在层级冲突
kn.aishake.cn#Black_list_tmp.txt第137642行 与上级域名aishake.cn#Black_list_tmp.txt第24125行 存在层级冲突
kn.archrug.com#Black_list_tmp.txt第137643行 与上级域名archrug.com#Black_list_tmp.txt第32042行 存在层级冲突
kn.barnfps.com#Black_list_tmp.txt第137644行 与上级域名barnfps.com#Black_list_tmp.txt第37450行 存在层级冲突
kn.bjbrtc.com#Black_list_tmp.txt第137645行 与上级域名bjbrtc.com#Black_list_tmp.txt第41284行 存在层级冲突
kn.chgdf.cn#Black_list_tmp.txt第137647行 与上级域名chgdf.cn#Black_list_tmp.txt第52467行 存在层级冲突
kn.czzdf.com#Black_list_tmp.txt第137648行 与上级域名czzdf.com#Black_list_tmp.txt第63185行 存在层级冲突
kone-cranes.actonservice.com#Black_list_tmp.txt第138087行 与上级域名actonservice.com#Black_list_tmp.txt第16241行 存在层级冲突
konka-mipdx.cn.miaozhen.com#Black_list_tmp.txt第138097行 与上级域名cn.miaozhen.com#Black_list_tmp.txt第55705行 存在层级冲突
kpns.ijinshan.com#Black_list_tmp.txt第138352行 与上级域名ijinshan.com#Black_list_tmp.txt第122678行 存在层级冲突
kratosdefense.actonservice.com#Black_list_tmp.txt第138518行 与上级域名actonservice.com#Black_list_tmp.txt第16241行 存在层级冲突
krb.devphp.org.ua#Black_list_tmp.txt第138522行 与上级域名devphp.org.ua#Black_list_tmp.txt第73685行 存在层级冲突
kristechwire.actonservice.com#Black_list_tmp.txt第138574行 与上级域名actonservice.com#Black_list_tmp.txt第16241行 存在层级冲突
krm22.actonservice.com#Black_list_tmp.txt第138587行 与上级域名actonservice.com#Black_list_tmp.txt第16241行 存在层级冲突
krt.asycxtz.cn#Black_list_tmp.txt第138624行 与上级域名asycxtz.cn#Black_list_tmp.txt第33467行 存在层级冲突
ksr.juuhe.com#Black_list_tmp.txt第138748行 与上级域名juuhe.com#Black_list_tmp.txt第134279行 存在层级冲突
kuaibo.52qqmxd.com#Black_list_tmp.txt第138910行 与上级域名52qqmxd.com#Black_list_tmp.txt第5817行 存在层级冲突
kuaishou-mipdx.cn.miaozhen.com#Black_list_tmp.txt第138924行 与上级域名cn.miaozhen.com#Black_list_tmp.txt第55705行 存在层级冲突
kuaishou.httpdns.pro#Black_list_tmp.txt第138925行 与上级域名httpdns.pro#Black_list_tmp.txt第119571行 存在层级冲突
kurzweiledu.actonservice.com#Black_list_tmp.txt第139087行 与上级域名actonservice.com#Black_list_tmp.txt第16241行 存在层级冲突
kuzai.cooguo.com#Black_list_tmp.txt第139128行 与上级域名cooguo.com#Black_list_tmp.txt第58688行 存在层级冲突
kw.ra.icast.cn#Black_list_tmp.txt第139247行 与上级域名icast.cn#Black_list_tmp.txt第121471行 存在层级冲突
kwc.kbuu217.cc#Black_list_tmp.txt第139266行 与上级域名kbuu217.cc#Black_list_tmp.txt第135583行 存在层级冲突
kxlogo.knet.cn#Black_list_tmp.txt第139414行 与上级域名knet.cn#Black_list_tmp.txt第137706行 存在层级冲突
kyloepartners.actonservice.com#Black_list_tmp.txt第139503行 与上级域名actonservice.com#Black_list_tmp.txt第16241行 存在层级冲突
l-sspcash.adxcore.com#Black_list_tmp.txt第139681行 与上级域名adxcore.com#Black_list_tmp.txt第21912行 存在层级冲突
l.a.mobimagic.com#Black_list_tmp.txt第139691行 与上级域名a.mobimagic.com#Black_list_tmp.txt第9797行 存在层级冲突
l.betrad.com#Black_list_tmp.txt第139703行 与上级域名betrad.com#Black_list_tmp.txt第39730行 存在层级冲突
l.evidon.com#Black_list_tmp.txt第139736行 与上级域名evidon.com#Black_list_tmp.txt第88989行 存在层级冲突
l.glrcy.cn#Black_list_tmp.txt第139745行 与上级域名glrcy.cn#Black_list_tmp.txt第103247行 存在层级冲突
l.gm.mob.com#Black_list_tmp.txt第139746行 与上级域名gm.mob.com#Black_list_tmp.txt第103353行 存在层级冲突
l2.l.qq.com#Black_list_tmp.txt第139895行 与上级域名l.qq.com#Black_list_tmp.txt第139821行 存在层级冲突
l3.evidon.com#Black_list_tmp.txt第139906行 与上级域名evidon.com#Black_list_tmp.txt第88989行 存在层级冲突
l6.fancyapi.com#Black_list_tmp.txt第139934行 与上级域名fancyapi.com#Black_list_tmp.txt第91031行 存在层级冲突
lab.blackpics.net#Black_list_tmp.txt第139995行 与上级域名blackpics.net#Black_list_tmp.txt第41632行 存在层级冲突
labs.ra.icast.cn#Black_list_tmp.txt第140039行 与上级域名icast.cn#Black_list_tmp.txt第121471行 存在层级冲突
lammico.actonservice.com#Black_list_tmp.txt第140318行 与上级域名actonservice.com#Black_list_tmp.txt第16241行 存在层级冲突
lan.btwan5.com#Black_list_tmp.txt第140342行 与上级域名btwan5.com#Black_list_tmp.txt第45179行 存在层级冲突
landing.domobcdn.com#Black_list_tmp.txt第140385行 与上级域名domobcdn.com#Black_list_tmp.txt第77245行 存在层级冲突
landing.gdtimg.com#Black_list_tmp.txt第140389行 与上级域名gdtimg.com#Black_list_tmp.txt第100517行 存在层级冲突
landrykling.actonservice.com#Black_list_tmp.txt第140431行 与上级域名actonservice.com#Black_list_tmp.txt第16241行 存在层级冲突
landstar.actonservice.com#Black_list_tmp.txt第140443行 与上级域名actonservice.com#Black_list_tmp.txt第16241行 存在层级冲突
landuscooperative.actonservice.com#Black_list_tmp.txt第140447行 与上级域名actonservice.com#Black_list_tmp.txt第16241行 存在层级冲突
lansinoh.actonservice.com#Black_list_tmp.txt第140498行 与上级域名actonservice.com#Black_list_tmp.txt第16241行 存在层级冲突
lapiana.actonservice.com#Black_list_tmp.txt第140549行 与上级域名actonservice.com#Black_list_tmp.txt第16241行 存在层级冲突
laplink.actonservice.com#Black_list_tmp.txt第140552行 与上级域名actonservice.com#Black_list_tmp.txt第16241行 存在层级冲突
laserconcepts.actonservice.com#Black_list_tmp.txt第140650行 与上级域名actonservice.com#Black_list_tmp.txt第16241行 存在层级冲突
latam.adspecs.yahoo.com#Black_list_tmp.txt第140694行 与上级域名adspecs.yahoo.com#Black_list_tmp.txt第20972行 存在层级冲突
launches.appsflyer.com#Black_list_tmp.txt第140795行 与上级域名appsflyer.com#Black_list_tmp.txt第31587行 存在层级冲突
launches.appsflyersdk.com#Black_list_tmp.txt第140796行 与上级域名appsflyersdk.com#Black_list_tmp.txt第31588行 存在层级冲突
lax1-ib.adnxs.com#Black_list_tmp.txt第140881行 与上级域名adnxs.com#Black_list_tmp.txt第18901行 存在层级冲突
layeredinsight.actonservice.com#Black_list_tmp.txt第140904行 与上级域名actonservice.com#Black_list_tmp.txt第16241行 存在层级冲突
lb.l.qq.com#Black_list_tmp.txt第141017行 与上级域名l.qq.com#Black_list_tmp.txt第139821行 存在层级冲突
lb3d.tj.ijinshan.com#Black_list_tmp.txt第141023行 与上级域名ijinshan.com#Black_list_tmp.txt第122678行 存在层级冲突
lbdata.tj.ijinshan.com#Black_list_tmp.txt第141044行 与上级域名ijinshan.com#Black_list_tmp.txt第122678行 存在层级冲突
lc.getui.com#Black_list_tmp.txt第141136行 与上级域名getui.com#Black_list_tmp.txt第101495行 存在层级冲突
lc.jiathis.com#Black_list_tmp.txt第141137行 与上级域名jiathis.com#Black_list_tmp.txt第131508行 存在层级冲突
leadcertain.actonservice.com#Black_list_tmp.txt第141484行 与上级域名actonservice.com#Black_list_tmp.txt第16241行 存在层级冲突
leadsandmore.go2cloud.org#Black_list_tmp.txt第141544行 与上级域名go2cloud.org#Black_list_tmp.txt第104571行 存在层级冲突
leak.360.cn#Black_list_tmp.txt第141577行 与上级域名360.cn#Black_list_tmp.txt第4252行 存在层级冲突
learn.appsflyer.com#Black_list_tmp.txt第141623行 与上级域名appsflyer.com#Black_list_tmp.txt第31587行 存在层级冲突
ledgeviewpartners.actonservice.com#Black_list_tmp.txt第141743行 与上级域名actonservice.com#Black_list_tmp.txt第16241行 存在层级冲突
ledou.dl.uu.cc#Black_list_tmp.txt第141756行 与上级域名dl.uu.cc#Black_list_tmp.txt第76204行 存在层级冲突
leecompany.actonservice.com#Black_list_tmp.txt第141776行 与上级域名actonservice.com#Black_list_tmp.txt第16241行 存在层级冲突
lets.go.haymarketmedicalnetwork.com#Black_list_tmp.txt第142230行 与上级域名go.haymarketmedicalnetwork.com#Black_list_tmp.txt第104020行 存在层级冲突
letv-mipdx.cn.miaozhen.com#Black_list_tmp.txt第142269行 与上级域名cn.miaozhen.com#Black_list_tmp.txt第55705行 存在层级冲突
letv.axp.admaster.com.cn#Black_list_tmp.txt第142270行 与上级域名admaster.com.cn#Black_list_tmp.txt第18622行 存在层级冲突
letv.ipdx.cn.miaozhen.com#Black_list_tmp.txt第142271行 与上级域名cn.miaozhen.com#Black_list_tmp.txt第55705行 存在层级冲突
letv.irs01.com#Black_list_tmp.txt第142272行 与上级域名irs01.com#Black_list_tmp.txt第128509行 存在层级冲突
levementum.actonservice.com#Black_list_tmp.txt第142304行 与上级域名actonservice.com#Black_list_tmp.txt第16241行 存在层级冲突
lf3-orange.byteorge.com#Black_list_tmp.txt第142398行 与上级域名byteorge.com#Black_list_tmp.txt第46583行 存在层级冲突
lf6-orange.byteorge.com#Black_list_tmp.txt第142410行 与上级域名byteorge.com#Black_list_tmp.txt第46583行 存在层级冲突
lf9-orange.byteorge.com#Black_list_tmp.txt第142418行 与上级域名byteorge.com#Black_list_tmp.txt第46583行 存在层级冲突
lftxali.fancyapi.com#Black_list_tmp.txt第142506行 与上级域名fancyapi.com#Black_list_tmp.txt第91031行 存在层级冲突
lg2.jointreport-switch.com#Black_list_tmp.txt第142531行 与上级域名jointreport-switch.com#Black_list_tmp.txt第132651行 存在层级冲突
lg4.jointreport-switch.com#Black_list_tmp.txt第142532行 与上级域名jointreport-switch.com#Black_list_tmp.txt第132651行 存在层级冲突
lh.bigcrunch.com#Black_list_tmp.txt第142634行 与上级域名bigcrunch.com#Black_list_tmp.txt第40671行 存在层级冲突
lh3.googleadsserving.cn#Black_list_tmp.txt第142637行 与上级域名googleadsserving.cn#Black_list_tmp.txt第105065行 存在层级冲突
lhasalimited.actonservice.com#Black_list_tmp.txt第142647行 与上级域名actonservice.com#Black_list_tmp.txt第16241行 存在层级冲突
li.anyysz.com#Black_list_tmp.txt第142761行 与上级域名anyysz.com#Black_list_tmp.txt第28000行 存在层级冲突
libertyhomeequity.actonservice.com#Black_list_tmp.txt第142855行 与上级域名actonservice.com#Black_list_tmp.txt第16241行 存在层级冲突
lilogy.actonservice.com#Black_list_tmp.txt第143222行 与上级域名actonservice.com#Black_list_tmp.txt第16241行 存在层级冲突
lingdong.biz.weibo.com#Black_list_tmp.txt第143374行 与上级域名biz.weibo.com#Black_list_tmp.txt第41210行 存在层级冲突
links.silverpop-email.branch.rocks#Black_list_tmp.txt第144331行 与上级域名branch.rocks#Black_list_tmp.txt第44001行 存在层级冲突
links.sparkmail.branch.rocks#Black_list_tmp.txt第144337行 与上级域名branch.rocks#Black_list_tmp.txt第44001行 存在层级冲突
lit.connatix.com#Black_list_tmp.txt第144573行 与上级域名connatix.com#Black_list_tmp.txt第57690行 存在层级冲突
lite.a.market.xiaomi.com#Black_list_tmp.txt第144578行 与上级域名a.market.xiaomi.com#Black_list_tmp.txt第9781行 存在层级冲突
live-tag.creatopy.net#Black_list_tmp.txt第144676行 与上级域名creatopy.net#Black_list_tmp.txt第60641行 存在层级冲突
livec.l.qq.com#Black_list_tmp.txt第144721行 与上级域名l.qq.com#Black_list_tmp.txt第139821行 存在层级冲突
livem.l.qq.com#Black_list_tmp.txt第144749行 与上级域名l.qq.com#Black_list_tmp.txt第139821行 存在层级冲突
livep.l.qq.com#Black_list_tmp.txt第144758行 与上级域名l.qq.com#Black_list_tmp.txt第139821行 存在层级冲突
lives.l.qq.com#Black_list_tmp.txt第144773行 与上级域名l.qq.com#Black_list_tmp.txt第139821行 存在层级冲突
livew.l.qq.com#Black_list_tmp.txt第144801行 与上级域名l.qq.com#Black_list_tmp.txt第139821行 存在层级冲突
lmiztedlywkm.freshmh.top#Black_list_tmp.txt第145441行 与上级域名freshmh.top#Black_list_tmp.txt第97085行 存在层级冲突
lml.jfjsp.com#Black_list_tmp.txt第145450行 与上级域名jfjsp.com#Black_list_tmp.txt第131174行 存在层级冲突
lmwap.awtks.com#Black_list_tmp.txt第145500行 与上级域名awtks.com#Black_list_tmp.txt第35167行 存在层级冲突
load77.exelator.com#Black_list_tmp.txt第150686行 与上级域名exelator.com#Black_list_tmp.txt第89455行 存在层级冲突
loadm.exelator.com#Black_list_tmp.txt第150713行 与上级域名exelator.com#Black_list_tmp.txt第89455行 存在层级冲突
loan-track.juzishuke.com#Black_list_tmp.txt第150734行 与上级域名juzishuke.com#Black_list_tmp.txt第134317行 存在层级冲突
loc.cli2020.com#Black_list_tmp.txt第150780行 与上级域名cli2020.com#Black_list_tmp.txt第54039行 存在层级冲突
lodicoandco.actonservice.com#Black_list_tmp.txt第150877行 与上级域名actonservice.com#Black_list_tmp.txt第16241行 存在层级冲突
lofter.httpdns.c.163.com#Black_list_tmp.txt第150959行 与上级域名httpdns.c.163.com#Black_list_tmp.txt第119552行 存在层级冲突
log-auth.flysleep.cn#Black_list_tmp.txt第150981行 与上级域名flysleep.cn#Black_list_tmp.txt第95126行 存在层级冲突
log-verify.dutils.com#Black_list_tmp.txt第151020行 与上级域名dutils.com#Black_list_tmp.txt第79899行 存在层级冲突
log-verify.hiaiabc.com#Black_list_tmp.txt第151021行 与上级域名hiaiabc.com#Black_list_tmp.txt第116728行 存在层级冲突
log.ad.xiaomi.com#Black_list_tmp.txt第151034行 与上级域名ad.xiaomi.com#Black_list_tmp.txt第17120行 存在层级冲突
log.adplex.co.kr#Black_list_tmp.txt第151035行 与上级域名adplex.co.kr#Black_list_tmp.txt第19176行 存在层级冲突
log.adywind.com#Black_list_tmp.txt第151037行 与上级域名adywind.com#Black_list_tmp.txt第21970行 存在层级冲突
log.affiliate.rakuten.co.jp#Black_list_tmp.txt第151038行 与上级域名affiliate.rakuten.co.jp#Black_list_tmp.txt第22661行 存在层级冲突
log.aimtell.com#Black_list_tmp.txt第151040行 与上级域名aimtell.com#Black_list_tmp.txt第23940行 存在层级冲突
log.cizion.com#Black_list_tmp.txt第151080行 与上级域名cizion.com#Black_list_tmp.txt第53446行 存在层级冲突
log.f-tra.com#Black_list_tmp.txt第151120行 与上级域名f-tra.com#Black_list_tmp.txt第90262行 存在层级冲突
log.fc.yahoo.com#Black_list_tmp.txt第151122行 与上级域名fc.yahoo.com#Black_list_tmp.txt第91762行 存在层级冲突
log1.cmpassport.com#Black_list_tmp.txt第151353行 与上级域名cmpassport.com#Black_list_tmp.txt第55600行 存在层级冲突
log2.air.yoyi.com.cn#Black_list_tmp.txt第151361行 与上级域名air.yoyi.com.cn#Black_list_tmp.txt第24047行 存在层级冲突
logger.kataweb.it#Black_list_tmp.txt第151447行 与上级域名kataweb.it#Black_list_tmp.txt第135387行 存在层级冲突
login.152media.com#Black_list_tmp.txt第151500行 与上级域名152media.com#Black_list_tmp.txt第1691行 存在层级冲突
login.adqva.com#Black_list_tmp.txt第151507行 与上级域名adqva.com#Black_list_tmp.txt第19260行 存在层级冲突
login.afront.io#Black_list_tmp.txt第151518行 与上级域名afront.io#Black_list_tmp.txt第23024行 存在层级冲突
login.datawrkz.com#Black_list_tmp.txt第151546行 与上级域名datawrkz.com#Black_list_tmp.txt第71197行 存在层级冲突
login.denakop.com#Black_list_tmp.txt第151547行 与上级域名denakop.com#Black_list_tmp.txt第73042行 存在层级冲突
login.foremedia.net#Black_list_tmp.txt第151558行 与上级域名foremedia.net#Black_list_tmp.txt第95755行 存在层级冲突
login.hueadsortb.com#Black_list_tmp.txt第151566行 与上级域名hueadsortb.com#Black_list_tmp.txt第119774行 存在层级冲突
loginvsi.actonservice.com#Black_list_tmp.txt第151632行 与上级域名actonservice.com#Black_list_tmp.txt第16241行 存在层级冲突
lognew.cloooud.com#Black_list_tmp.txt第151649行 与上级域名cloooud.com#Black_list_tmp.txt第54986行 存在层级冲突
logonext.tv.kuyun.com#Black_list_tmp.txt第151654行 与上级域名kuyun.com#Black_list_tmp.txt第139127行 存在层级冲突
logrcv.aiclk.com#Black_list_tmp.txt第151661行 与上级域名aiclk.com#Black_list_tmp.txt第23786行 存在层级冲突
logrp.hpplay.cn#Black_list_tmp.txt第151667行 与上级域名hpplay.cn#Black_list_tmp.txt第118998行 存在层级冲突
logs.adplay.ru#Black_list_tmp.txt第151682行 与上级域名adplay.ru#Black_list_tmp.txt第19174行 存在层级冲突
logs.insight.rapid7.com#Black_list_tmp.txt第151703行 与上级域名insight.rapid7.com#Black_list_tmp.txt第126771行 存在层级冲突
logs.logrocket.io#Black_list_tmp.txt第151706行 与上级域名logrocket.io#Black_list_tmp.txt第151666行 存在层级冲突
logserver.insight.ucweb.com#Black_list_tmp.txt第151734行 与上级域名insight.ucweb.com#Black_list_tmp.txt第126782行 存在层级冲突
loldy.jiangmg.com#Black_list_tmp.txt第151823行 与上级域名jiangmg.com#Black_list_tmp.txt第131478行 存在层级冲突
lord.actonservice.com#Black_list_tmp.txt第152063行 与上级域名actonservice.com#Black_list_tmp.txt第16241行 存在层级冲突
lowermybills.actonsoftware.com#Black_list_tmp.txt第152322行 与上级域名actonsoftware.com#Black_list_tmp.txt第16242行 存在层级冲突
lp.jiuzhilan.com#Black_list_tmp.txt第152491行 与上级域名jiuzhilan.com#Black_list_tmp.txt第131818行 存在层级冲突
ls.l.qq.com#Black_list_tmp.txt第152990行 与上级域名l.qq.com#Black_list_tmp.txt第139821行 存在层级冲突
lucanet.actonservice.com#Black_list_tmp.txt第153267行 与上级域名actonservice.com#Black_list_tmp.txt第16241行 存在层级冲突
lumenera.actonservice.com#Black_list_tmp.txt第153454行 与上级域名actonservice.com#Black_list_tmp.txt第16241行 存在层级冲突
lup9.getnewsupdate.info#Black_list_tmp.txt第153536行 与上级域名getnewsupdate.info#Black_list_tmp.txt第101412行 存在层级冲突
lycos-eu.imrworldwide.com#Black_list_tmp.txt第154064行 与上级域名imrworldwide.com#Black_list_tmp.txt第124567行 存在层级冲突
lydallpm.actonservice.com#Black_list_tmp.txt第154072行 与上级域名actonservice.com#Black_list_tmp.txt第16241行 存在层级冲突
lyonsdown.actonservice.com#Black_list_tmp.txt第154159行 与上级域名actonservice.com#Black_list_tmp.txt第16241行 存在层级冲突
m-adnet.dutils.com#Black_list_tmp.txt第154343行 与上级域名dutils.com#Black_list_tmp.txt第79899行 存在层级冲突
m-adnet.hiaiabc.com#Black_list_tmp.txt第154344行 与上级域名hiaiabc.com#Black_list_tmp.txt第116728行 存在层级冲突
m-m.actonservice.com#Black_list_tmp.txt第154357行 与上级域名actonservice.com#Black_list_tmp.txt第16241行 存在层级冲突
m-mpl.hiaiabc.com#Black_list_tmp.txt第154359行 与上级域名hiaiabc.com#Black_list_tmp.txt第116728行 存在层级冲突
m.0531mnk.net#Black_list_tmp.txt第154372行 与上级域名0531mnk.net#Black_list_tmp.txt第221行 存在层级冲突
m.118ex.cn#Black_list_tmp.txt第154386行 与上级域名118ex.cn#Black_list_tmp.txt第1184行 存在层级冲突
m.28487.net#Black_list_tmp.txt第154412行 与上级域名28487.net#Black_list_tmp.txt第3499行 存在层级冲突
m.52tushuo.com#Black_list_tmp.txt第154436行 与上级域名52tushuo.com#Black_list_tmp.txt第5819行 存在层级冲突
m.980he.cn#Black_list_tmp.txt第154489行 与上级域名980he.cn#Black_list_tmp.txt第9015行 存在层级冲突
m.abfirst.cn#Black_list_tmp.txt第154498行 与上级域名abfirst.cn#Black_list_tmp.txt第14763行 存在层级冲突
m.acaox.com#Black_list_tmp.txt第154499行 与上级域名acaox.com#Black_list_tmp.txt第15455行 存在层级冲突
m.achig.com#Black_list_tmp.txt第154500行 与上级域名achig.com#Black_list_tmp.txt第15788行 存在层级冲突
m.ad.zhangyue.com#Black_list_tmp.txt第154504行 与上级域名ad.zhangyue.com#Black_list_tmp.txt第17149行 存在层级冲突
m.adaog.com#Black_list_tmp.txt第154505行 与上级域名adaog.com#Black_list_tmp.txt第17351行 存在层级冲突
m.admobile.top#Black_list_tmp.txt第154508行 与上级域名admobile.top#Black_list_tmp.txt第18789行 存在层级冲突
m.adnxs.com#Black_list_tmp.txt第154509行 与上级域名adnxs.com#Black_list_tmp.txt第18901行 存在层级冲突
m.ads.sohu.com#Black_list_tmp.txt第154510行 与上级域名ads.sohu.com#Black_list_tmp.txt第20199行 存在层级冲突
m.afoux.com#Black_list_tmp.txt第154514行 与上级域名afoux.com#Black_list_tmp.txt第22965行 存在层级冲突
m.analytics.126.net#Black_list_tmp.txt第154518行 与上级域名analytics.126.net#Black_list_tmp.txt第26570行 存在层级冲突
m.anmeilai.net#Black_list_tmp.txt第154519行 与上级域名anmeilai.net#Black_list_tmp.txt第27579行 存在层级冲突
m.appsflyer.com#Black_list_tmp.txt第154521行 与上级域名appsflyer.com#Black_list_tmp.txt第31587行 存在层级冲突
m.apxyz.com#Black_list_tmp.txt第154522行 与上级域名apxyz.com#Black_list_tmp.txt第31753行 存在层级冲突
m.assigned.cn#Black_list_tmp.txt第154525行 与上级域名assigned.cn#Black_list_tmp.txt第33250行 存在层级冲突
m.atm.youku.com#Black_list_tmp.txt第154526行 与上级域名atm.youku.com#Black_list_tmp.txt第33782行 存在层级冲突
m.aty.cp45.ott.cibntv.net#Black_list_tmp.txt第154527行 与上级域名aty.cp45.ott.cibntv.net#Black_list_tmp.txt第34070行 存在层级冲突
m.aty.sohu.com#Black_list_tmp.txt第154529行 与上级域名aty.sohu.com#Black_list_tmp.txt第34072行 存在层级冲突
m.baiyangzs.com#Black_list_tmp.txt第154538行 与上级域名baiyangzs.com#Black_list_tmp.txt第36749行 存在层级冲突
m.bapkt.com#Black_list_tmp.txt第154539行 与上级域名bapkt.com#Black_list_tmp.txt第37328行 存在层级冲突
m.bbvjs.com#Black_list_tmp.txt第154540行 与上级域名bbvjs.com#Black_list_tmp.txt第37963行 存在层级冲突
m.bdiae.com#Black_list_tmp.txt第154542行 与上级域名bdiae.com#Black_list_tmp.txt第38335行 存在层级冲突
m.beacon.sina.com.cn#Black_list_tmp.txt第154543行 与上级域名beacon.sina.com.cn#Black_list_tmp.txt第38566行 存在层级冲突
m.bentengcn.com#Black_list_tmp.txt第154546行 与上级域名bentengcn.com#Black_list_tmp.txt第39297行 存在层级冲突
m.bokanedu.net#Black_list_tmp.txt第154560行 与上级域名bokanedu.net#Black_list_tmp.txt第42867行 存在层级冲突
m.bqg16.cc#Black_list_tmp.txt第154562行 与上级域名bqg16.cc#Black_list_tmp.txt第43758行 存在层级冲突
m.bss.pandora.xiaomi.com#Black_list_tmp.txt第154566行 与上级域名bss.pandora.xiaomi.com#Black_list_tmp.txt第44944行 存在层级冲突
m.bugly.qq.com#Black_list_tmp.txt第154567行 与上级域名bugly.qq.com#Black_list_tmp.txt第45340行 存在层级冲突
m.bvoer.com#Black_list_tmp.txt第154569行 与上级域名bvoer.com#Black_list_tmp.txt第46151行 存在层级冲突
m.bvosv.com#Black_list_tmp.txt第154570行 与上级域名bvosv.com#Black_list_tmp.txt第46153行 存在层级冲突
m.casbanlly.com#Black_list_tmp.txt第154573行 与上级域名casbanlly.com#Black_list_tmp.txt第49278行 存在层级冲突
m.ccunf.com#Black_list_tmp.txt第154575行 与上级域名ccunf.com#Black_list_tmp.txt第50042行 存在层级冲突
m.cdfzcz.com#Black_list_tmp.txt第154576行 与上级域名cdfzcz.com#Black_list_tmp.txt第50143行 存在层级冲突
m.chexiw.com#Black_list_tmp.txt第154581行 与上级域名chexiw.com#Black_list_tmp.txt第52461行 存在层级冲突
m.chfuw.com#Black_list_tmp.txt第154582行 与上级域名chfuw.com#Black_list_tmp.txt第52466行 存在层级冲突
m.cjieh.com#Black_list_tmp.txt第154584行 与上级域名cjieh.com#Black_list_tmp.txt第53499行 存在层级冲突
m.ckikq.com#Black_list_tmp.txt第154587行 与上级域名ckikq.com#Black_list_tmp.txt第53619行 存在层级冲突
m.clkservice.youdao.com#Black_list_tmp.txt第154588行 与上级域名clkservice.youdao.com#Black_list_tmp.txt第54857行 存在层级冲突
m.cnzz.com#Black_list_tmp.txt第154592行 与上级域名cnzz.com#Black_list_tmp.txt第55958行 存在层级冲突
m.cocounion.com#Black_list_tmp.txt第154593行 与上级域名cocounion.com#Black_list_tmp.txt第56109行 存在层级冲突
m.codlw.com#Black_list_tmp.txt第154594行 与上级域名codlw.com#Black_list_tmp.txt第56203行 存在层级冲突
m.coenr.com#Black_list_tmp.txt第154595行 与上级域名coenr.com#Black_list_tmp.txt第56222行 存在层级冲突
m.couas.com#Black_list_tmp.txt第154597行 与上级域名couas.com#Black_list_tmp.txt第59345行 存在层级冲突
m.cqytjzgc.com#Black_list_tmp.txt第154599行 与上级域名cqytjzgc.com#Black_list_tmp.txt第60315行 存在层级冲突
m.ctsywy.com#Black_list_tmp.txt第154601行 与上级域名ctsywy.com#Black_list_tmp.txt第61702行 存在层级冲突
m.cudaojia.com#Black_list_tmp.txt第154602行 与上级域名cudaojia.com#Black_list_tmp.txt第61861行 存在层级冲突
m.cuoas.com#Black_list_tmp.txt第154603行 与上级域名cuoas.com#Black_list_tmp.txt第62072行 存在层级冲突
m.cuoss.com#Black_list_tmp.txt第154604行 与上级域名cuoss.com#Black_list_tmp.txt第62079行 存在层级冲突
m.da.mgtv.com#Black_list_tmp.txt第154608行 与上级域名da.mgtv.com#Black_list_tmp.txt第65334行 存在层级冲突
m.daishuxy.com#Black_list_tmp.txt第154610行 与上级域名daishuxy.com#Black_list_tmp.txt第65742行 存在层级冲突
m.dante2007.com#Black_list_tmp.txt第154611行 与上级域名dante2007.com#Black_list_tmp.txt第65966行 存在层级冲突
m.data.mob.com#Black_list_tmp.txt第154612行 与上级域名data.mob.com#Black_list_tmp.txt第70052行 存在层级冲突
m.dgaoz.com#Black_list_tmp.txt第154615行 与上级域名dgaoz.com#Black_list_tmp.txt第73973行 存在层级冲突
m.diogv.com#Black_list_tmp.txt第154616行 与上级域名diogv.com#Black_list_tmp.txt第75119行 存在层级冲突
m.djhhy.com#Black_list_tmp.txt第154617行 与上级域名djhhy.com#Black_list_tmp.txt第75899行 存在层级冲突
m.dnfeu.com#Black_list_tmp.txt第154618行 与上级域名dnfeu.com#Black_list_tmp.txt第76732行 存在层级冲突
m.doubleclick.net#Black_list_tmp.txt第154622行 与上级域名doubleclick.net#Black_list_tmp.txt第77549行 存在层级冲突
m.dsjre.com#Black_list_tmp.txt第154626行 与上级域名dsjre.com#Black_list_tmp.txt第78875行 存在层级冲突
m.dxmci.com#Black_list_tmp.txt第154632行 与上级域名dxmci.com#Black_list_tmp.txt第80418行 存在层级冲突
m.edo5.com#Black_list_tmp.txt第154636行 与上级域名edo5.com#Black_list_tmp.txt第82924行 存在层级冲突
m.ehxyz.com#Black_list_tmp.txt第154643行 与上级域名ehxyz.com#Black_list_tmp.txt第83804行 存在层级冲突
m.emgwq.com#Black_list_tmp.txt第154645行 与上级域名emgwq.com#Black_list_tmp.txt第85397行 存在层级冲突
m.enjuk.com#Black_list_tmp.txt第154647行 与上级域名enjuk.com#Black_list_tmp.txt第86155行 存在层级冲突
m.fbaot.com#Black_list_tmp.txt第154658行 与上级域名fbaot.com#Black_list_tmp.txt第91585行 存在层级冲突
m.fcaot.com#Black_list_tmp.txt第154661行 与上级域名fcaot.com#Black_list_tmp.txt第91783行 存在层级冲突
m.fcuit.com#Black_list_tmp.txt第154662行 与上级域名fcuit.com#Black_list_tmp.txt第91904行 存在层级冲突
m.fecjf.cn#Black_list_tmp.txt第154663行 与上级域名fecjf.cn#Black_list_tmp.txt第92153行 存在层级冲突
m.fengwanwl.com#Black_list_tmp.txt第154665行 与上级域名fengwanwl.com#Black_list_tmp.txt第92452行 存在层级冲突
m.fkkse.com#Black_list_tmp.txt第154670行 与上级域名fkkse.com#Black_list_tmp.txt第94394行 存在层级冲突
m.fkogs.com#Black_list_tmp.txt第154671行 与上级域名fkogs.com#Black_list_tmp.txt第94406行 存在层级冲突
m.focuscat.com#Black_list_tmp.txt第154673行 与上级域名focuscat.com#Black_list_tmp.txt第95432行 存在层级冲突
m.fouas.com#Black_list_tmp.txt第154675行 与上级域名fouas.com#Black_list_tmp.txt第96128行 存在层级冲突
m.foumm.com#Black_list_tmp.txt第154676行 与上级域名foumm.com#Black_list_tmp.txt第96143行 存在层级冲突
m.fstaw.com#Black_list_tmp.txt第154679行 与上级域名fstaw.com#Black_list_tmp.txt第97554行 存在层级冲突
m.future888.net#Black_list_tmp.txt第154681行 与上级域名future888.net#Black_list_tmp.txt第98170行 存在层级冲突
m.fwjoi.com#Black_list_tmp.txt第154682行 与上级域名fwjoi.com#Black_list_tmp.txt第98370行 存在层级冲突
m.fzyda.com#Black_list_tmp.txt第154685行 与上级域名fzyda.com#Black_list_tmp.txt第98751行 存在层级冲突
m.game.weibo.cn#Black_list_tmp.txt第154687行 与上级域名game.weibo.cn#Black_list_tmp.txt第99476行 存在层级冲突
m.gbieg.com#Black_list_tmp.txt第154693行 与上级域名gbieg.com#Black_list_tmp.txt第100126行 存在层级冲突
m.gcaij.com#Black_list_tmp.txt第154694行 与上级域名gcaij.com#Black_list_tmp.txt第100204行 存在层级冲突
m.gcheg.com#Black_list_tmp.txt第154695行 与上级域名gcheg.com#Black_list_tmp.txt第100239行 存在层级冲突
m.gdt.qq.com#Black_list_tmp.txt第154697行 与上级域名gdt.qq.com#Black_list_tmp.txt第100514行 存在层级冲突
m.gtiou.com#Black_list_tmp.txt第154710行 与上级域名gtiou.com#Black_list_tmp.txt第106931行 存在层级冲突
m.gtnde.com#Black_list_tmp.txt第154711行 与上级域名gtnde.com#Black_list_tmp.txt第112563行 存在层级冲突
m.guaas.com#Black_list_tmp.txt第154713行 与上级域名guaas.com#Black_list_tmp.txt第112640行 存在层级冲突
m.gwdqp.com#Black_list_tmp.txt第154721行 与上级域名gwdqp.com#Black_list_tmp.txt第113239行 存在层级冲突
m.gxkyl.com#Black_list_tmp.txt第154722行 与上级域名gxkyl.com#Black_list_tmp.txt第113390行 存在层级冲突
m.gz-bz.cn#Black_list_tmp.txt第154723行 与上级域名gz-bz.cn#Black_list_tmp.txt第113582行 存在层级冲突
m.harbinbaojia.net#Black_list_tmp.txt第154730行 与上级域名harbinbaojia.net#Black_list_tmp.txt第114548行 存在层级冲突
m.heygugu.com#Black_list_tmp.txt第154736行 与上级域名heygugu.com#Black_list_tmp.txt第116297行 存在层级冲突
m.hhllyt.com#Black_list_tmp.txt第154738行 与上级域名hhllyt.com#Black_list_tmp.txt第116634行 存在层级冲突
m.hissq.com#Black_list_tmp.txt第154740行 与上级域名hissq.com#Black_list_tmp.txt第117127行 存在层级冲突
m.hk7799.net#Black_list_tmp.txt第154743行 与上级域名hk7799.net#Black_list_tmp.txt第117463行 存在层级冲突
m.hkmqp.com#Black_list_tmp.txt第154744行 与上级域名hkmqp.com#Black_list_tmp.txt第117514行 存在层级冲突
m.hogyp.com#Black_list_tmp.txt第154749行 与上级域名hogyp.com#Black_list_tmp.txt第118107行 存在层级冲突
m.hot-mob.com#Black_list_tmp.txt第154751行 与上级域名hot-mob.com#Black_list_tmp.txt第118625行 存在层级冲突
m.hpzyl.com#Black_list_tmp.txt第154754行 与上级域名hpzyl.com#Black_list_tmp.txt第119050行 存在层级冲突
m.hsbkr.com#Black_list_tmp.txt第154755行 与上级域名hsbkr.com#Black_list_tmp.txt第119300行 存在层级冲突
m.ib.sin1.geoadnxs.com#Black_list_tmp.txt第154764行 与上级域名ib.sin1.geoadnxs.com#Black_list_tmp.txt第121321行 存在层级冲突
m.icyrd.com#Black_list_tmp.txt第154767行 与上级域名icyrd.com#Black_list_tmp.txt第121696行 存在层级冲突
m.ienkdaged.cn#Black_list_tmp.txt第154768行 与上级域名ienkdaged.cn#Black_list_tmp.txt第122036行 存在层级冲突
m.ienkdago.cn#Black_list_tmp.txt第154769行 与上级域名ienkdago.cn#Black_list_tmp.txt第122037行 存在层级冲突
m.infvb.com#Black_list_tmp.txt第154771行 与上级域名infvb.com#Black_list_tmp.txt第126291行 存在层级冲突
m.irauz.com#Black_list_tmp.txt第154775行 与上级域名irauz.com#Black_list_tmp.txt第128328行 存在层级冲突
m.irkuj.com#Black_list_tmp.txt第154776行 与上级域名irkuj.com#Black_list_tmp.txt第128409行 存在层级冲突
m.irs01.com#Black_list_tmp.txt第154779行 与上级域名irs01.com#Black_list_tmp.txt第128509行 存在层级冲突
m.iruad.com#Black_list_tmp.txt第154780行 与上级域名iruad.com#Black_list_tmp.txt第128523行 存在层级冲突
m.ishowms.com#Black_list_tmp.txt第154781行 与上级域名ishowms.com#Black_list_tmp.txt第128647行 存在层级冲突
m.jcwwxn.com#Black_list_tmp.txt第154785行 与上级域名jcwwxn.com#Black_list_tmp.txt第130590行 存在层级冲突
m.jdaot.com#Black_list_tmp.txt第154788行 与上级域名jdaot.com#Black_list_tmp.txt第130626行 存在层级冲突
m.jgkto.com#Black_list_tmp.txt第154790行 与上级域名jgkto.com#Black_list_tmp.txt第131282行 存在层级冲突
m.jieyixiu.com#Black_list_tmp.txt第154792行 与上级域名jieyixiu.com#Black_list_tmp.txt第131567行 存在层级冲突
m.jiguang.cn#Black_list_tmp.txt第154793行 与上级域名jiguang.cn#Black_list_tmp.txt第131597行 存在层级冲突
m.jiirz.com#Black_list_tmp.txt第154794行 与上级域名jiirz.com#Black_list_tmp.txt第131606行 存在层级冲突
m.jinchaoyu.com#Black_list_tmp.txt第154795行 与上级域名jinchaoyu.com#Black_list_tmp.txt第131668行 存在层级冲突
m.jioeg.com#Black_list_tmp.txt第154797行 与上级域名jioeg.com#Black_list_tmp.txt第131728行 存在层级冲突
m.jkert.com#Black_list_tmp.txt第154798行 与上级域名jkert.com#Black_list_tmp.txt第132014行 存在层级冲突
m.jlkja.com#Black_list_tmp.txt第154800行 与上级域名jlkja.com#Black_list_tmp.txt第132146行 存在层级冲突
m.juyzr.com#Black_list_tmp.txt第154804行 与上级域名juyzr.com#Black_list_tmp.txt第134310行 存在层级冲突
m.jwiyr.com#Black_list_tmp.txt第154805行 与上级域名jwiyr.com#Black_list_tmp.txt第134453行 存在层级冲突
m.jyhwt.cn#Black_list_tmp.txt第154806行 与上级域名jyhwt.cn#Black_list_tmp.txt第134693行 存在层级冲突
m.kcooy.com#Black_list_tmp.txt第154811行 与上级域名kcooy.com#Black_list_tmp.txt第135676行 存在层级冲突
m.kejet.net#Black_list_tmp.txt第154813行 与上级域名kejet.net#Black_list_tmp.txt第135959行 存在层级冲突
m.khuoy.com#Black_list_tmp.txt第154816行 与上级域名khuoy.com#Black_list_tmp.txt第136566行 存在层级冲突
m.kjfhe.com#Black_list_tmp.txt第154818行 与上级域名kjfhe.com#Black_list_tmp.txt第137073行 存在层级冲突
m.kjhfy.com#Black_list_tmp.txt第154819行 与上级域名kjhfy.com#Black_list_tmp.txt第137091行 存在层级冲突
m.kl6636.net#Black_list_tmp.txt第154820行 与上级域名kl6636.net#Black_list_tmp.txt第137308行 存在层级冲突
m.kwjkd.com#Black_list_tmp.txt第154824行 与上级域名kwjkd.com#Black_list_tmp.txt第139302行 存在层级冲突
m.kxhie.com#Black_list_tmp.txt第154825行 与上级域名kxhie.com#Black_list_tmp.txt第139392行 存在层级冲突
m.l.qq.com#Black_list_tmp.txt第154826行 与上级域名l.qq.com#Black_list_tmp.txt第139821行 存在层级冲突
m.laojiayoufang.com#Black_list_tmp.txt第154831行 与上级域名laojiayoufang.com#Black_list_tmp.txt第140528行 存在层级冲突
m.laoqu123.com#Black_list_tmp.txt第154832行 与上级域名laoqu123.com#Black_list_tmp.txt第140535行 存在层级冲突
m.lfdydk.com#Black_list_tmp.txt第154834行 与上级域名lfdydk.com#Black_list_tmp.txt第142445行 存在层级冲突
m.lu.sogou.com#Black_list_tmp.txt第154843行 与上级域名lu.sogou.com#Black_list_tmp.txt第153241行 存在层级冲突
m.lusrg.cn#Black_list_tmp.txt第154845行 与上级域名lusrg.cn#Black_list_tmp.txt第153591行 存在层级冲突
m.lyjz001.com#Black_list_tmp.txt第154851行 与上级域名lyjz001.com#Black_list_tmp.txt第154123行 存在层级冲突
m.lzida.com#Black_list_tmp.txt第154852行 与上级域名lzida.com#Black_list_tmp.txt第154273行 存在层级冲突
m.lzytt.com#Black_list_tmp.txt第154853行 与上级域名lzytt.com#Black_list_tmp.txt第154337行 存在层级冲突
m.mpl.dutils.com#Black_list_tmp.txt第154880行 与上级域名dutils.com#Black_list_tmp.txt第79899行 存在层级冲突
m.track.ad.xiaomi.com#Black_list_tmp.txt第155065行 与上级域名ad.xiaomi.com#Black_list_tmp.txt第17120行 存在层级冲突
m1.ad.10010.com#Black_list_tmp.txt第155227行 与上级域名ad.10010.com#Black_list_tmp.txt第16534行 存在层级冲突
m2.da.mgtv.com#Black_list_tmp.txt第155269行 与上级域名da.mgtv.com#Black_list_tmp.txt第65334行 存在层级冲突
m2t.actonservice.com#Black_list_tmp.txt第155283行 与上级域名actonservice.com#Black_list_tmp.txt第16241行 存在层级冲突
m3hual.89doc.com#Black_list_tmp.txt第155302行 与上级域名89doc.com#Black_list_tmp.txt第8347行 存在层级冲突
ma.logsss.com#Black_list_tmp.txt第155418行 与上级域名logsss.com#Black_list_tmp.txt第151746行 存在层级冲突
mackeeperapp.mackeeper.com#Black_list_tmp.txt第155529行 与上级域名mackeeper.com#Black_list_tmp.txt第155528行 存在层级冲突
macro.adnami.io#Black_list_tmp.txt第155540行 与上级域名adnami.io#Black_list_tmp.txt第18835行 存在层级冲突
mad.kuuad.com#Black_list_tmp.txt第155552行 与上级域名kuuad.com#Black_list_tmp.txt第139105行 存在层级冲突
madisoncres.actonservice.com#Black_list_tmp.txt第155586行 与上级域名actonservice.com#Black_list_tmp.txt第16241行 存在层级冲突
mads.amazon-adsystem.com#Black_list_tmp.txt第155611行 与上级域名amazon-adsystem.com#Black_list_tmp.txt第25848行 存在层级冲突
mafiahairdresser.actonservice.com#Black_list_tmp.txt第155652行 与上级域名actonservice.com#Black_list_tmp.txt第16241行 存在层级冲突
maformationofficinale.actonservice.com#Black_list_tmp.txt第155655行 与上级域名actonservice.com#Black_list_tmp.txt第16241行 存在层级冲突
magellan.alimama.com#Black_list_tmp.txt第155678行 与上级域名alimama.com#Black_list_tmp.txt第25088行 存在层级冲突
magnetic.t.domdex.com#Black_list_tmp.txt第155740行 与上级域名domdex.com#Black_list_tmp.txt第77204行 存在层级冲突
mail-rite.actonservice.com#Black_list_tmp.txt第155841行 与上级域名actonservice.com#Black_list_tmp.txt第16241行 存在层级冲突
mail.domob.cn#Black_list_tmp.txt第155895行 与上级域名domob.cn#Black_list_tmp.txt第77243行 存在层级冲突
mail.ghmproperties.com#Black_list_tmp.txt第155899行 与上级域名ghmproperties.com#Black_list_tmp.txt第102044行 存在层级冲突
mail.itseasy.com#Black_list_tmp.txt第155907行 与上级域名itseasy.com#Black_list_tmp.txt第129033行 存在层级冲突
mail.jpush.cn#Black_list_tmp.txt第155908行 与上级域名jpush.cn#Black_list_tmp.txt第133024行 存在层级冲突
main.exdynsrv.com#Black_list_tmp.txt第156001行 与上级域名exdynsrv.com#Black_list_tmp.txt第89436行 存在层级冲突
main.exoclick.com#Black_list_tmp.txt第156002行 与上级域名exoclick.com#Black_list_tmp.txt第89584行 存在层级冲突
malacca.inveno.com#Black_list_tmp.txt第156169行 与上级域名inveno.com#Black_list_tmp.txt第127559行 存在层级冲突
mall.juzijinke.com#Black_list_tmp.txt第156205行 与上级域名juzijinke.com#Black_list_tmp.txt第134315行 存在层级冲突
manifold-config-server-staging.glanceai.inmobi.com#Black_list_tmp.txt第156400行 与上级域名inmobi.com#Black_list_tmp.txt第126488行 存在层级冲突
mantis.bayescom.com#Black_list_tmp.txt第156444行 与上级域名bayescom.com#Black_list_tmp.txt第37744行 存在层级冲突
map.dxpmedia.com#Black_list_tmp.txt第156494行 与上级域名dxpmedia.com#Black_list_tmp.txt第80430行 存在层级冲突
maplocatesdksnapshot.d.meituan.net#Black_list_tmp.txt第156522行 与上级域名d.meituan.net#Black_list_tmp.txt第63523行 存在层级冲突
maricich.actonservice.com#Black_list_tmp.txt第156620行 与上级域名actonservice.com#Black_list_tmp.txt第16241行 存在层级冲突
mark.l.qq.com#Black_list_tmp.txt第156648行 与上级域名l.qq.com#Black_list_tmp.txt第139821行 存在层级冲突
markentive.actonservice.com#Black_list_tmp.txt第156655行 与上级域名actonservice.com#Black_list_tmp.txt第16241行 存在层级冲突
marketingms.actonservice.com#Black_list_tmp.txt第158599行 与上级域名actonservice.com#Black_list_tmp.txt第16241行 存在层级冲突
marsh.actonservice.com#Black_list_tmp.txt第158685行 与上级域名actonservice.com#Black_list_tmp.txt第16241行 存在层级冲突
marshinsurance.actonservice.com#Black_list_tmp.txt第158690行 与上级域名actonservice.com#Black_list_tmp.txt第16241行 存在层级冲突
mass.mall044.com#Black_list_tmp.txt第158793行 与上级域名mall044.com#Black_list_tmp.txt第156208行 存在层级冲突
master.cifraclub.com.br#Black_list_tmp.txt第158823行 与上级域名cifraclub.com.br#Black_list_tmp.txt第53176行 存在层级冲突
masternaut.actonservice.com#Black_list_tmp.txt第158839行 与上级域名actonservice.com#Black_list_tmp.txt第16241行 存在层级冲突
match.adsby.bidtheatre.com#Black_list_tmp.txt第158878行 与上级域名bidtheatre.com#Black_list_tmp.txt第40587行 存在层级冲突
match.adsrvr.org#Black_list_tmp.txt第158880行 与上级域名adsrvr.org#Black_list_tmp.txt第21035行 存在层级冲突
match.bnmla.com#Black_list_tmp.txt第158881行 与上级域名bnmla.com#Black_list_tmp.txt第42543行 存在层级冲突
match.c8.net.ua#Black_list_tmp.txt第158882行 与上级域名c8.net.ua#Black_list_tmp.txt第47308行 存在层级冲突
match.prod.bidr.io#Black_list_tmp.txt第158886行 与上级域名bidr.io#Black_list_tmp.txt第40568行 存在层级冲突
material.istreamsche.com#Black_list_tmp.txt第158915行 与上级域名istreamsche.com#Black_list_tmp.txt第128803行 存在层级冲突
matrix42.actonservice.com#Black_list_tmp.txt第159014行 与上级域名actonservice.com#Black_list_tmp.txt第16241行 存在层级冲突
maven.admobile.top#Black_list_tmp.txt第159078行 与上级域名admobile.top#Black_list_tmp.txt第18789行 存在层级冲突
mbaco.actonservice.com#Black_list_tmp.txt第159259行 与上级域名actonservice.com#Black_list_tmp.txt第16241行 存在层级冲突
mbs.hao.360.cn#Black_list_tmp.txt第159389行 与上级域名360.cn#Black_list_tmp.txt第4252行 存在层级冲突
mc.51.la#Black_list_tmp.txt第159437行 与上级域名51.la#Black_list_tmp.txt第5675行 存在层级冲突
mc.atm.youku.com#Black_list_tmp.txt第159439行 与上级域名atm.youku.com#Black_list_tmp.txt第33782行 存在层级冲突
mc.bwaa011.top#Black_list_tmp.txt第159441行 与上级域名bwaa011.top#Black_list_tmp.txt第46205行 存在层级冲突
mcd-mkt-prod31-lb.campaign.adobe.com#Black_list_tmp.txt第159476行 与上级域名campaign.adobe.com#Black_list_tmp.txt第47940行 存在层级冲突
mcg-ads.inmobi.com#Black_list_tmp.txt第159496行 与上级域名inmobi.com#Black_list_tmp.txt第126488行 存在层级冲突
mclean.f.360.cn#Black_list_tmp.txt第159525行 与上级域名360.cn#Black_list_tmp.txt第4252行 存在层级冲突
mcw.actonservice.com#Black_list_tmp.txt第159595行 与上级域名actonservice.com#Black_list_tmp.txt第16241行 存在层级冲突
md.1drj.com#Black_list_tmp.txt第159612行 与上级域名1drj.com#Black_list_tmp.txt第2395行 存在层级冲突
mdfcrm.actonservice.com#Black_list_tmp.txt第159654行 与上级域名actonservice.com#Black_list_tmp.txt第16241行 存在层级冲突
me-cdn.effectivemeasure.net#Black_list_tmp.txt第159958行 与上级域名effectivemeasure.net#Black_list_tmp.txt第83409行 存在层级冲突
me.afp.chinanews.com#Black_list_tmp.txt第159962行 与上级域名afp.chinanews.com#Black_list_tmp.txt第22969行 存在层级冲突
meanwellaustralia.actonservice.com#Black_list_tmp.txt第160018行 与上级域名actonservice.com#Black_list_tmp.txt第16241行 存在层级冲突
med.heyzap.com#Black_list_tmp.txt第160254行 与上级域名heyzap.com#Black_list_tmp.txt第116313行 存在层级冲突
medhyg.actonservice.com#Black_list_tmp.txt第160295行 与上级域名actonservice.com#Black_list_tmp.txt第16241行 存在层级冲突
media-static.jointreport-switch.com#Black_list_tmp.txt第160319行 与上级域名jointreport-switch.com#Black_list_tmp.txt第132651行 存在层级冲突
media.admob.com#Black_list_tmp.txt第160328行 与上级域名admob.com#Black_list_tmp.txt第18786行 存在层级冲突
media.fastclick.net#Black_list_tmp.txt第160350行 与上级域名fastclick.net#Black_list_tmp.txt第91348行 存在层级冲突
media.jointreport-switch.com#Black_list_tmp.txt第160360行 与上级域名jointreport-switch.com#Black_list_tmp.txt第132651行 存在层级冲突
mediacy.actonservice.com#Black_list_tmp.txt第160435行 与上级域名actonservice.com#Black_list_tmp.txt第16241行 存在层级冲突
mediasource.actonservice.com#Black_list_tmp.txt第160512行 与上级域名actonservice.com#Black_list_tmp.txt第16241行 存在层级冲突
mediation.adnxs.com#Black_list_tmp.txt第160525行 与上级域名adnxs.com#Black_list_tmp.txt第18901行 存在层级冲突
mediavisor.doubleclick.net#Black_list_tmp.txt第160546行 与上级域名doubleclick.net#Black_list_tmp.txt第77549行 存在层级冲突
medisante.actonservice.com#Black_list_tmp.txt第160604行 与上级域名actonservice.com#Black_list_tmp.txt第16241行 存在层级冲突
medtrainer.actonservice.com#Black_list_tmp.txt第160646行 与上级域名actonservice.com#Black_list_tmp.txt第16241行 存在层级冲突
medxm1.actonservice.com#Black_list_tmp.txt第160652行 与上级域名actonservice.com#Black_list_tmp.txt第16241行 存在层级冲突
meez.crwdcntrl.net#Black_list_tmp.txt第160730行 与上级域名crwdcntrl.net#Black_list_tmp.txt第61121行 存在层级冲突
members.adoptim.com#Black_list_tmp.txt第160942行 与上级域名adoptim.com#Black_list_tmp.txt第19098行 存在层级冲突
members.dagfs.com#Black_list_tmp.txt第160947行 与上级域名dagfs.com#Black_list_tmp.txt第65609行 存在层级冲突
mesalabs.actonservice.com#Black_list_tmp.txt第161250行 与上级域名actonservice.com#Black_list_tmp.txt第16241行 存在层级冲突
met-horn-log.dreport.meituan.net#Black_list_tmp.txt第161317行 与上级域名dreport.meituan.net#Black_list_tmp.txt第78317行 存在层级冲突
metallic.actonservice.com#Black_list_tmp.txt第161407行 与上级域名actonservice.com#Black_list_tmp.txt第16241行 存在层级冲突
metapack.actonservice.com#Black_list_tmp.txt第161419行 与上级域名actonservice.com#Black_list_tmp.txt第16241行 存在层级冲突
metrics-picture.d.meituan.net#Black_list_tmp.txt第161717行 与上级域名d.meituan.net#Black_list_tmp.txt第63523行 存在层级冲突
metrics.data.hicloud.com#Black_list_tmp.txt第162354行 与上级域名data.hicloud.com#Black_list_tmp.txt第69507行 存在层级冲突
metrics1.data.hicloud.com#Black_list_tmp.txt第164367行 与上级域名data.hicloud.com#Black_list_tmp.txt第69507行 存在层级冲突
metrics2.data.hicloud.com#Black_list_tmp.txt第164371行 与上级域名data.hicloud.com#Black_list_tmp.txt第69507行 存在层级冲突
metrics5.data.hicloud.com#Black_list_tmp.txt第164376行 与上级域名data.hicloud.com#Black_list_tmp.txt第69507行 存在层级冲突
meylercapital.actonservice.com#Black_list_tmp.txt第164467行 与上级域名actonservice.com#Black_list_tmp.txt第16241行 存在层级冲突
mfp.deliver.ifeng.com#Black_list_tmp.txt第164566行 与上级域名deliver.ifeng.com#Black_list_tmp.txt第72835行 存在层级冲突
mfrmls.actonservice.com#Black_list_tmp.txt第164573行 与上级域名actonservice.com#Black_list_tmp.txt第16241行 存在层级冲突
mg.glwxw.net#Black_list_tmp.txt第164610行 与上级域名glwxw.net#Black_list_tmp.txt第103321行 存在层级冲突
mhinvest.actonservice.com#Black_list_tmp.txt第164813行 与上级域名actonservice.com#Black_list_tmp.txt第16241行 存在层级冲突
mhz-design.actonservice.com#Black_list_tmp.txt第164881行 与上级域名actonservice.com#Black_list_tmp.txt第16241行 存在层级冲突
mi-eo.gdt.qq.com#Black_list_tmp.txt第164885行 与上级域名gdt.qq.com#Black_list_tmp.txt第100514行 存在层级冲突
mi.gdt.qq.com#Black_list_tmp.txt第164888行 与上级域名gdt.qq.com#Black_list_tmp.txt第100514行 存在层级冲突
microlise.actonservice.com#Black_list_tmp.txt第164976行 与上级域名actonservice.com#Black_list_tmp.txt第16241行 存在层级冲突
micronetonline.actonservice.com#Black_list_tmp.txt第164977行 与上级域名actonservice.com#Black_list_tmp.txt第16241行 存在层级冲突
microware.actonservice.com#Black_list_tmp.txt第164998行 与上级域名actonservice.com#Black_list_tmp.txt第16241行 存在层级冲突
mid.houyi.baofeng.net#Black_list_tmp.txt第165003行 与上级域名houyi.baofeng.net#Black_list_tmp.txt第118826行 存在层级冲突
midas-tracker.hellay.net#Black_list_tmp.txt第165008行 与上级域名hellay.net#Black_list_tmp.txt第115877行 存在层级冲突
mie-solutions.actonservice.com#Black_list_tmp.txt第165074行 与上级域名actonservice.com#Black_list_tmp.txt第16241行 存在层级冲突
mig.str.mdt.qq.com#Black_list_tmp.txt第165091行 与上级域名mdt.qq.com#Black_list_tmp.txt第159781行 存在层级冲突
migu-mipdx.cn.miaozhen.com#Black_list_tmp.txt第165126行 与上级域名cn.miaozhen.com#Black_list_tmp.txt第55705行 存在层级冲突
mill-all.actonservice.com#Black_list_tmp.txt第165218行 与上级域名actonservice.com#Black_list_tmp.txt第16241行 存在层级冲突
million-api.aiclk.com#Black_list_tmp.txt第165233行 与上级域名aiclk.com#Black_list_tmp.txt第23786行 存在层级冲突
mimakiusa.actonservice.com#Black_list_tmp.txt第165263行 与上级域名actonservice.com#Black_list_tmp.txt第16241行 存在层级冲突
mimg.7791.com.cn#Black_list_tmp.txt第165269行 与上级域名7791.com.cn#Black_list_tmp.txt第7438行 存在层级冲突
mine.blank.drawpad.org#Black_list_tmp.txt第165332行 与上级域名drawpad.org#Black_list_tmp.txt第78220行 存在层级冲突
miner.beeppool.org#Black_list_tmp.txt第165353行 与上级域名beeppool.org#Black_list_tmp.txt第38874行 存在层级冲突
miner.cryptobara.com#Black_list_tmp.txt第165354行 与上级域名cryptobara.com#Black_list_tmp.txt第61164行 存在层级冲突
mingkuaian.cn.miaozhen.com#Black_list_tmp.txt第165388行 与上级域名cn.miaozhen.com#Black_list_tmp.txt第55705行 存在层级冲突
mini-stats.jpush.cn#Black_list_tmp.txt第165407行 与上级域名jpush.cn#Black_list_tmp.txt第133024行 存在层级冲突
mini.cpc.sogou.com#Black_list_tmp.txt第165409行 与上级域名cpc.sogou.com#Black_list_tmp.txt第59934行 存在层级冲突
miniapp-ad.bj.bcebos.com#Black_list_tmp.txt第165416行 与上级域名bj.bcebos.com#Black_list_tmp.txt第41261行 存在层级冲突
minipage.2345.com#Black_list_tmp.txt第165453行 与上级域名2345.com#Black_list_tmp.txt第3220行 存在层级冲突
missionrs.actonservice.com#Black_list_tmp.txt第165692行 与上级域名actonservice.com#Black_list_tmp.txt第16241行 存在层级冲突
miui.hdfdm.com#Black_list_tmp.txt第165803行 与上级域名hdfdm.com#Black_list_tmp.txt第115391行 存在层级冲突
mix.jinritemai.com#Black_list_tmp.txt第165822行 与上级域名jinritemai.com#Black_list_tmp.txt第131708行 存在层级冲突
mixreach.cn.miaozhen.com#Black_list_tmp.txt第165853行 与上级域名cn.miaozhen.com#Black_list_tmp.txt第55705行 存在层级冲突
mjs.csyymp4.com#Black_list_tmp.txt第165967行 与上级域名csyymp4.com#Black_list_tmp.txt第61508行 存在层级冲突
mkt-i.actonservice.com#Black_list_tmp.txt第166103行 与上级域名actonservice.com#Black_list_tmp.txt第16241行 存在层级冲突
mlb.did.ijinshan.com#Black_list_tmp.txt第166247行 与上级域名did.ijinshan.com#Black_list_tmp.txt第74519行 存在层级冲突
mlinks.jiguang.cn#Black_list_tmp.txt第166286行 与上级域名jiguang.cn#Black_list_tmp.txt第131597行 存在层级冲突
mlog.hiido.com#Black_list_tmp.txt第166323行 与上级域名hiido.com#Black_list_tmp.txt第116911行 存在层级冲突
mm.dopa.com.cn#Black_list_tmp.txt第166393行 与上级域名dopa.com.cn#Black_list_tmp.txt第77369行 存在层级冲突
mm.jgchq.com#Black_list_tmp.txt第166395行 与上级域名jgchq.com#Black_list_tmp.txt第131250行 存在层级冲突
mmarkhigh.actonservice.com#Black_list_tmp.txt第166424行 与上级域名actonservice.com#Black_list_tmp.txt第16241行 存在层级冲突
mmc-ltd.actonservice.com#Black_list_tmp.txt第166430行 与上级域名actonservice.com#Black_list_tmp.txt第16241行 存在层级冲突
mmg.aty.cp45.ott.cibntv.net#Black_list_tmp.txt第166467行 与上级域名aty.cp45.ott.cibntv.net#Black_list_tmp.txt第34070行 存在层级冲突
mmg.aty.sohu.com#Black_list_tmp.txt第166469行 与上级域名aty.sohu.com#Black_list_tmp.txt第34072行 存在层级冲突
mmjs.adutp.com#Black_list_tmp.txt第166489行 与上级域名adutp.com#Black_list_tmp.txt第21437行 存在层级冲突
mn.dzigj.com#Black_list_tmp.txt第166609行 与上级域名dzigj.com#Black_list_tmp.txt第80670行 存在层级冲突
mo.test.haloapps.com#Black_list_tmp.txt第166776行 与上级域名haloapps.com#Black_list_tmp.txt第114212行 存在层级冲突
mob.adwhirl.com#Black_list_tmp.txt第166825行 与上级域名adwhirl.com#Black_list_tmp.txt第21779行 存在层级冲突
mob.huimee.net#Black_list_tmp.txt第166828行 与上级域名huimee.net#Black_list_tmp.txt第119837行 存在层级冲突
mobad.ijinshan.com#Black_list_tmp.txt第166842行 与上级域名ijinshan.com#Black_list_tmp.txt第122678行 存在层级冲突
mobads-pre-config.bj.bcebos.com#Black_list_tmp.txt第166848行 与上级域名bj.bcebos.com#Black_list_tmp.txt第41261行 存在层级冲突
mobdata.mob.com#Black_list_tmp.txt第166873行 与上级域名mob.com#Black_list_tmp.txt第166827行 存在层级冲突
mobile.controller.duokanbox.com#Black_list_tmp.txt第166945行 与上级域名controller.duokanbox.com#Black_list_tmp.txt第58532行 存在层级冲突
mobile.da.mgtv.com#Black_list_tmp.txt第166946行 与上级域名da.mgtv.com#Black_list_tmp.txt第65334行 存在层级冲突
mobile.events.data.microsoft.com#Black_list_tmp.txt第166949行 与上级域名events.data.microsoft.com#Black_list_tmp.txt第88693行 存在层级冲突
mobile.ib.sin1.geoadnxs.com#Black_list_tmp.txt第166954行 与上级域名ib.sin1.geoadnxs.com#Black_list_tmp.txt第121321行 存在层级冲突
mobile2.da.mgtv.com#Black_list_tmp.txt第166972行 与上级域名da.mgtv.com#Black_list_tmp.txt第65334行 存在层级冲突
mobpay.mob.com#Black_list_tmp.txt第167044行 与上级域名mob.com#Black_list_tmp.txt第166827行 存在层级冲突
mofjgesm.memti79268.cc#Black_list_tmp.txt第167201行 与上级域名memti79268.cc#Black_list_tmp.txt第161014行 存在层级冲突
moka.inte.sogoucdn.com#Black_list_tmp.txt第167276行 与上级域名inte.sogoucdn.com#Black_list_tmp.txt第127168行 存在层级冲突
moldex.actonservice.com#Black_list_tmp.txt第167296行 与上级域名actonservice.com#Black_list_tmp.txt第16241行 存在层级冲突
mon.ad.xelements.cn#Black_list_tmp.txt第167449行 与上级域名ad.xelements.cn#Black_list_tmp.txt第17117行 存在层级冲突
mon.domdog.io#Black_list_tmp.txt第167453行 与上级域名domdog.io#Black_list_tmp.txt第77205行 存在层级冲突
monitor-tools.cn.miaozhen.com#Black_list_tmp.txt第167617行 与上级域名cn.miaozhen.com#Black_list_tmp.txt第55705行 存在层级冲突
monitor.ads.8le8le.com#Black_list_tmp.txt第167620行 与上级域名8le8le.com#Black_list_tmp.txt第8534行 存在层级冲突
monitor.dsp.mob.com#Black_list_tmp.txt第167625行 与上级域名mob.com#Black_list_tmp.txt第166827行 存在层级冲突
monitor.l.qq.com#Black_list_tmp.txt第167629行 与上级域名l.qq.com#Black_list_tmp.txt第139821行 存在层级冲突
monitor.ssp.admobile.top#Black_list_tmp.txt第167635行 与上级域名admobile.top#Black_list_tmp.txt第18789行 存在层级冲突
monitorsdk.appsflyer.com#Black_list_tmp.txt第167652行 与上级域名appsflyer.com#Black_list_tmp.txt第31587行 存在层级冲突
monott.ad.xelements.cn#Black_list_tmp.txt第167699行 与上级域名ad.xelements.cn#Black_list_tmp.txt第17117行 存在层级冲突
monster.branch.rocks#Black_list_tmp.txt第167707行 与上级域名branch.rocks#Black_list_tmp.txt第44001行 存在层级冲突
mores.anythinktech.com#Black_list_tmp.txt第167963行 与上级域名anythinktech.com#Black_list_tmp.txt第27990行 存在层级冲突
morganfranklin.actonservice.com#Black_list_tmp.txt第167976行 与上级域名actonservice.com#Black_list_tmp.txt第16241行 存在层级冲突
mos.miaozhen.com#Black_list_tmp.txt第168043行 与上级域名miaozhen.com#Black_list_tmp.txt第164918行 存在层级冲突
motista.actonservice.com#Black_list_tmp.txt第168145行 与上级域名actonservice.com#Black_list_tmp.txt第16241行 存在层级冲突
movie.miaiche.cn#Black_list_tmp.txt第168296行 与上级域名miaiche.cn#Black_list_tmp.txt第164906行 存在层级冲突
moxtra.actonservice.com#Black_list_tmp.txt第168349行 与上级域名actonservice.com#Black_list_tmp.txt第16241行 存在层级冲突
mp5-wl.mobileposse.com#Black_list_tmp.txt第168406行 与上级域名mobileposse.com#Black_list_tmp.txt第167005行 存在层级冲突
mpc-co.actonservice.com#Black_list_tmp.txt第168435行 与上级域名actonservice.com#Black_list_tmp.txt第16241行 存在层级冲突
mpcfg.fancydsp.com#Black_list_tmp.txt第168436行 与上级域名fancydsp.com#Black_list_tmp.txt第91035行 存在层级冲突
mqqeve.beacon.qq.com#Black_list_tmp.txt第168664行 与上级域名beacon.qq.com#Black_list_tmp.txt第38554行 存在层级冲突
mr.da.netease.com#Black_list_tmp.txt第168700行 与上级域名da.netease.com#Black_list_tmp.txt第65337行 存在层级冲突
ms.applovin.com#Black_list_tmp.txt第168868行 与上级域名applovin.com#Black_list_tmp.txt第31454行 存在层级冲突
ms.applvn.com#Black_list_tmp.txt第168869行 与上级域名applvn.com#Black_list_tmp.txt第31456行 存在层级冲突
ms.awqsaged.cn#Black_list_tmp.txt第168870行 与上级域名awqsaged.cn#Black_list_tmp.txt第35136行 存在层级冲突
ms.continuedsys.cn#Black_list_tmp.txt第168875行 与上级域名continuedsys.cn#Black_list_tmp.txt第58478行 存在层级冲突
ms.ienkdaccessible.cn#Black_list_tmp.txt第168877行 与上级域名ienkdaccessible.cn#Black_list_tmp.txt第122035行 存在层级冲突
ms.jyhwt.cn#Black_list_tmp.txt第168880行 与上级域名jyhwt.cn#Black_list_tmp.txt第134693行 存在层级冲突
ms4.applovin.com#Black_list_tmp.txt第168890行 与上级域名applovin.com#Black_list_tmp.txt第31454行 存在层级冲突
ms4.applvn.com#Black_list_tmp.txt第168891行 与上级域名applvn.com#Black_list_tmp.txt第31456行 存在层级冲突
msch.f.360.cn#Black_list_tmp.txt第168912行 与上级域名360.cn#Black_list_tmp.txt第4252行 存在层级冲突
msdk.irs01.com#Black_list_tmp.txt第168933行 与上级域名irs01.com#Black_list_tmp.txt第128509行 存在层级冲突
msft-ssp.adnxs.com#Black_list_tmp.txt第168952行 与上级域名adnxs.com#Black_list_tmp.txt第18901行 存在层级冲突
msg.71.am#Black_list_tmp.txt第168958行 与上级域名71.am#Black_list_tmp.txt第7199行 存在层级冲突
msg.cn.miaozhen.com#Black_list_tmp.txt第168960行 与上级域名cn.miaozhen.com#Black_list_tmp.txt第55705行 存在层级冲突
msg.mbm.cn.miaozhen.com#Black_list_tmp.txt第168967行 与上级域名cn.miaozhen.com#Black_list_tmp.txt第55705行 存在层级冲突
msg.push.51y5.net#Black_list_tmp.txt第168971行 与上级域名51y5.net#Black_list_tmp.txt第5759行 存在层级冲突
msga.71.am#Black_list_tmp.txt第168982行 与上级域名71.am#Black_list_tmp.txt第7199行 存在层级冲突
msga.cupid.iqiyi.com#Black_list_tmp.txt第168983行 与上级域名cupid.iqiyi.com#Black_list_tmp.txt第62087行 存在层级冲突
mshs.actonservice.com#Black_list_tmp.txt第169001行 与上级域名actonservice.com#Black_list_tmp.txt第16241行 存在层级冲突
msigbs.actonservice.com#Black_list_tmp.txt第169005行 与上级域名actonservice.com#Black_list_tmp.txt第16241行 存在层级冲突
msitec.actonservice.com#Black_list_tmp.txt第169010行 与上级域名actonservice.com#Black_list_tmp.txt第16241行 存在层级冲突
msn.adx.mediav.com#Black_list_tmp.txt第169034行 与上级域名mediav.com#Black_list_tmp.txt第160540行 存在层级冲突
msoftdl.360.cn#Black_list_tmp.txt第169047行 与上级域名360.cn#Black_list_tmp.txt第4252行 存在层级冲突
msufcu.actonservice.com#Black_list_tmp.txt第169128行 与上级域名actonservice.com#Black_list_tmp.txt第16241行 存在层级冲突
mswd00602.xz.ajshs.cn#Black_list_tmp.txt第169137行 与上级域名ajshs.cn#Black_list_tmp.txt第24352行 存在层级冲突
mt.cnzz.com#Black_list_tmp.txt第169166行 与上级域名cnzz.com#Black_list_tmp.txt第55958行 存在层级冲突
mt131840.aishanglight.com#Black_list_tmp.txt第169174行 与上级域名aishanglight.com#Black_list_tmp.txt第24129行 存在层级冲突
mta.cnzz.com#Black_list_tmp.txt第169183行 与上级域名cnzz.com#Black_list_tmp.txt第55958行 存在层级冲突
mtag.mman.kr#Black_list_tmp.txt第169188行 与上级域名mman.kr#Black_list_tmp.txt第166423行 存在层级冲突
mtalk.mob.com#Black_list_tmp.txt第169190行 与上级域名mob.com#Black_list_tmp.txt第166827行 存在层级冲突
mti.35kds.com#Black_list_tmp.txt第169284行 与上级域名35kds.com#Black_list_tmp.txt第4224行 存在层级冲突
mtp.cnzz.com#Black_list_tmp.txt第169337行 与上级域名cnzz.com#Black_list_tmp.txt第55958行 存在层级冲突
mtt.eve.mdt.qq.com#Black_list_tmp.txt第169415行 与上级域名mdt.qq.com#Black_list_tmp.txt第159781行 存在层级冲突
mtt.str.mdt.qq.com#Black_list_tmp.txt第169416行 与上级域名mdt.qq.com#Black_list_tmp.txt第159781行 存在层级冲突
multiply.crwdcntrl.net#Black_list_tmp.txt第169686行 与上级域名crwdcntrl.net#Black_list_tmp.txt第61121行 存在层级冲突
munchkin.marketo.net#Black_list_tmp.txt第169726行 与上级域名marketo.net#Black_list_tmp.txt第158613行 存在层级冲突
music.httpdns.c.163.com#Black_list_tmp.txt第169898行 与上级域名httpdns.c.163.com#Black_list_tmp.txt第119552行 存在层级冲突
mvn.gt.getui.com#Black_list_tmp.txt第170119行 与上级域名getui.com#Black_list_tmp.txt第101495行 存在层级冲突
mvn.gt.igexin.com#Black_list_tmp.txt第170120行 与上级域名igexin.com#Black_list_tmp.txt第122271行 存在层级冲突
mvn.mob.com#Black_list_tmp.txt第170121行 与上级域名mob.com#Black_list_tmp.txt第166827行 存在层级冲突
mvp.mediav.com#Black_list_tmp.txt第170142行 与上级域名mediav.com#Black_list_tmp.txt第160540行 存在层级冲突
mw-ind.actonservice.com#Black_list_tmp.txt第170185行 与上级域名actonservice.com#Black_list_tmp.txt第16241行 存在层级冲突
mwzbp.iask.com.cn#Black_list_tmp.txt第170284行 与上级域名iask.com.cn#Black_list_tmp.txt第121285行 存在层级冲突
mx.cnzz.com#Black_list_tmp.txt第170291行 与上级域名cnzz.com#Black_list_tmp.txt第55958行 存在层级冲突
my.j8inn1zektoe.com#Black_list_tmp.txt第170485行 与上级域名j8inn1zektoe.com#Black_list_tmp.txt第129887行 存在层级冲突
my.leadpages.net#Black_list_tmp.txt第170490行 与上级域名leadpages.net#Black_list_tmp.txt第141532行 存在层级冲突
my.mobfox.com#Black_list_tmp.txt第170497行 与上级域名mobfox.com#Black_list_tmp.txt第166885行 存在层级冲突
mya.actonservice.com#Black_list_tmp.txt第170599行 与上级域名actonservice.com#Black_list_tmp.txt第16241行 存在层级冲突
myapp.branch.rocks#Black_list_tmp.txt第170629行 与上级域名branch.rocks#Black_list_tmp.txt第44001行 存在层级冲突
myarab-me.j8inn1zektoe.com#Black_list_tmp.txt第170631行 与上级域名j8inn1zektoe.com#Black_list_tmp.txt第129887行 存在层级冲突
mycomputermadesimple.j8inn1zektoe.com#Black_list_tmp.txt第170675行 与上级域名j8inn1zektoe.com#Black_list_tmp.txt第129887行 存在层级冲突
mydario.actonservice.com#Black_list_tmp.txt第170686行 与上级域名actonservice.com#Black_list_tmp.txt第16241行 存在层级冲突
mydrunkkitchen.j8inn1zektoe.com#Black_list_tmp.txt第170703行 与上级域名j8inn1zektoe.com#Black_list_tmp.txt第129887行 存在层级冲突
myexhibiteam.actonservice.com#Black_list_tmp.txt第170728行 与上级域名actonservice.com#Black_list_tmp.txt第16241行 存在层级冲突
myfrenchcountryhome.j8inn1zektoe.com#Black_list_tmp.txt第170744行 与上级域名j8inn1zektoe.com#Black_list_tmp.txt第129887行 存在层级冲突
myhome.j8inn1zektoe.com#Black_list_tmp.txt第170767行 与上级域名j8inn1zektoe.com#Black_list_tmp.txt第129887行 存在层级冲突
myknitting.j8inn1zektoe.com#Black_list_tmp.txt第170804行 与上级域名j8inn1zektoe.com#Black_list_tmp.txt第129887行 存在层级冲突
myretailmatch.actonservice.com#Black_list_tmp.txt第170919行 与上级域名actonservice.com#Black_list_tmp.txt第16241行 存在层级冲突
mysayin.j8inn1zektoe.com#Black_list_tmp.txt第170935行 与上级域名j8inn1zektoe.com#Black_list_tmp.txt第129887行 存在层级冲突
mysterium.j8inn1zektoe.com#Black_list_tmp.txt第170981行 与上级域名j8inn1zektoe.com#Black_list_tmp.txt第129887行 存在层级冲突
myvpn.inmobi.com#Black_list_tmp.txt第171046行 与上级域名inmobi.com#Black_list_tmp.txt第126488行 存在层级冲突
myworldmadebyhand.j8inn1zektoe.com#Black_list_tmp.txt第171063行 与上级域名j8inn1zektoe.com#Black_list_tmp.txt第129887行 存在层级冲突
n.ads3-adnow.com#Black_list_tmp.txt第171192行 与上级域名ads3-adnow.com#Black_list_tmp.txt第20484行 存在层级冲突
n.amoad.com#Black_list_tmp.txt第171194行 与上级域名amoad.com#Black_list_tmp.txt第26091行 存在层级冲突
n.gemini.yahoo.com#Black_list_tmp.txt第171204行 与上级域名gemini.yahoo.com#Black_list_tmp.txt第100724行 存在层级冲突
n3fy6kdi.goukaize.top#Black_list_tmp.txt第171299行 与上级域名goukaize.top#Black_list_tmp.txt第105326行 存在层级冲突
n5df.getnewsupdate.info#Black_list_tmp.txt第171324行 与上级域名getnewsupdate.info#Black_list_tmp.txt第101412行 存在层级冲突
na.hasmobi.net#Black_list_tmp.txt第171371行 与上级域名hasmobi.net#Black_list_tmp.txt第114783行 存在层级冲突
nai.cpxkvc.com#Black_list_tmp.txt第171494行 与上级域名cpxkvc.com#Black_list_tmp.txt第60185行 存在层级冲突
naidileobram.actonservice.com#Black_list_tmp.txt第171501行 与上级域名actonservice.com#Black_list_tmp.txt第16241行 存在层级冲突
nakisa.actonservice.com#Black_list_tmp.txt第171559行 与上级域名actonservice.com#Black_list_tmp.txt第16241行 存在层级冲突
nanthealth.actonservice.com#Black_list_tmp.txt第171672行 与上级域名actonservice.com#Black_list_tmp.txt第16241行 存在层级冲突
narc-dc.actonservice.com#Black_list_tmp.txt第171890行 与上级域名actonservice.com#Black_list_tmp.txt第16241行 存在层级冲突
nativeadv.dftoutiao.com#Black_list_tmp.txt第171998行 与上级域名dftoutiao.com#Black_list_tmp.txt第73922行 存在层级冲突
nav.browser.miui.com#Black_list_tmp.txt第172092行 与上级域名browser.miui.com#Black_list_tmp.txt第44682行 存在层级冲突
nc.gdt.qq.com#Black_list_tmp.txt第172315行 与上级域名gdt.qq.com#Black_list_tmp.txt第100514行 存在层级冲突
nc004x.corp.youdao.com#Black_list_tmp.txt第172318行 与上级域名corp.youdao.com#Black_list_tmp.txt第59169行 存在层级冲突
nc045x.corp.youdao.com#Black_list_tmp.txt第172319行 与上级域名corp.youdao.com#Black_list_tmp.txt第59169行 存在层级冲突
nccer.actonservice.com#Black_list_tmp.txt第172340行 与上级域名actonservice.com#Black_list_tmp.txt第16241行 存在层级冲突
ne.1rtb.com#Black_list_tmp.txt第172617行 与上级域名1rtb.com#Black_list_tmp.txt第2626行 存在层级冲突
neathousepartners.actonservice.com#Black_list_tmp.txt第172650行 与上级域名actonservice.com#Black_list_tmp.txt第16241行 存在层级冲突
nedasco.actonservice.com#Black_list_tmp.txt第172708行 与上级域名actonservice.com#Black_list_tmp.txt第16241行 存在层级冲突
neosllc.actonservice.com#Black_list_tmp.txt第172908行 与上级域名actonservice.com#Black_list_tmp.txt第16241行 存在层级冲突
neptune.mobileposse.com#Black_list_tmp.txt第173030行 与上级域名mobileposse.com#Black_list_tmp.txt第167005行 存在层级冲突
net.daraz.com#Black_list_tmp.txt第173125行 与上级域名daraz.com#Black_list_tmp.txt第66017行 存在层级冲突
netease.jump.8le8le.com#Black_list_tmp.txt第173184行 与上级域名8le8le.com#Black_list_tmp.txt第8534行 存在层级冲突
netinsight.actonservice.com#Black_list_tmp.txt第173203行 与上级域名actonservice.com#Black_list_tmp.txt第16241行 存在层级冲突
new-api.meiqia.com#Black_list_tmp.txt第173364行 与上级域名meiqia.com#Black_list_tmp.txt第160831行 存在层级冲突
new.api.ad.xiaomi.com#Black_list_tmp.txt第173379行 与上级域名ad.xiaomi.com#Black_list_tmp.txt第17120行 存在层级冲突
new.cnzz.com#Black_list_tmp.txt第173382行 与上级域名cnzz.com#Black_list_tmp.txt第55958行 存在层级冲突
new.dashboard.mob.com#Black_list_tmp.txt第173383行 与上级域名mob.com#Black_list_tmp.txt第166827行 存在层级冲突
new.ltheanine.cn#Black_list_tmp.txt第173392行 与上级域名ltheanine.cn#Black_list_tmp.txt第153145行 存在层级冲突
news-img.51y5.net#Black_list_tmp.txt第173538行 与上级域名51y5.net#Black_list_tmp.txt第5759行 存在层级冲突
news-log.51y5.net#Black_list_tmp.txt第173544行 与上级域名51y5.net#Black_list_tmp.txt第5759行 存在层级冲突
news.51y5.net#Black_list_tmp.txt第173570行 与上级域名51y5.net#Black_list_tmp.txt第5759行 存在层级冲突
news.cxxtv.com#Black_list_tmp.txt第173592行 与上级域名cxxtv.com#Black_list_tmp.txt第62831行 存在层级冲突
news.iadsdk.apple.com#Black_list_tmp.txt第173606行 与上级域名iadsdk.apple.com#Black_list_tmp.txt第121201行 存在层级冲突
news.l.qq.com#Black_list_tmp.txt第173614行 与上级域名l.qq.com#Black_list_tmp.txt第139821行 存在层级冲突
nextgen.guardianapps.co.uk#Black_list_tmp.txt第173864行 与上级域名guardianapps.co.uk#Black_list_tmp.txt第112704行 存在层级冲突
nexus.ensighten.com#Black_list_tmp.txt第173888行 与上级域名ensighten.com#Black_list_tmp.txt第86295行 存在层级冲突
nfh.cnshef.com#Black_list_tmp.txt第173946行 与上级域名cnshef.com#Black_list_tmp.txt第55870行 存在层级冲突
nggfe.fdgem.com#Black_list_tmp.txt第174088行 与上级域名fdgem.com#Black_list_tmp.txt第91977行 存在层级冲突
ngs.actonservice.com#Black_list_tmp.txt第174139行 与上级域名actonservice.com#Black_list_tmp.txt第16241行 存在层级冲突
nimiq.icemining.ca#Black_list_tmp.txt第174602行 与上级域名icemining.ca#Black_list_tmp.txt第121521行 存在层级冲突
nimwss-us-shark.lolopool.com#Black_list_tmp.txt第174620行 与上级域名lolopool.com#Black_list_tmp.txt第151835行 存在层级冲突
ninemsn.imrworldwide.com#Black_list_tmp.txt第174633行 与上级域名imrworldwide.com#Black_list_tmp.txt第124567行 存在层级冲突
nj.baichuan.baidu.com#Black_list_tmp.txt第174829行 与上级域名baichuan.baidu.com#Black_list_tmp.txt第36620行 存在层级冲突
njs.myyage.com#Black_list_tmp.txt第174907行 与上级域名myyage.com#Black_list_tmp.txt第171073行 存在层级冲突
nl-gcp-ad-track-sdk-europe-west4-c.mtgglobals.com#Black_list_tmp.txt第175044行 与上级域名mtgglobals.com#Black_list_tmp.txt第169238行 存在层级冲突
nl-new-cdn-ssplib-europe-west4-b-hb.mtgglobals.com#Black_list_tmp.txt第175046行 与上级域名mtgglobals.com#Black_list_tmp.txt第169238行 存在层级冲突
nl-new-cdn-ssplib-europe-west4-c-hb.mtgglobals.com#Black_list_tmp.txt第175048行 与上级域名mtgglobals.com#Black_list_tmp.txt第169238行 存在层级冲突
northplains.actonservice.com#Black_list_tmp.txt第175881行 与上级域名actonservice.com#Black_list_tmp.txt第16241行 存在层级冲突
northsidemediagroup.actonservice.com#Black_list_tmp.txt第175883行 与上级域名actonservice.com#Black_list_tmp.txt第16241行 存在层级冲突
northwire.actonservice.com#Black_list_tmp.txt第175889行 与上级域名actonservice.com#Black_list_tmp.txt第16241行 存在层级冲突
noti-asia.adsmoloco.com#Black_list_tmp.txt第175974行 与上级域名adsmoloco.com#Black_list_tmp.txt第20933行 存在层级冲突
notice.uchome.manyou.com#Black_list_tmp.txt第175979行 与上级域名manyou.com#Black_list_tmp.txt第156476行 存在层级冲突
notifier.airbrake.io#Black_list_tmp.txt第175998行 与上级域名airbrake.io#Black_list_tmp.txt第24059行 存在层级冲突
notify.bugsnag.com#Black_list_tmp.txt第176011行 与上级域名bugsnag.com#Black_list_tmp.txt第45379行 存在层级冲突
nova-healthcare.actonservice.com#Black_list_tmp.txt第176093行 与上级域名actonservice.com#Black_list_tmp.txt第16241行 存在层级冲突
novarecoverycenter.actonservice.com#Black_list_tmp.txt第176108行 与上级域名actonservice.com#Black_list_tmp.txt第16241行 存在层级冲突
novel.2634273f48e9.com#Black_list_tmp.txt第176117行 与上级域名2634273f48e9.com#Black_list_tmp.txt第3408行 存在层级冲突
noxagile.duapp.com#Black_list_tmp.txt第176212行 与上级域名duapp.com#Black_list_tmp.txt第79555行 存在层级冲突
nparallel.actonservice.com#Black_list_tmp.txt第176241行 与上级域名actonservice.com#Black_list_tmp.txt第16241行 存在层级冲突
nqf9.getnewsupdate.info#Black_list_tmp.txt第176382行 与上级域名getnewsupdate.info#Black_list_tmp.txt第101412行 存在层级冲突
nr-op.elemecdn.com#Black_list_tmp.txt第176466行 与上级域名elemecdn.com#Black_list_tmp.txt第84331行 存在层级冲突
ns1.chinayms.com#Black_list_tmp.txt第176592行 与上级域名chinayms.com#Black_list_tmp.txt第52624行 存在层级冲突
ns1.cnzz.com#Black_list_tmp.txt第176593行 与上级域名cnzz.com#Black_list_tmp.txt第55958行 存在层级冲突
ns2.cnzz.com#Black_list_tmp.txt第176601行 与上级域名cnzz.com#Black_list_tmp.txt第55958行 存在层级冲突
nsfocus.actonservice.com#Black_list_tmp.txt第176654行 与上级域名actonservice.com#Black_list_tmp.txt第16241行 存在层级冲突
nsy.hnzyfs.com#Black_list_tmp.txt第176787行 与上级域名hnzyfs.com#Black_list_tmp.txt第117969行 存在层级冲突
nuvi.actonservice.com#Black_list_tmp.txt第177252行 与上级域名actonservice.com#Black_list_tmp.txt第16241行 存在层级冲突
nw-umwatson.events.data.microsoft.com#Black_list_tmp.txt第177386行 与上级域名events.data.microsoft.com#Black_list_tmp.txt第88693行 存在层级冲突
nwejs.myzcoffice.com#Black_list_tmp.txt第177407行 与上级域名myzcoffice.com#Black_list_tmp.txt第171079行 存在层级冲突
nycp-hlb.dvgtm.akadns.net#Black_list_tmp.txt第177645行 与上级域名dvgtm.akadns.net#Black_list_tmp.txt第79981行 存在层级冲突
nym1-ib.adnxs.com#Black_list_tmp.txt第177699行 与上级域名adnxs.com#Black_list_tmp.txt第18901行 存在层级冲突
nzapi.getui.com#Black_list_tmp.txt第177776行 与上级域名getui.com#Black_list_tmp.txt第101495行 存在层级冲突
nzrestapi.getui.com#Black_list_tmp.txt第177846行 与上级域名getui.com#Black_list_tmp.txt第101495行 存在层级冲突
o-sdk.mediation.unity3d.com#Black_list_tmp.txt第177878行 与上级域名mediation.unity3d.com#Black_list_tmp.txt第160528行 存在层级冲突
o.fwmdafm.cn#Black_list_tmp.txt第177897行 与上级域名fwmdafm.cn#Black_list_tmp.txt第98378行 存在层级冲突
o.iads.unity3d.com#Black_list_tmp.txt第177899行 与上级域名iads.unity3d.com#Black_list_tmp.txt第121197行 存在层级冲突
o.minisplat.cn#Black_list_tmp.txt第177908行 与上级域名minisplat.cn#Black_list_tmp.txt第165460行 存在层级冲突
o2.mouseflow.com#Black_list_tmp.txt第177958行 与上级域名mouseflow.com#Black_list_tmp.txt第168236行 存在层级冲突
o2de.mno.link#Black_list_tmp.txt第177962行 与上级域名mno.link#Black_list_tmp.txt第166687行 存在层级冲突
o7xs6runw.bkt.clouddn.com#Black_list_tmp.txt第178010行 与上级域名bkt.clouddn.com#Black_list_tmp.txt第41543行 存在层级冲突
oa.getui.com#Black_list_tmp.txt第178027行 与上级域名getui.com#Black_list_tmp.txt第101495行 存在层级冲突
oasisadvantage.actonservice.com#Black_list_tmp.txt第178294行 与上级域名actonservice.com#Black_list_tmp.txt第16241行 存在层级冲突
objectpartners.actonservice.com#Black_list_tmp.txt第178438行 与上级域名actonservice.com#Black_list_tmp.txt第16241行 存在层级冲突
obs.jollyoutdoorjogger.com#Black_list_tmp.txt第178541行 与上级域名jollyoutdoorjogger.com#Black_list_tmp.txt第132686行 存在层级冲突
observe-tcp.mtgglobals.com#Black_list_tmp.txt第178560行 与上级域名mtgglobals.com#Black_list_tmp.txt第169238行 存在层级冲突
observe.metarouter.io#Black_list_tmp.txt第178561行 与上级域名metarouter.io#Black_list_tmp.txt第161422行 存在层级冲突
observer.ip-label.net#Black_list_tmp.txt第178565行 与上级域名ip-label.net#Black_list_tmp.txt第127903行 存在层级冲突
ocbv0.baiyangzs.com#Black_list_tmp.txt第178675行 与上级域名baiyangzs.com#Black_list_tmp.txt第36749行 存在层级冲突
ocean2.authcaptcha.com#Black_list_tmp.txt第178718行 与上级域名authcaptcha.com#Black_list_tmp.txt第34488行 存在层级冲突
oceanair.actonservice.com#Black_list_tmp.txt第178719行 与上级域名actonservice.com#Black_list_tmp.txt第16241行 存在层级冲突
oceanautomotive.actonservice.com#Black_list_tmp.txt第178721行 与上级域名actonservice.com#Black_list_tmp.txt第16241行 存在层级冲突
ocpx.adwangmai.com#Black_list_tmp.txt第178827行 与上级域名adwangmai.com#Black_list_tmp.txt第21764行 存在层级冲突
office.1rtb.com#Black_list_tmp.txt第179319行 与上级域名1rtb.com#Black_list_tmp.txt第2626行 存在层级冲突
og.mmstat.com#Black_list_tmp.txt第179476行 与上级域名mmstat.com#Black_list_tmp.txt第166579行 存在层级冲突
om.healthgrades.com#Black_list_tmp.txt第180484行 与上级域名healthgrades.com#Black_list_tmp.txt第115558行 存在层级冲突
omadi.actonservice.com#Black_list_tmp.txt第180540行 与上级域名actonservice.com#Black_list_tmp.txt第16241行 存在层级冲突
omahasteaks.com.102.122.207.net#Black_list_tmp.txt第180543行 与上级域名207.net#Black_list_tmp.txt第2908行 存在层级冲突
omg.inte.sogoucdn.com#Black_list_tmp.txt第180611行 与上级域名inte.sogoucdn.com#Black_list_tmp.txt第127168行 存在层级冲突
omgcreative.actonservice.com#Black_list_tmp.txt第180615行 与上级域名actonservice.com#Black_list_tmp.txt第16241行 存在层级冲突
oncoclinicas.actonservice.com#Black_list_tmp.txt第181097行 与上级域名actonservice.com#Black_list_tmp.txt第16241行 存在层级冲突
oncourselearning.actonservice.com#Black_list_tmp.txt第181100行 与上级域名actonservice.com#Black_list_tmp.txt第16241行 存在层级冲突
oneid.gepush.com#Black_list_tmp.txt第181170行 与上级域名gepush.com#Black_list_tmp.txt第101027行 存在层级冲突
oneid.getui.net#Black_list_tmp.txt第181171行 与上级域名getui.net#Black_list_tmp.txt第101497行 存在层级冲突
oneid.mmstat.com#Black_list_tmp.txt第181173行 与上级域名mmstat.com#Black_list_tmp.txt第166579行 存在层级冲突
onelinksmartscript.appsflyer.com#Black_list_tmp.txt第181181行 与上级域名appsflyer.com#Black_list_tmp.txt第31587行 存在层级冲突
onelinksmartscript.appsflyersdk.com#Black_list_tmp.txt第181182行 与上级域名appsflyersdk.com#Black_list_tmp.txt第31588行 存在层级冲突
onesourcebackground.actonservice.com#Black_list_tmp.txt第181230行 与上级域名actonservice.com#Black_list_tmp.txt第16241行 存在层级冲突
online.cnzz.com#Black_list_tmp.txt第181344行 与上级域名cnzz.com#Black_list_tmp.txt第55958行 存在层级冲突
onlineis.actonservice.com#Black_list_tmp.txt第181379行 与上级域名actonservice.com#Black_list_tmp.txt第16241行 存在层级冲突
onlinevacationcenter.actonservice.com#Black_list_tmp.txt第181409行 与上级域名actonservice.com#Black_list_tmp.txt第16241行 存在层级冲突
onsite-tag-logs.apps.nielsen.com#Black_list_tmp.txt第181487行 与上级域名apps.nielsen.com#Black_list_tmp.txt第31560行 存在层级冲突
onsitestats.bluecore.com#Black_list_tmp.txt第181490行 与上级域名bluecore.com#Black_list_tmp.txt第42133行 存在层级冲突
op00w.baiyangzs.com#Black_list_tmp.txt第181771行 与上级域名baiyangzs.com#Black_list_tmp.txt第36749行 存在层级冲突
opabl-api-r.dutils.com#Black_list_tmp.txt第181781行 与上级域名dutils.com#Black_list_tmp.txt第79899行 存在层级冲突
open-pixon.ads-pixiv.net#Black_list_tmp.txt第181833行 与上级域名ads-pixiv.net#Black_list_tmp.txt第19437行 存在层级冲突
open.cnzz.com#Black_list_tmp.txt第181845行 与上级域名cnzz.com#Black_list_tmp.txt第55958行 存在层级冲突
open.e.kuaishou.cn#Black_list_tmp.txt第181851行 与上级域名e.kuaishou.cn#Black_list_tmp.txt第81007行 存在层级冲突
open.e.kuaishou.com#Black_list_tmp.txt第181852行 与上级域名e.kuaishou.com#Black_list_tmp.txt第81008行 存在层级冲突
open.inc2.igexin.com#Black_list_tmp.txt第181862行 与上级域名igexin.com#Black_list_tmp.txt第122271行 存在层级冲突
open.kuaishouzt.com#Black_list_tmp.txt第181865行 与上级域名kuaishouzt.com#Black_list_tmp.txt第138926行 存在层级冲突
open.lalanuz.cn#Black_list_tmp.txt第181867行 与上级域名lalanuz.cn#Black_list_tmp.txt第140254行 存在层级冲突
open.oceanengine.com#Black_list_tmp.txt第181873行 与上级域名oceanengine.com#Black_list_tmp.txt第178725行 存在层级冲突
open.phone.igexin.com#Black_list_tmp.txt第181875行 与上级域名igexin.com#Black_list_tmp.txt第122271行 存在层级冲突
open.talk.igexin.com#Black_list_tmp.txt第181881行 与上级域名igexin.com#Black_list_tmp.txt第122271行 存在层级冲突
openadapi.fancydsp.com#Black_list_tmp.txt第181896行 与上级域名fancydsp.com#Black_list_tmp.txt第91035行 存在层级冲突
openapi-gy.getui.com#Black_list_tmp.txt第181905行 与上级域名getui.com#Black_list_tmp.txt第101495行 存在层级冲突
openapi-smsp.getui.com#Black_list_tmp.txt第181907行 与上级域名getui.com#Black_list_tmp.txt第101495行 存在层级冲突
openapi.guanjia.qq.com#Black_list_tmp.txt第181909行 与上级域名guanjia.qq.com#Black_list_tmp.txt第112675行 存在层级冲突
openbox.mobilem.360.cn#Black_list_tmp.txt第181914行 与上级域名360.cn#Black_list_tmp.txt第4252行 存在层级冲突
openstorage.ad.cmvideo.cn#Black_list_tmp.txt第181979行 与上级域名ad.cmvideo.cn#Black_list_tmp.txt第16656行 存在层级冲突
oplus.cnzz.com#Black_list_tmp.txt第182079行 与上级域名cnzz.com#Black_list_tmp.txt第55958行 存在层级冲突
opoffice.actonservice.com#Black_list_tmp.txt第182094行 与上级域名actonservice.com#Black_list_tmp.txt第16241行 存在层级冲突
opportunityfund.actonservice.com#Black_list_tmp.txt第182110行 与上级域名actonservice.com#Black_list_tmp.txt第16241行 存在层级冲突
opsveda.actonservice.com#Black_list_tmp.txt第182155行 与上级域名actonservice.com#Black_list_tmp.txt第16241行 存在层级冲突
optis-world.actonservice.com#Black_list_tmp.txt第182245行 与上级域名actonservice.com#Black_list_tmp.txt第16241行 存在层级冲突
optout.crwdcntrl.net#Black_list_tmp.txt第182262行 与上级域名crwdcntrl.net#Black_list_tmp.txt第61121行 存在层级冲突
opus.analytics.yahoo.com#Black_list_tmp.txt第182289行 与上级域名analytics.yahoo.com#Black_list_tmp.txt第27160行 存在层级冲突
orangefr-test.mno.link#Black_list_tmp.txt第182434行 与上级域名mno.link#Black_list_tmp.txt第166687行 存在层级冲突
orangefr.mno.link#Black_list_tmp.txt第182435行 与上级域名mno.link#Black_list_tmp.txt第166687行 存在层级冲突
orbis.actonservice.com#Black_list_tmp.txt第182465行 与上级域名actonservice.com#Black_list_tmp.txt第16241行 存在层级冲突
oregonstate.actonservice.com#Black_list_tmp.txt第182606行 与上级域名actonservice.com#Black_list_tmp.txt第16241行 存在层级冲突
orionmarketing.actonservice.com#Black_list_tmp.txt第182734行 与上级域名actonservice.com#Black_list_tmp.txt第16241行 存在层级冲突
os.data.cnzz.com#Black_list_tmp.txt第182853行 与上级域名cnzz.com#Black_list_tmp.txt第55958行 存在层级冲突
oss-private.getui.com#Black_list_tmp.txt第183040行 与上级域名getui.com#Black_list_tmp.txt第101495行 存在层级冲突
oss-public.getui.com#Black_list_tmp.txt第183041行 与上级域名getui.com#Black_list_tmp.txt第101495行 存在层级冲突
oss.cdn.adintl.cn#Black_list_tmp.txt第183042行 与上级域名adintl.cn#Black_list_tmp.txt第18362行 存在层级冲突
oss.cdn.aiclk.com#Black_list_tmp.txt第183043行 与上级域名aiclk.com#Black_list_tmp.txt第23786行 存在层级冲突
oss.gjfzpt.cn#Black_list_tmp.txt第183045行 与上级域名gjfzpt.cn#Black_list_tmp.txt第102549行 存在层级冲突
oss.material.aiclk.com#Black_list_tmp.txt第183046行 与上级域名aiclk.com#Black_list_tmp.txt第23786行 存在层级冲突
oss.message.umeng.com#Black_list_tmp.txt第183047行 与上级域名message.umeng.com#Black_list_tmp.txt第161281行 存在层级冲突
otg3.cnzz.com#Black_list_tmp.txt第183177行 与上级域名cnzz.com#Black_list_tmp.txt第55958行 存在层级冲突
oth.eve.mdt.qq.com#Black_list_tmp.txt第183182行 与上级域名mdt.qq.com#Black_list_tmp.txt第159781行 存在层级冲突
oth.str.beacon.qq.com#Black_list_tmp.txt第183184行 与上级域名beacon.qq.com#Black_list_tmp.txt第38554行 存在层级冲突
oth.str.mdt.qq.com#Black_list_tmp.txt第183185行 与上级域名mdt.qq.com#Black_list_tmp.txt第159781行 存在层级冲突
oth.update.mdt.qq.com#Black_list_tmp.txt第183186行 与上级域名mdt.qq.com#Black_list_tmp.txt第159781行 存在层级冲突
otheve.beacon.qq.com#Black_list_tmp.txt第183212行 与上级域名beacon.qq.com#Black_list_tmp.txt第38554行 存在层级冲突
othstr.beacon.qq.com#Black_list_tmp.txt第183218行 与上级域名beacon.qq.com#Black_list_tmp.txt第38554行 存在层级冲突
ott-v0-al.data.mgtv.com#Black_list_tmp.txt第183321行 与上级域名data.mgtv.com#Black_list_tmp.txt第70003行 存在层级冲突
ott.v1.data.mgtv.com#Black_list_tmp.txt第183324行 与上级域名data.mgtv.com#Black_list_tmp.txt第70003行 存在层级冲突
output.nend.net#Black_list_tmp.txt第183714行 与上级域名nend.net#Black_list_tmp.txt第172869行 存在层级冲突
ovp.iris.tv#Black_list_tmp.txt第184009行 与上级域名iris.tv#Black_list_tmp.txt第128385行 存在层级冲突
owads.audioadx.com#Black_list_tmp.txt第184057行 与上级域名audioadx.com#Black_list_tmp.txt第34209行 存在层级冲突
owtk.audioadx.com#Black_list_tmp.txt第184203行 与上级域名audioadx.com#Black_list_tmp.txt第34209行 存在层级冲突
owtl.e0yp21.cn#Black_list_tmp.txt第184204行 与上级域名e0yp21.cn#Black_list_tmp.txt第81222行 存在层级冲突
oztjye4lc.bkt.clouddn.com#Black_list_tmp.txt第184550行 与上级域名bkt.clouddn.com#Black_list_tmp.txt第41543行 存在层级冲突
p*-ad.adukwai.com#Black_list_tmp.txt第184573行 与上级域名adukwai.com#Black_list_tmp.txt第21382行 存在层级冲突
p*-ff.adkwai.com#Black_list_tmp.txt第184575行 与上级域名adkwai.com#Black_list_tmp.txt第18477行 存在层级冲突
p*-lm.adkwai.com#Black_list_tmp.txt第184576行 与上级域名adkwai.com#Black_list_tmp.txt第18477行 存在层级冲突
p*-lm.adukwai.com#Black_list_tmp.txt第184577行 与上级域名adukwai.com#Black_list_tmp.txt第21382行 存在层级冲突
p*.adkwai.com#Black_list_tmp.txt第184578行 与上级域名adkwai.com#Black_list_tmp.txt第18477行 存在层级冲突
p-fastdfs.jpush.cn#Black_list_tmp.txt第184584行 与上级域名jpush.cn#Black_list_tmp.txt第133024行 存在层级冲突
p.5mnh.com#Black_list_tmp.txt第184593行 与上级域名5mnh.com#Black_list_tmp.txt第6282行 存在层级冲突
p.aty.sohu.com#Black_list_tmp.txt第184605行 与上级域名aty.sohu.com#Black_list_tmp.txt第34072行 存在层级冲突
p.bjdianyue.com#Black_list_tmp.txt第184609行 与上级域名bjdianyue.com#Black_list_tmp.txt第41295行 存在层级冲突
p.bnuni.com#Black_list_tmp.txt第184610行 与上级域名bnuni.com#Black_list_tmp.txt第42591行 存在层级冲突
p.buluo.qq.com#Black_list_tmp.txt第184612行 与上级域名buluo.qq.com#Black_list_tmp.txt第45490行 存在层级冲突
p.clkservice.youdao.com#Black_list_tmp.txt第184615行 与上级域名clkservice.youdao.com#Black_list_tmp.txt第54857行 存在层级冲突
p.cquotient.com#Black_list_tmp.txt第184618行 与上级域名cquotient.com#Black_list_tmp.txt第60300行 存在层级冲突
p.estream.to#Black_list_tmp.txt第184624行 与上级域名estream.to#Black_list_tmp.txt第87608行 存在层级冲突
p.inte.sogou.com#Black_list_tmp.txt第184635行 与上级域名inte.sogou.com#Black_list_tmp.txt第127167行 存在层级冲突
p.jmlp.app#Black_list_tmp.txt第184636行 与上级域名jmlp.app#Black_list_tmp.txt第132245行 存在层级冲突
p.kf3msfm.com#Black_list_tmp.txt第184640行 与上级域名kf3msfm.com#Black_list_tmp.txt第136227行 存在层级冲突
p.kjwx8.com#Black_list_tmp.txt第184641行 与上级域名kjwx8.com#Black_list_tmp.txt第137156行 存在层级冲突
p.l.qq.com#Black_list_tmp.txt第184644行 与上级域名l.qq.com#Black_list_tmp.txt第139821行 存在层级冲突
p.l.youku.com#Black_list_tmp.txt第184645行 与上级域名l.youku.com#Black_list_tmp.txt第139868行 存在层级冲突
p.lu.sogou.com#Black_list_tmp.txt第184648行 与上级域名lu.sogou.com#Black_list_tmp.txt第153241行 存在层级冲突
p.mendoc.cn#Black_list_tmp.txt第184655行 与上级域名mendoc.cn#Black_list_tmp.txt第161036行 存在层级冲突
p.metrilo.com#Black_list_tmp.txt第184656行 与上级域名metrilo.com#Black_list_tmp.txt第164414行 存在层级冲突
p.s.360.cn#Black_list_tmp.txt第184687行 与上级域名360.cn#Black_list_tmp.txt第4252行 存在层级冲突
p.share.mob.com#Black_list_tmp.txt第184692行 与上级域名mob.com#Black_list_tmp.txt第166827行 存在层级冲突
p0-adplatform-private.oceanengine.com#Black_list_tmp.txt第184729行 与上级域名oceanengine.com#Black_list_tmp.txt第178725行 存在层级冲突
p1-ad.adkwai.com#Black_list_tmp.txt第184746行 与上级域名adkwai.com#Black_list_tmp.txt第18477行 存在层级冲突
p1-ad.adukwai.com#Black_list_tmp.txt第184747行 与上级域名adukwai.com#Black_list_tmp.txt第21382行 存在层级冲突
p1-ff.adkwai.com#Black_list_tmp.txt第184753行 与上级域名adkwai.com#Black_list_tmp.txt第18477行 存在层级冲突
p1-jx.adukwai.com#Black_list_tmp.txt第184754行 与上级域名adukwai.com#Black_list_tmp.txt第21382行 存在层级冲突
p1-lm.adkwai.com#Black_list_tmp.txt第184755行 与上级域名adkwai.com#Black_list_tmp.txt第18477行 存在层级冲突
p1-lm.adukwai.com#Black_list_tmp.txt第184756行 与上级域名adukwai.com#Black_list_tmp.txt第21382行 存在层级冲突
p1-pp.adukwai.com#Black_list_tmp.txt第184759行 与上级域名adukwai.com#Black_list_tmp.txt第21382行 存在层级冲突
p1-yx.adkwai.com#Black_list_tmp.txt第184760行 与上级域名adkwai.com#Black_list_tmp.txt第18477行 存在层级冲突
p1.adkwai.com#Black_list_tmp.txt第184764行 与上级域名adkwai.com#Black_list_tmp.txt第18477行 存在层级冲突
p2-ad.adkwai.com#Black_list_tmp.txt第184789行 与上级域名adkwai.com#Black_list_tmp.txt第18477行 存在层级冲突
p2-ad.adukwai.com#Black_list_tmp.txt第184790行 与上级域名adukwai.com#Black_list_tmp.txt第21382行 存在层级冲突
p2-jx.adukwai.com#Black_list_tmp.txt第184792行 与上级域名adukwai.com#Black_list_tmp.txt第21382行 存在层级冲突
p2-lm.adkwai.com#Black_list_tmp.txt第184793行 与上级域名adkwai.com#Black_list_tmp.txt第18477行 存在层级冲突
p2-lm.adukwai.com#Black_list_tmp.txt第184794行 与上级域名adukwai.com#Black_list_tmp.txt第21382行 存在层级冲突
p2-yx.adkwai.com#Black_list_tmp.txt第184796行 与上级域名adkwai.com#Black_list_tmp.txt第18477行 存在层级冲突
p2.adkwai.com#Black_list_tmp.txt第184798行 与上级域名adkwai.com#Black_list_tmp.txt第18477行 存在层级冲突
p2.hyz86.com#Black_list_tmp.txt第184807行 与上级域名hyz86.com#Black_list_tmp.txt第120728行 存在层级冲突
p2.l.qq.com#Black_list_tmp.txt第184808行 与上级域名l.qq.com#Black_list_tmp.txt第139821行 存在层级冲突
p215223.clksite.com#Black_list_tmp.txt第184813行 与上级域名clksite.com#Black_list_tmp.txt第54859行 存在层级冲突
p215223.inclk.com#Black_list_tmp.txt第184814行 与上级域名inclk.com#Black_list_tmp.txt第124780行 存在层级冲突
p215223.mycdn2.co#Black_list_tmp.txt第184815行 与上级域名mycdn2.co#Black_list_tmp.txt第170664行 存在层级冲突
p232207.mybestmv.com#Black_list_tmp.txt第184816行 与上级域名mybestmv.com#Black_list_tmp.txt第170643行 存在层级冲突
p2sdmkj6t.bkt.clouddn.com#Black_list_tmp.txt第184844行 与上级域名bkt.clouddn.com#Black_list_tmp.txt第41543行 存在层级冲突
p3-ad.adkwai.com#Black_list_tmp.txt第184853行 与上级域名adkwai.com#Black_list_tmp.txt第18477行 存在层级冲突
p3-ad.adukwai.com#Black_list_tmp.txt第184854行 与上级域名adukwai.com#Black_list_tmp.txt第21382行 存在层级冲突
p3-lm.adkwai.com#Black_list_tmp.txt第184856行 与上级域名adkwai.com#Black_list_tmp.txt第18477行 存在层级冲突
p3-yx.adkwai.com#Black_list_tmp.txt第184862行 与上级域名adkwai.com#Black_list_tmp.txt第18477行 存在层级冲突
p3.adkwai.com#Black_list_tmp.txt第184863行 与上级域名adkwai.com#Black_list_tmp.txt第18477行 存在层级冲突
p3.l.qq.com#Black_list_tmp.txt第184865行 与上级域名l.qq.com#Black_list_tmp.txt第139821行 存在层级冲突
p3og44hs7.bkt.clouddn.com#Black_list_tmp.txt第184876行 与上级域名bkt.clouddn.com#Black_list_tmp.txt第41543行 存在层级冲突
p3p.mmstat.com#Black_list_tmp.txt第184877行 与上级域名mmstat.com#Black_list_tmp.txt第166579行 存在层级冲突
p4-ad.adkwai.com#Black_list_tmp.txt第184885行 与上级域名adkwai.com#Black_list_tmp.txt第18477行 存在层级冲突
p4-ad.adukwai.com#Black_list_tmp.txt第184886行 与上级域名adukwai.com#Black_list_tmp.txt第21382行 存在层级冲突
p4-lm.adkwai.com#Black_list_tmp.txt第184888行 与上级域名adkwai.com#Black_list_tmp.txt第18477行 存在层级冲突
p4-lm.adukwai.com#Black_list_tmp.txt第184889行 与上级域名adukwai.com#Black_list_tmp.txt第21382行 存在层级冲突
p4-yx.adkwai.com#Black_list_tmp.txt第184890行 与上级域名adkwai.com#Black_list_tmp.txt第18477行 存在层级冲突
p4.adkwai.com#Black_list_tmp.txt第184891行 与上级域名adkwai.com#Black_list_tmp.txt第18477行 存在层级冲突
p5-ad.adkwai.com#Black_list_tmp.txt第184904行 与上级域名adkwai.com#Black_list_tmp.txt第18477行 存在层级冲突
p5-ad.adukwai.com#Black_list_tmp.txt第184905行 与上级域名adukwai.com#Black_list_tmp.txt第21382行 存在层级冲突
p5-lm.adkwai.com#Black_list_tmp.txt第184907行 与上级域名adkwai.com#Black_list_tmp.txt第18477行 存在层级冲突
p5-yx.adkwai.com#Black_list_tmp.txt第184908行 与上级域名adkwai.com#Black_list_tmp.txt第18477行 存在层级冲突
p5.adkwai.com#Black_list_tmp.txt第184909行 与上级域名adkwai.com#Black_list_tmp.txt第18477行 存在层级冲突
p6-ad.adkwai.com#Black_list_tmp.txt第184927行 与上级域名adkwai.com#Black_list_tmp.txt第18477行 存在层级冲突
p6-lm.adkwai.com#Black_list_tmp.txt第184931行 与上级域名adkwai.com#Black_list_tmp.txt第18477行 存在层级冲突
p6-yx.adkwai.com#Black_list_tmp.txt第184935行 与上级域名adkwai.com#Black_list_tmp.txt第18477行 存在层级冲突
p6.adkwai.com#Black_list_tmp.txt第184936行 与上级域名adkwai.com#Black_list_tmp.txt第18477行 存在层级冲突
p66-ad.adkwai.com#Black_list_tmp.txt第184942行 与上级域名adkwai.com#Black_list_tmp.txt第18477行 存在层级冲突
pacstainless.actonservice.com#Black_list_tmp.txt第185086行 与上级域名actonservice.com#Black_list_tmp.txt第16241行 存在层级冲突
padsdel2.cdnads.com#Black_list_tmp.txt第185114行 与上级域名cdnads.com#Black_list_tmp.txt第50825行 存在层级冲突
page.acm.dzwww.com#Black_list_tmp.txt第185155行 与上级域名acm.dzwww.com#Black_list_tmp.txt第15864行 存在层级冲突
page.evergage.com#Black_list_tmp.txt第185166行 与上级域名evergage.com#Black_list_tmp.txt第88943行 存在层级冲突
page1solutions.actonservice.com#Black_list_tmp.txt第185194行 与上级域名actonservice.com#Black_list_tmp.txt第16241行 存在层级冲突
pagead*.googleadservices-cn.com#Black_list_tmp.txt第185197行 与上级域名googleadservices-cn.com#Black_list_tmp.txt第105063行 存在层级冲突
pagead*.googlesyndication-cn.com#Black_list_tmp.txt第185198行 与上级域名googlesyndication-cn.com#Black_list_tmp.txt第105088行 存在层级冲突
pagead.l.doubleclick.net#Black_list_tmp.txt第185201行 与上级域名doubleclick.net#Black_list_tmp.txt第77549行 存在层级冲突
pagead2.googleadservices.com#Black_list_tmp.txt第185203行 与上级域名googleadservices.com#Black_list_tmp.txt第105064行 存在层级冲突
pagead2.googlesyndication.com#Black_list_tmp.txt第185204行 与上级域名googlesyndication.com#Black_list_tmp.txt第105089行 存在层级冲突
pagead46.l.doubleclick.net#Black_list_tmp.txt第185206行 与上级域名doubleclick.net#Black_list_tmp.txt第77549行 存在层级冲突
pagechoicemotu.gentags.net#Black_list_tmp.txt第185213行 与上级域名gentags.net#Black_list_tmp.txt第100829行 存在层级冲突
pages-juxiao.mediav.com#Black_list_tmp.txt第185242行 与上级域名mediav.com#Black_list_tmp.txt第160540行 存在层级冲突
pages.juxiao.mediav.com#Black_list_tmp.txt第185318行 与上级域名juxiao.mediav.com#Black_list_tmp.txt第134299行 存在层级冲突
pages2.marketo.com#Black_list_tmp.txt第185370行 与上级域名marketo.com#Black_list_tmp.txt第158611行 存在层级冲突
paintersusainc.actonservice.com#Black_list_tmp.txt第185482行 与上级域名actonservice.com#Black_list_tmp.txt第16241行 存在层级冲突
pairin.actonservice.com#Black_list_tmp.txt第185499行 与上级域名actonservice.com#Black_list_tmp.txt第16241行 存在层级冲突
pal-v.actonservice.com#Black_list_tmp.txt第185533行 与上级域名actonservice.com#Black_list_tmp.txt第16241行 存在层级冲突
paladion.actonservice.com#Black_list_tmp.txt第185536行 与上级域名actonservice.com#Black_list_tmp.txt第16241行 存在层级冲突
palramamericas.actonservice.com#Black_list_tmp.txt第185596行 与上级域名actonservice.com#Black_list_tmp.txt第16241行 存在层级冲突
pan.getui.com#Black_list_tmp.txt第185628行 与上级域名getui.com#Black_list_tmp.txt第101495行 存在层级冲突
pandoramedia-mkt-prod1-t.campaign.adobe.com#Black_list_tmp.txt第185658行 与上级域名campaign.adobe.com#Black_list_tmp.txt第47940行 存在层级冲突
papi.look.360.cn#Black_list_tmp.txt第185810行 与上级域名360.cn#Black_list_tmp.txt第4252行 存在层级冲突
parallel6.actonservice.com#Black_list_tmp.txt第185860行 与上级域名actonservice.com#Black_list_tmp.txt第16241行 存在层级冲突
parser.houyi.baofeng.net#Black_list_tmp.txt第186014行 与上级域名houyi.baofeng.net#Black_list_tmp.txt第118826行 存在层级冲突
parsnip.gocarrot.com#Black_list_tmp.txt第186023行 与上级域名gocarrot.com#Black_list_tmp.txt第104701行 存在层级冲突
partner.googleadservices.com#Black_list_tmp.txt第186246行 与上级域名googleadservices.com#Black_list_tmp.txt第105064行 存在层级冲突
partner.oceanengine.com#Black_list_tmp.txt第186365行 与上级域名oceanengine.com#Black_list_tmp.txt第178725行 存在层级冲突
partnerad.l.doubleclick.net#Black_list_tmp.txt第186513行 与上级域名doubleclick.net#Black_list_tmp.txt第77549行 存在层级冲突
partners.admidadsp.com#Black_list_tmp.txt第186663行 与上级域名admidadsp.com#Black_list_tmp.txt第18677行 存在层级冲突
partnership.oceanengine.com#Black_list_tmp.txt第186705行 与上级域名oceanengine.com#Black_list_tmp.txt第178725行 存在层级冲突
patientpay.actonservice.com#Black_list_tmp.txt第186929行 与上级域名actonservice.com#Black_list_tmp.txt第16241行 存在层级冲突
pawsplus.actonservice.com#Black_list_tmp.txt第187075行 与上级域名actonservice.com#Black_list_tmp.txt第16241行 存在层级冲突
paydashboard.actonservice.com#Black_list_tmp.txt第187102行 与上级域名actonservice.com#Black_list_tmp.txt第16241行 存在层级冲突
paynewest.actonservice.com#Black_list_tmp.txt第187130行 与上级域名actonservice.com#Black_list_tmp.txt第16241行 存在层级冲突
pb.funshion.net.cn#Black_list_tmp.txt第187162行 与上级域名funshion.net.cn#Black_list_tmp.txt第98029行 存在层级冲突
pc.5151gj.com#Black_list_tmp.txt第187323行 与上级域名5151gj.com#Black_list_tmp.txt第5694行 存在层级冲突
pc.ctsywy.com#Black_list_tmp.txt第187324行 与上级域名ctsywy.com#Black_list_tmp.txt第61702行 存在层级冲突
pc.da.mgtv.com#Black_list_tmp.txt第187325行 与上级域名da.mgtv.com#Black_list_tmp.txt第65334行 存在层级冲突
pc1.da.mgtv.com#Black_list_tmp.txt第187333行 与上级域名da.mgtv.com#Black_list_tmp.txt第65334行 存在层级冲突
pcash.imlive.com#Black_list_tmp.txt第187352行 与上级域名imlive.com#Black_list_tmp.txt第124228行 存在层级冲突
pcauto.irs01.com#Black_list_tmp.txt第187353行 与上级域名irs01.com#Black_list_tmp.txt第128509行 存在层级冲突
pccipieces.actonservice.com#Black_list_tmp.txt第187369行 与上级域名actonservice.com#Black_list_tmp.txt第16241行 存在层级冲突
pclog.dftoutiao.com#Black_list_tmp.txt第187425行 与上级域名dftoutiao.com#Black_list_tmp.txt第73922行 存在层级冲突
pcmlll.nyriidul.com#Black_list_tmp.txt第187433行 与上级域名nyriidul.com#Black_list_tmp.txt第177734行 存在层级冲突
pcookie.cnzz.com#Black_list_tmp.txt第187449行 与上级域名cnzz.com#Black_list_tmp.txt第55958行 存在层级冲突
pcsoftwords.dftoutiao.com#Black_list_tmp.txt第187467行 与上级域名dftoutiao.com#Black_list_tmp.txt第73922行 存在层级冲突
pd.ads.cn.miaozhen.com#Black_list_tmp.txt第187504行 与上级域名cn.miaozhen.com#Black_list_tmp.txt第55705行 存在层级冲突
pd.dopa.com.cn#Black_list_tmp.txt第187506行 与上级域名dopa.com.cn#Black_list_tmp.txt第77369行 存在层级冲突
pdn.applovin.com#Black_list_tmp.txt第187587行 与上级域名applovin.com#Black_list_tmp.txt第31454行 存在层级冲突
pds-app-cn-beijing.cn-beijing.log.aliyuncs.com#Black_list_tmp.txt第187605行 与上级域名cn-beijing.log.aliyuncs.com#Black_list_tmp.txt第55690行 存在层级冲突
pear.dleke.com#Black_list_tmp.txt第187705行 与上级域名dleke.com#Black_list_tmp.txt第76256行 存在层级冲突
peoplehr.actonservice.com#Black_list_tmp.txt第188059行 与上级域名actonservice.com#Black_list_tmp.txt第16241行 存在层级冲突
perf.mmstat.com#Black_list_tmp.txt第188147行 与上级域名mmstat.com#Black_list_tmp.txt第166579行 存在层级冲突
performantcorp.actonservice.com#Black_list_tmp.txt第188199行 与上级域名actonservice.com#Black_list_tmp.txt第16241行 存在层级冲突
permission.au.actonservice.com#Black_list_tmp.txt第188288行 与上级域名actonservice.com#Black_list_tmp.txt第16241行 存在层级冲突
pets.channeladvisor.com#Black_list_tmp.txt第188494行 与上级域名channeladvisor.com#Black_list_tmp.txt第52009行 存在层级冲突
pg.aty.sohu.com#Black_list_tmp.txt第188668行 与上级域名aty.sohu.com#Black_list_tmp.txt第34072行 存在层级冲突
ph-query-1.looksmart.com#Black_list_tmp.txt第188819行 与上级域名looksmart.com#Black_list_tmp.txt第151945行 存在层级冲突
phdinc.actonservice.com#Black_list_tmp.txt第188933行 与上级域名actonservice.com#Black_list_tmp.txt第16241行 存在层级冲突
phionline.actonservice.com#Black_list_tmp.txt第189062行 与上级域名actonservice.com#Black_list_tmp.txt第16241行 存在层级冲突
phone.getui.com#Black_list_tmp.txt第189158行 与上级域名getui.com#Black_list_tmp.txt第101495行 存在层级冲突
phone.igexin.com#Black_list_tmp.txt第189159行 与上级域名igexin.com#Black_list_tmp.txt第122271行 存在层级冲突
photo.bscy05.cn#Black_list_tmp.txt第189219行 与上级域名bscy05.cn#Black_list_tmp.txt第44872行 存在层级冲突
phsmobile.actonservice.com#Black_list_tmp.txt第189331行 与上级域名actonservice.com#Black_list_tmp.txt第16241行 存在层级冲突
phyins.actonservice.com#Black_list_tmp.txt第189380行 与上级域名actonservice.com#Black_list_tmp.txt第16241行 存在层级冲突
pi.ispot.tv#Black_list_tmp.txt第189417行 与上级域名ispot.tv#Black_list_tmp.txt第128755行 存在层级冲突
pi.pardot.com#Black_list_tmp.txt第189418行 与上级域名pardot.com#Black_list_tmp.txt第185912行 存在层级冲突
pic.adver.com.tw#Black_list_tmp.txt第189470行 与上级域名adver.com.tw#Black_list_tmp.txt第21588行 存在层级冲突
pic.casee.cn#Black_list_tmp.txt第189474行 与上级域名casee.cn#Black_list_tmp.txt第49283行 存在层级冲突
pic.dotmore.com.tw#Black_list_tmp.txt第189476行 与上级域名dotmore.com.tw#Black_list_tmp.txt第77514行 存在层级冲突
pic.eduancm.com#Black_list_tmp.txt第189478行 与上级域名eduancm.com#Black_list_tmp.txt第82985行 存在层级冲突
pic.fastapi.net#Black_list_tmp.txt第189479行 与上级域名fastapi.net#Black_list_tmp.txt第91341行 存在层级冲突
pic.moad.cn#Black_list_tmp.txt第189486行 与上级域名moad.cn#Black_list_tmp.txt第166797行 存在层级冲突
pic1.onetad.com#Black_list_tmp.txt第189502行 与上级域名onetad.com#Black_list_tmp.txt第181240行 存在层级冲突
pic183025.images9999.com#Black_list_tmp.txt第189503行 与上级域名images9999.com#Black_list_tmp.txt第123768行 存在层级冲突
pic2.onetad.com#Black_list_tmp.txt第189504行 与上级域名onetad.com#Black_list_tmp.txt第181240行 存在层级冲突
pic3.onetad.com#Black_list_tmp.txt第189508行 与上级域名onetad.com#Black_list_tmp.txt第181240行 存在层级冲突
pic494036.images9999.com#Black_list_tmp.txt第189509行 与上级域名images9999.com#Black_list_tmp.txt第123768行 存在层级冲突
pic8.onetad.com#Black_list_tmp.txt第189514行 与上级域名onetad.com#Black_list_tmp.txt第181240行 存在层级冲突
pic837013.images9999.com#Black_list_tmp.txt第189515行 与上级域名images9999.com#Black_list_tmp.txt第123768行 存在层级冲突
picarro.actonservice.com#Black_list_tmp.txt第189527行 与上级域名actonservice.com#Black_list_tmp.txt第16241行 存在层级冲突
picture.oceanengine.com#Black_list_tmp.txt第189606行 与上级域名oceanengine.com#Black_list_tmp.txt第178725行 存在层级冲突
pin.hpplay.cn#Black_list_tmp.txt第189831行 与上级域名hpplay.cn#Black_list_tmp.txt第118998行 存在层级冲突
ping.chartbeat.net#Black_list_tmp.txt第189870行 与上级域名chartbeat.net#Black_list_tmp.txt第52097行 存在层级冲突
ping.cnzz.com#Black_list_tmp.txt第189872行 与上级域名cnzz.com#Black_list_tmp.txt第55958行 存在层级冲突
ping.huatuo.qq.com#Black_list_tmp.txt第189877行 与上级域名huatuo.qq.com#Black_list_tmp.txt第119647行 存在层级冲突
pings.conviva.com#Black_list_tmp.txt第189919行 与上级域名conviva.com#Black_list_tmp.txt第58660行 存在层级冲突
pipelinepub.actonservice.com#Black_list_tmp.txt第190027行 与上级域名actonservice.com#Black_list_tmp.txt第16241行 存在层级冲突
pitcher.actonservice.com#Black_list_tmp.txt第190169行 与上级域名actonservice.com#Black_list_tmp.txt第16241行 存在层级冲突
pitk.birdgesdk.com#Black_list_tmp.txt第190187行 与上级域名birdgesdk.com#Black_list_tmp.txt第41012行 存在层级冲突
pivotpointsecurity.actonservice.com#Black_list_tmp.txt第190221行 与上级域名actonservice.com#Black_list_tmp.txt第16241行 存在层级冲突
pixel.adsafeprotected.com#Black_list_tmp.txt第190286行 与上级域名adsafeprotected.com#Black_list_tmp.txt第20535行 存在层级冲突
pixel.driveniq.com#Black_list_tmp.txt第190324行 与上级域名driveniq.com#Black_list_tmp.txt第78406行 存在层级冲突
pixel.ipinfo.io#Black_list_tmp.txt第190345行 与上级域名ipinfo.io#Black_list_tmp.txt第128025行 存在层级冲突
pixel.mailchimp.com#Black_list_tmp.txt第190354行 与上级域名mailchimp.com#Black_list_tmp.txt第155943行 存在层级冲突
pixel.mathtag.com#Black_list_tmp.txt第190357行 与上级域名mathtag.com#Black_list_tmp.txt第158951行 存在层级冲突
pixel.mtrcs.samba.tv#Black_list_tmp.txt第190360行 与上级域名mtrcs.samba.tv#Black_list_tmp.txt第169381行 存在层级冲突
pixon.ads-pixiv.net#Black_list_tmp.txt第190470行 与上级域名ads-pixiv.net#Black_list_tmp.txt第19437行 存在层级冲突
pjyu.golden1.sogou.com#Black_list_tmp.txt第190612行 与上级域名golden1.sogou.com#Black_list_tmp.txt第104870行 存在层级冲突
pks.a.mobimagic.com#Black_list_tmp.txt第190709行 与上级域名a.mobimagic.com#Black_list_tmp.txt第9797行 存在层级冲突
pl.connatix.com#Black_list_tmp.txt第190760行 与上级域名connatix.com#Black_list_tmp.txt第57690行 存在层级冲突
pl.cp31.ott.cibntv.net#Black_list_tmp.txt第190763行 与上级域名ott.cibntv.net#Black_list_tmp.txt第183322行 存在层级冲突
pl.elements.video#Black_list_tmp.txt第190769行 与上级域名elements.video#Black_list_tmp.txt第84336行 存在层级冲突
platform.adcannyads.com#Black_list_tmp.txt第190999行 与上级域名adcannyads.com#Black_list_tmp.txt第17667行 存在层级冲突
platform.iteratehq.com#Black_list_tmp.txt第191005行 与上级域名iteratehq.com#Black_list_tmp.txt第128916行 存在层级冲突
plausible.k-words.io#Black_list_tmp.txt第191112行 与上级域名k-words.io#Black_list_tmp.txt第134874行 存在层级冲突
play.adtonos.com#Black_list_tmp.txt第191172行 与上级域名adtonos.com#Black_list_tmp.txt第21309行 存在层级冲突
play.estream.to#Black_list_tmp.txt第191177行 与上级域名estream.to#Black_list_tmp.txt第87608行 存在层级冲突
play.estream.xyz#Black_list_tmp.txt第191178行 与上级域名estream.xyz#Black_list_tmp.txt第87609行 存在层级冲突
play.mtgglobals.com#Black_list_tmp.txt第191188行 与上级域名mtgglobals.com#Black_list_tmp.txt第169238行 存在层级冲突
play.nexioniect.com#Black_list_tmp.txt第191190行 与上级域名nexioniect.com#Black_list_tmp.txt第173829行 存在层级冲突
play.on.animeteatr.ru#Black_list_tmp.txt第191191行 与上级域名animeteatr.ru#Black_list_tmp.txt第27513行 存在层级冲突
playable.oceanengine.com#Black_list_tmp.txt第191211行 与上级域名oceanengine.com#Black_list_tmp.txt第178725行 存在层级冲突
player-mob-lg.cp31.ott.cibntv.net#Black_list_tmp.txt第191231行 与上级域名ott.cibntv.net#Black_list_tmp.txt第183322行 存在层级冲突
plutus.lacunads.com#Black_list_tmp.txt第191606行 与上级域名lacunads.com#Black_list_tmp.txt第140084行 存在层级冲突
pm.aty.sohu.com#Black_list_tmp.txt第191640行 与上级域名aty.sohu.com#Black_list_tmp.txt第34072行 存在层级冲突
pmptrack-autohome.gentags.net#Black_list_tmp.txt第191725行 与上级域名gentags.net#Black_list_tmp.txt第100829行 存在层级冲突
pmptrack-letv.gentags.net#Black_list_tmp.txt第191726行 与上级域名gentags.net#Black_list_tmp.txt第100829行 存在层级冲突
pmptrack-yidianzixunxm.gentags.net#Black_list_tmp.txt第191727行 与上级域名gentags.net#Black_list_tmp.txt第100829行 存在层级冲突
pmptrack-youku.gentags.net#Black_list_tmp.txt第191728行 与上级域名gentags.net#Black_list_tmp.txt第100829行 存在层级冲突
png.lu.sogoucdn.com#Black_list_tmp.txt第191798行 与上级域名lu.sogoucdn.com#Black_list_tmp.txt第153242行 存在层级冲突
pok.mintegral.net#Black_list_tmp.txt第192098行 与上级域名mintegral.net#Black_list_tmp.txt第165495行 存在层级冲突
polar-sdk-api.jiguang.cn#Black_list_tmp.txt第192126行 与上级域名jiguang.cn#Black_list_tmp.txt第131597行 存在层级冲突
policy.cookiereports.com#Black_list_tmp.txt第192169行 与上级域名cookiereports.com#Black_list_tmp.txt第58752行 存在层级冲突
polypak.actonservice.com#Black_list_tmp.txt第192272行 与上级域名actonservice.com#Black_list_tmp.txt第16241行 存在层级冲突
pool.hws.ru#Black_list_tmp.txt第192355行 与上级域名hws.ru#Black_list_tmp.txt第120369行 存在层级冲突
pop.code.mytanwan.com#Black_list_tmp.txt第192402行 与上级域名mytanwan.com#Black_list_tmp.txt第170999行 存在层级冲突
pop.getui.com#Black_list_tmp.txt第192410行 与上级域名getui.com#Black_list_tmp.txt第101495行 存在层级冲突
pop.jiguang.cn#Black_list_tmp.txt第192411行 与上级域名jiguang.cn#Black_list_tmp.txt第131597行 存在层级冲突
pop.sjk.ijinshan.com#Black_list_tmp.txt第192415行 与上级域名ijinshan.com#Black_list_tmp.txt第122678行 存在层级冲突
popup.jointreport-switch.com#Black_list_tmp.txt第192560行 与上级域名jointreport-switch.com#Black_list_tmp.txt第132651行 存在层级冲突
portal-fastdfs.jpush.cn#Black_list_tmp.txt第192709行 与上级域名jpush.cn#Black_list_tmp.txt第133024行 存在层级冲突
post.mmstat.com#Black_list_tmp.txt第192831行 与上级域名mmstat.com#Black_list_tmp.txt第166579行 存在层级冲突
post.ra.icast.cn#Black_list_tmp.txt第192832行 与上级域名icast.cn#Black_list_tmp.txt第121471行 存在层级冲突
powerads.breaktime.com.tw#Black_list_tmp.txt第193037行 与上级域名breaktime.com.tw#Black_list_tmp.txt第44221行 存在层级冲突
poweredby.jads.co#Black_list_tmp.txt第193044行 与上级域名jads.co#Black_list_tmp.txt第129989行 存在层级冲突
ppadv.actonservice.com#Black_list_tmp.txt第193131行 与上级域名actonservice.com#Black_list_tmp.txt第16241行 存在层级冲突
pptv.m.cn.miaozhen.com#Black_list_tmp.txt第193261行 与上级域名cn.miaozhen.com#Black_list_tmp.txt第55705行 存在层级冲突
pr.atwola.com#Black_list_tmp.txt第193427行 与上级域名atwola.com#Black_list_tmp.txt第34064行 存在层级冲突
pr.cision.com#Black_list_tmp.txt第193430行 与上级域名cision.com#Black_list_tmp.txt第53338行 存在层级冲突
pr.da.netease.com#Black_list_tmp.txt第193433行 与上级域名da.netease.com#Black_list_tmp.txt第65337行 存在层级冲突
prd.jwpltx.com#Black_list_tmp.txt第193541行 与上级域名jwpltx.com#Black_list_tmp.txt第134486行 存在层级冲突
prd1.personalization.centech.glulive.com#Black_list_tmp.txt第193542行 与上级域名personalization.centech.glulive.com#Black_list_tmp.txt第188368行 存在层级冲突
pre-oc.aiclk.com#Black_list_tmp.txt第193556行 与上级域名aiclk.com#Black_list_tmp.txt第23786行 存在层级冲突
pre.ra.icast.cn#Black_list_tmp.txt第193577行 与上级域名icast.cn#Black_list_tmp.txt第121471行 存在层级冲突
prebid.adnxs.com#Black_list_tmp.txt第193602行 与上级域名adnxs.com#Black_list_tmp.txt第18901行 存在层级冲突
prebid.cwi.re#Black_list_tmp.txt第193603行 与上级域名cwi.re#Black_list_tmp.txt第62664行 存在层级冲突
preferences.heatexperience.com#Black_list_tmp.txt第193727行 与上级域名heatexperience.com#Black_list_tmp.txt第115635行 存在层级冲突
premiercio.actonservice.com#Black_list_tmp.txt第193790行 与上级域名actonservice.com#Black_list_tmp.txt第16241行 存在层级冲突
primavera.actonservice.com#Black_list_tmp.txt第194102行 与上级域名actonservice.com#Black_list_tmp.txt第16241行 存在层级冲突
privacy-analytics-proxy.cookiebot.com#Black_list_tmp.txt第194218行 与上级域名cookiebot.com#Black_list_tmp.txt第58728行 存在层级冲突
pro.bugly.qq.com#Black_list_tmp.txt第194433行 与上级域名bugly.qq.com#Black_list_tmp.txt第45340行 存在层级冲突
probes.cedexis.com#Black_list_tmp.txt第194532行 与上级域名cedexis.com#Black_list_tmp.txt第51109行 存在层级冲突
prod-a.applovin.com#Black_list_tmp.txt第194594行 与上级域名applovin.com#Black_list_tmp.txt第31454行 存在层级冲突
prod-mediate-events.applovin.com#Black_list_tmp.txt第194604行 与上级域名applovin.com#Black_list_tmp.txt第31454行 存在层级冲突
prod-ms.applovin.com#Black_list_tmp.txt第194606行 与上级域名applovin.com#Black_list_tmp.txt第31454行 存在层级冲突
prod-ms4.applovin.com#Black_list_tmp.txt第194607行 与上级域名applovin.com#Black_list_tmp.txt第31454行 存在层级冲突
production-cmp.isgprivacy.cbsi.com#Black_list_tmp.txt第194659行 与上级域名isgprivacy.cbsi.com#Black_list_tmp.txt第128629行 存在层级冲突
proffiliatesinc.actonservice.com#Black_list_tmp.txt第194717行 与上级域名actonservice.com#Black_list_tmp.txt第16241行 存在层级冲突
progressivedev.actonservice.com#Black_list_tmp.txt第194833行 与上级域名actonservice.com#Black_list_tmp.txt第16241行 存在层级冲突
promo.cams.com#Black_list_tmp.txt第194905行 与上级域名cams.com#Black_list_tmp.txt第48042行 存在层级冲突
promotionspr.actonservice.com#Black_list_tmp.txt第194996行 与上级域名actonservice.com#Black_list_tmp.txt第16241行 存在层级冲突
propay.actonservice.com#Black_list_tmp.txt第195033行 与上级域名actonservice.com#Black_list_tmp.txt第16241行 存在层级冲突
prospex.actonservice.com#Black_list_tmp.txt第195129行 与上级域名actonservice.com#Black_list_tmp.txt第16241行 存在层级冲突
protapes.actonservice.com#Black_list_tmp.txt第195141行 与上级域名actonservice.com#Black_list_tmp.txt第16241行 存在层级冲突
proto.ads.8le8le.com#Black_list_tmp.txt第195232行 与上级域名8le8le.com#Black_list_tmp.txt第8534行 存在层级冲突
proton.flurry.com#Black_list_tmp.txt第195240行 与上级域名flurry.com#Black_list_tmp.txt第95034行 存在层级冲突
protosell.actonservice.com#Black_list_tmp.txt第195242行 与上级域名actonservice.com#Black_list_tmp.txt第16241行 存在层级冲突
providentcrm.actonservice.com#Black_list_tmp.txt第195276行 与上级域名actonservice.com#Black_list_tmp.txt第16241行 存在层级冲突
prowareness.actonservice.com#Black_list_tmp.txt第195315行 与上级域名actonservice.com#Black_list_tmp.txt第16241行 存在层级冲突
proxy.drivecdn.com#Black_list_tmp.txt第195342行 与上级域名drivecdn.com#Black_list_tmp.txt第78399行 存在层级冲突
ps-w.applk.cn#Black_list_tmp.txt第195463行 与上级域名applk.cn#Black_list_tmp.txt第31435行 存在层级冲突
ps.cname1.igexin.com#Black_list_tmp.txt第195466行 与上级域名igexin.com#Black_list_tmp.txt第122271行 存在层级冲突
ps.cname2.getui.com#Black_list_tmp.txt第195467行 与上级域名getui.com#Black_list_tmp.txt第101495行 存在层级冲突
psbi.cname.getui.com#Black_list_tmp.txt第195527行 与上级域名getui.com#Black_list_tmp.txt第101495行 存在层级冲突
psmastersendgrid.branch.rocks#Black_list_tmp.txt第195628行 与上级域名branch.rocks#Black_list_tmp.txt第44001行 存在层级冲突
pt.ispot.tv#Black_list_tmp.txt第195801行 与上级域名ispot.tv#Black_list_tmp.txt第128755行 存在层级冲突
ptlogin2.bugly.qq.com#Black_list_tmp.txt第195982行 与上级域名bugly.qq.com#Black_list_tmp.txt第45340行 存在层级冲突
ptw-i.actonservice.com#Black_list_tmp.txt第196126行 与上级域名actonservice.com#Black_list_tmp.txt第16241行 存在层级冲突
pub.contexthub.net#Black_list_tmp.txt第196189行 与上级域名contexthub.net#Black_list_tmp.txt第58443行 存在层级冲突
pub.inmobi.cn#Black_list_tmp.txt第196194行 与上级域名inmobi.cn#Black_list_tmp.txt第126487行 存在层级冲突
pub.se.360.cn#Black_list_tmp.txt第196201行 与上级域名360.cn#Black_list_tmp.txt第4252行 存在层级冲突
pubads.g.doubleclick.net#Black_list_tmp.txt第196213行 与上级域名doubleclick.net#Black_list_tmp.txt第77549行 存在层级冲突
pubg.cnzz.com#Black_list_tmp.txt第196237行 与上级域名cnzz.com#Black_list_tmp.txt第55958行 存在层级冲突
pubg.lite.cnzz.com#Black_list_tmp.txt第196238行 与上级域名cnzz.com#Black_list_tmp.txt第55958行 存在层级冲突
public.gdtimg.com#Black_list_tmp.txt第196264行 与上级域名gdtimg.com#Black_list_tmp.txt第100517行 存在层级冲突
publicalert.service.getui.com#Black_list_tmp.txt第196272行 与上级域名getui.com#Black_list_tmp.txt第101495行 存在层级冲突
publicschoolworks.actonservice.com#Black_list_tmp.txt第196289行 与上级域名actonservice.com#Black_list_tmp.txt第16241行 存在层级冲突
publisher-event.ads.prd.ie.internal.unity3d.com#Black_list_tmp.txt第196306行 与上级域名ads.prd.ie.internal.unity3d.com#Black_list_tmp.txt第20112行 存在层级冲突
publisher.inmobi.com#Black_list_tmp.txt第196309行 与上级域名inmobi.com#Black_list_tmp.txt第126488行 存在层级冲突
puma.api.iqiyi.com#Black_list_tmp.txt第196628行 与上级域名api.iqiyi.com#Black_list_tmp.txt第29159行 存在层级冲突
purpletalk.actonservice.com#Black_list_tmp.txt第196822行 与上级域名actonservice.com#Black_list_tmp.txt第16241行 存在层级冲突
push-dc.51y5.net#Black_list_tmp.txt第196877行 与上级域名51y5.net#Black_list_tmp.txt第5759行 存在层级冲突
push.jiguang.cn#Black_list_tmp.txt第196915行 与上级域名jiguang.cn#Black_list_tmp.txt第131597行 存在层级冲突
push.loan-stat.com#Black_list_tmp.txt第196918行 与上级域名loan-stat.com#Black_list_tmp.txt第150732行 存在层级冲突
push.mob.com#Black_list_tmp.txt第196920行 与上级域名mob.com#Black_list_tmp.txt第166827行 存在层级冲突
pushpop.nativeads.com#Black_list_tmp.txt第197081行 与上级域名nativeads.com#Black_list_tmp.txt第171996行 存在层级冲突
pushspring.actonservice.com#Black_list_tmp.txt第197096行 与上级域名actonservice.com#Black_list_tmp.txt第16241行 存在层级冲突
pushstyle.jpush.cn#Black_list_tmp.txt第197100行 与上级域名jpush.cn#Black_list_tmp.txt第133024行 存在层级冲突
pv.alert.autohome.com.cn#Black_list_tmp.txt第197228行 与上级域名alert.autohome.com.cn#Black_list_tmp.txt第24887行 存在层级冲突
pv.dakawm.cc#Black_list_tmp.txt第197232行 与上级域名dakawm.cc#Black_list_tmp.txt第65766行 存在层级冲突
pv.mediav.com#Black_list_tmp.txt第197239行 与上级域名mediav.com#Black_list_tmp.txt第160540行 存在层级冲突
pv.ra.icast.cn#Black_list_tmp.txt第197242行 与上级域名icast.cn#Black_list_tmp.txt第121471行 存在层级冲突
pvdata.ku6.com#Black_list_tmp.txt第197269行 与上级域名ku6.com#Black_list_tmp.txt第138902行 存在层级冲突
pw.cnzz.com#Black_list_tmp.txt第197369行 与上级域名cnzz.com#Black_list_tmp.txt第55958行 存在层级冲突
pwoem.cnzz.com#Black_list_tmp.txt第197422行 与上级域名cnzz.com#Black_list_tmp.txt第55958行 存在层级冲突
px.adhigh.net#Black_list_tmp.txt第197469行 与上级域名adhigh.net#Black_list_tmp.txt第18255行 存在层级冲突
px.ads.linkedin.com#Black_list_tmp.txt第197471行 与上级域名ads.linkedin.com#Black_list_tmp.txt第19944行 存在层级冲突
px.dynamicyield.com#Black_list_tmp.txt第197476行 与上级域名dynamicyield.com#Black_list_tmp.txt第80564行 存在层级冲突
px.effirst.com#Black_list_tmp.txt第197477行 与上级域名effirst.com#Black_list_tmp.txt第83439行 存在层级冲突
px.media-serving.com#Black_list_tmp.txt第197481行 与上级域名media-serving.com#Black_list_tmp.txt第160317行 存在层级冲突
px.moatads.com#Black_list_tmp.txt第197482行 与上级域名moatads.com#Black_list_tmp.txt第166817行 存在层级冲突
px.owneriq.net#Black_list_tmp.txt第197486行 与上级域名owneriq.net#Black_list_tmp.txt第184167行 存在层级冲突
px.powerlinks.com#Black_list_tmp.txt第197488行 与上级域名powerlinks.com#Black_list_tmp.txt第193057行 存在层级冲突
pxl.connexity.net#Black_list_tmp.txt第197562行 与上级域名connexity.net#Black_list_tmp.txt第57955行 存在层级冲突
py.da.mgtv.com#Black_list_tmp.txt第197634行 与上级域名da.mgtv.com#Black_list_tmp.txt第65334行 存在层级冲突
pyrexar.actonservice.com#Black_list_tmp.txt第197726行 与上级域名actonservice.com#Black_list_tmp.txt第16241行 存在层级冲突
q.gds.cnzz.com#Black_list_tmp.txt第197881行 与上级域名cnzz.com#Black_list_tmp.txt第55958行 存在层级冲突
q.getui.com#Black_list_tmp.txt第197882行 与上级域名getui.com#Black_list_tmp.txt第101495行 存在层级冲突
q.i.gdt.qq.com#Black_list_tmp.txt第197883行 与上级域名gdt.qq.com#Black_list_tmp.txt第100514行 存在层级冲突
q.ox11.com#Black_list_tmp.txt第197887行 与上级域名ox11.com#Black_list_tmp.txt第184244行 存在层级冲突
q.s.cr-nielsen.com#Black_list_tmp.txt第197890行 与上级域名cr-nielsen.com#Black_list_tmp.txt第60320行 存在层级冲突
q1.cnzz.com#Black_list_tmp.txt第197905行 与上级域名cnzz.com#Black_list_tmp.txt第55958行 存在层级冲突
q12.cnzz.com#Black_list_tmp.txt第197907行 与上级域名cnzz.com#Black_list_tmp.txt第55958行 存在层级冲突
q13.cnzz.com#Black_list_tmp.txt第197908行 与上级域名cnzz.com#Black_list_tmp.txt第55958行 存在层级冲突
q14.cnzz.com#Black_list_tmp.txt第197909行 与上级域名cnzz.com#Black_list_tmp.txt第55958行 存在层级冲突
q16.cnzz.com#Black_list_tmp.txt第197911行 与上级域名cnzz.com#Black_list_tmp.txt第55958行 存在层级冲突
q17.cnzz.com#Black_list_tmp.txt第197912行 与上级域名cnzz.com#Black_list_tmp.txt第55958行 存在层级冲突
q19.cnzz.com#Black_list_tmp.txt第197913行 与上级域名cnzz.com#Black_list_tmp.txt第55958行 存在层级冲突
q3.cnzz.com#Black_list_tmp.txt第197935行 与上级域名cnzz.com#Black_list_tmp.txt第55958行 存在层级冲突
q4.cnzz.com#Black_list_tmp.txt第197944行 与上级域名cnzz.com#Black_list_tmp.txt第55958行 存在层级冲突
q4mn.adj.st#Black_list_tmp.txt第197950行 与上级域名adj.st#Black_list_tmp.txt第18405行 存在层级冲突
q5.cnzz.com#Black_list_tmp.txt第197953行 与上级域名cnzz.com#Black_list_tmp.txt第55958行 存在层级冲突
q7.cnzz.com#Black_list_tmp.txt第197974行 与上级域名cnzz.com#Black_list_tmp.txt第55958行 存在层级冲突
q88.actonservice.com#Black_list_tmp.txt第197986行 与上级域名actonservice.com#Black_list_tmp.txt第16241行 存在层级冲突
qa-prod.branch.rocks#Black_list_tmp.txt第198005行 与上级域名branch.rocks#Black_list_tmp.txt第44001行 存在层级冲突
qc.bsccdn.net#Black_list_tmp.txt第198268行 与上级域名bsccdn.net#Black_list_tmp.txt第44869行 存在层级冲突
qcwx.medproad.com#Black_list_tmp.txt第198392行 与上级域名medproad.com#Black_list_tmp.txt第160622行 存在层级冲突
qd.moutaihotel.cn#Black_list_tmp.txt第198410行 与上级域名moutaihotel.cn#Black_list_tmp.txt第168247行 存在层级冲突
qeoa.hawbfa.com#Black_list_tmp.txt第198568行 与上级域名hawbfa.com#Black_list_tmp.txt第114945行 存在层级冲突
qgo.mmstat.com#Black_list_tmp.txt第198771行 与上级域名mmstat.com#Black_list_tmp.txt第166579行 存在层级冲突
qhm1.cnzz.com#Black_list_tmp.txt第198884行 与上级域名cnzz.com#Black_list_tmp.txt第55958行 存在层级冲突
qhm2.cnzz.com#Black_list_tmp.txt第198885行 与上级域名cnzz.com#Black_list_tmp.txt第55958行 存在层级冲突
qiyem.ejunshi.com#Black_list_tmp.txt第199129行 与上级域名ejunshi.com#Black_list_tmp.txt第84057行 存在层级冲突
qiyezs.ejunshi.com#Black_list_tmp.txt第199131行 与上级域名ejunshi.com#Black_list_tmp.txt第84057行 存在层级冲突
qm-g.actonservice.com#Black_list_tmp.txt第199421行 与上级域名actonservice.com#Black_list_tmp.txt第16241行 存在层级冲突
qosp.msg.71.am#Black_list_tmp.txt第199727行 与上级域名71.am#Black_list_tmp.txt第7199行 存在层级冲突
qps.000aaap2023.com#Black_list_tmp.txt第199835行 与上级域名000aaap2023.com#Black_list_tmp.txt第17行 存在层级冲突
qps.cint.com#Black_list_tmp.txt第199836行 与上级域名cint.com#Black_list_tmp.txt第53265行 存在层级冲突
qq.8368661.com#Black_list_tmp.txt第199862行 与上级域名8368661.com#Black_list_tmp.txt第8034行 存在层级冲突
qq.cnzz.com#Black_list_tmp.txt第199864行 与上级域名cnzz.com#Black_list_tmp.txt第55958行 存在层级冲突
qq.guansenff.cn#Black_list_tmp.txt第199867行 与上级域名guansenff.cn#Black_list_tmp.txt第112682行 存在层级冲突
qq.hixili.top#Black_list_tmp.txt第199868行 与上级域名hixili.top#Black_list_tmp.txt第117323行 存在层级冲突
qq.irs01.com#Black_list_tmp.txt第199869行 与上级域名irs01.com#Black_list_tmp.txt第128509行 存在层级冲突
qq.kuaipai666.cn#Black_list_tmp.txt第199870行 与上级域名kuaipai666.cn#Black_list_tmp.txt第138919行 存在层级冲突
qq.m.cn.miaozhen.com#Black_list_tmp.txt第199872行 与上级域名cn.miaozhen.com#Black_list_tmp.txt第55705行 存在层级冲突
qqdata.ab.qq.com#Black_list_tmp.txt第199902行 与上级域名ab.qq.com#Black_list_tmp.txt第14425行 存在层级冲突
qstore.inner.api.sj.360.cn#Black_list_tmp.txt第200280行 与上级域名360.cn#Black_list_tmp.txt第4252行 存在层级冲突
qt002x.corp.youdao.com#Black_list_tmp.txt第200294行 与上级域名corp.youdao.com#Black_list_tmp.txt第59169行 存在层级冲突
qtsftl.m.cn.miaozhen.com#Black_list_tmp.txt第200375行 与上级域名cn.miaozhen.com#Black_list_tmp.txt第55705行 存在层级冲突
qtt.ads.8le8le.com#Black_list_tmp.txt第200380行 与上级域名8le8le.com#Black_list_tmp.txt第8534行 存在层级冲突
quanjing.cnzz.com#Black_list_tmp.txt第200509行 与上级域名cnzz.com#Black_list_tmp.txt第55958行 存在层级冲突
quantcast.mgr.consensu.org#Black_list_tmp.txt第200518行 与上级域名consensu.org#Black_list_tmp.txt第57989行 存在层级冲突
query1.petametrics.com#Black_list_tmp.txt第200686行 与上级域名petametrics.com#Black_list_tmp.txt第188453行 存在层级冲突
questintegrity.actonservice.com#Black_list_tmp.txt第200696行 与上级域名actonservice.com#Black_list_tmp.txt第16241行 存在层级冲突
quidel.actonservice.com#Black_list_tmp.txt第200807行 与上级域名actonservice.com#Black_list_tmp.txt第16241行 存在层级冲突
quinceimaging.actonservice.com#Black_list_tmp.txt第200843行 与上级域名actonservice.com#Black_list_tmp.txt第16241行 存在层级冲突
quirklogic.actonservice.com#Black_list_tmp.txt第200863行 与上级域名actonservice.com#Black_list_tmp.txt第16241行 存在层级冲突
qumulo.actonservice.com#Black_list_tmp.txt第200917行 与上级域名actonservice.com#Black_list_tmp.txt第16241行 存在层级冲突
qurl.f.360.cn#Black_list_tmp.txt第200967行 与上级域名360.cn#Black_list_tmp.txt第4252行 存在层级冲突
qutoutiao.adintl.cn#Black_list_tmp.txt第200979行 与上级域名adintl.cn#Black_list_tmp.txt第18362行 存在层级冲突
qw2v.changshuohr.net#Black_list_tmp.txt第201121行 与上级域名changshuohr.net#Black_list_tmp.txt第51990行 存在层级冲突
qwe0231141.bj.bcebos.com#Black_list_tmp.txt第201141行 与上级域名bj.bcebos.com#Black_list_tmp.txt第41261行 存在层级冲突
qy.qchannel03.cn#Black_list_tmp.txt第201338行 与上级域名qchannel03.cn#Black_list_tmp.txt第198307行 存在层级冲突
qzs.gdt.qq.com#Black_list_tmp.txt第201522行 与上级域名gdt.qq.com#Black_list_tmp.txt第100514行 存在层级冲突
qzs.gdtimg.com#Black_list_tmp.txt第201523行 与上级域名gdtimg.com#Black_list_tmp.txt第100517行 存在层级冲突
r.254a.com#Black_list_tmp.txt第201575行 与上级域名254a.com#Black_list_tmp.txt第3379行 存在层级冲突
r.5207470.com#Black_list_tmp.txt第201578行 与上级域名5207470.com#Black_list_tmp.txt第5768行 存在层级冲突
r.ads.sohu.com#Black_list_tmp.txt第201581行 与上级域名ads.sohu.com#Black_list_tmp.txt第20199行 存在层级冲突
r.applovin.com#Black_list_tmp.txt第201586行 与上级域名applovin.com#Black_list_tmp.txt第31454行 存在层级冲突
r.browser.miui.com#Black_list_tmp.txt第201592行 与上级域名browser.miui.com#Black_list_tmp.txt第44682行 存在层级冲突
r.casalemedia.com.edgekey.net#Black_list_tmp.txt第201595行 与上级域名casalemedia.com.edgekey.net#Black_list_tmp.txt第49270行 存在层级冲突
r.dmp.sina.com.cn#Black_list_tmp.txt第201602行 与上级域名dmp.sina.com.cn#Black_list_tmp.txt第76597行 存在层级冲突
r.domob.cn#Black_list_tmp.txt第201603行 与上级域名domob.cn#Black_list_tmp.txt第77243行 存在层级冲突
r.domobcdn.com#Black_list_tmp.txt第201604行 与上级域名domobcdn.com#Black_list_tmp.txt第77245行 存在层级冲突
r.dvx.domob.cn#Black_list_tmp.txt第201607行 与上级域名domob.cn#Black_list_tmp.txt第77243行 存在层级冲突
r.l.youku.com#Black_list_tmp.txt第201617行 与上级域名l.youku.com#Black_list_tmp.txt第139868行 存在层级冲突
r.logrocket.io#Black_list_tmp.txt第201619行 与上级域名logrocket.io#Black_list_tmp.txt第151666行 存在层级冲突
r.ow.domob.cn#Black_list_tmp.txt第201637行 与上级域名domob.cn#Black_list_tmp.txt第77243行 存在层级冲突
r.qq-hls.xyz#Black_list_tmp.txt第201645行 与上级域名qq-hls.xyz#Black_list_tmp.txt第199860行 存在层级冲突
r1.ddlnk.net#Black_list_tmp.txt第201695行 与上级域名ddlnk.net#Black_list_tmp.txt第72069行 存在层级冲突
r6.mo.baidu.com#Black_list_tmp.txt第201760行 与上级域名mo.baidu.com#Black_list_tmp.txt第166754行 存在层级冲突
r82tmbfb7qgeawsf.oz8xhen.top#Black_list_tmp.txt第201783行 与上级域名oz8xhen.top#Black_list_tmp.txt第184463行 存在层级冲突
r8qs.adj.st#Black_list_tmp.txt第201791行 与上级域名adj.st#Black_list_tmp.txt第18405行 存在层级冲突
rabbit.meitustat.com#Black_list_tmp.txt第201823行 与上级域名meitustat.com#Black_list_tmp.txt第160846行 存在层级冲突
rack.ra.icast.cn#Black_list_tmp.txt第201880行 与上级域名icast.cn#Black_list_tmp.txt第121471行 存在层级冲突
radar.cedexis.com#Black_list_tmp.txt第201904行 与上级域名cedexis.com#Black_list_tmp.txt第51109行 存在层级冲突
raddus.bayescom.com#Black_list_tmp.txt第201920行 与上级域名bayescom.com#Black_list_tmp.txt第37744行 存在层级冲突
radiometer.actonservice.com#Black_list_tmp.txt第201946行 与上级域名actonservice.com#Black_list_tmp.txt第16241行 存在层级冲突
rakuten.actonservice.com#Black_list_tmp.txt第202143行 与上级域名actonservice.com#Black_list_tmp.txt第16241行 存在层级冲突
ranking.fc2ppvdb.live#Black_list_tmp.txt第202278行 与上级域名fc2ppvdb.live#Black_list_tmp.txt第91770行 存在层级冲突
raw.okwan.cn#Black_list_tmp.txt第202576行 与上级域名okwan.cn#Black_list_tmp.txt第180244行 存在层级冲突
rawdata.appsflyer.com#Black_list_tmp.txt第202582行 与上级域名appsflyer.com#Black_list_tmp.txt第31587行 存在层级冲突
rbp.emea.mxptint.net#Black_list_tmp.txt第202714行 与上级域名mxptint.net#Black_list_tmp.txt第170379行 存在层级冲突
rbp.mxptint.net#Black_list_tmp.txt第202715行 与上级域名mxptint.net#Black_list_tmp.txt第170379行 存在层级冲突
rbs.haiyunx.com#Black_list_tmp.txt第202736行 与上级域名haiyunx.com#Black_list_tmp.txt第114126行 存在层级冲突
rc-au.imrworldwide.com#Black_list_tmp.txt第202782行 与上级域名imrworldwide.com#Black_list_tmp.txt第124567行 存在层级冲突
rc.fthcz.com#Black_list_tmp.txt第202788行 与上级域名fthcz.com#Black_list_tmp.txt第97635行 存在层级冲突
rc.haodongkeji.cn#Black_list_tmp.txt第202789行 与上级域名haodongkeji.cn#Black_list_tmp.txt第114445行 存在层级冲突
rc.hotkeys.com#Black_list_tmp.txt第202790行 与上级域名hotkeys.com#Black_list_tmp.txt第118691行 存在层级冲突
rc.mgwcn.com#Black_list_tmp.txt第202792行 与上级域名mgwcn.com#Black_list_tmp.txt第164751行 存在层级冲突
rc2waycm-atl.netmng.com#Black_list_tmp.txt第202800行 与上级域名netmng.com#Black_list_tmp.txt第173223行 存在层级冲突
rcb.aiclk.com#Black_list_tmp.txt第202807行 与上级域名aiclk.com#Black_list_tmp.txt第23786行 存在层级冲突
rce.iperceptions.com#Black_list_tmp.txt第202818行 与上级域名iperceptions.com#Black_list_tmp.txt第127983行 存在层级冲突
rcmd.pop.ijinshan.com#Black_list_tmp.txt第202849行 与上级域名ijinshan.com#Black_list_tmp.txt第122678行 存在层级冲突
rcom-eu.dynamicyield.com#Black_list_tmp.txt第202861行 与上级域名dynamicyield.com#Black_list_tmp.txt第80564行 存在层级冲突
rcom.dynamicyield.com#Black_list_tmp.txt第202862行 与上级域名dynamicyield.com#Black_list_tmp.txt第80564行 存在层级冲突
rcp.c.appier.net#Black_list_tmp.txt第202865行 与上级域名appier.net#Black_list_tmp.txt第31314行 存在层级冲突
rcv.aiclk.com#Black_list_tmp.txt第202894行 与上级域名aiclk.com#Black_list_tmp.txt第23786行 存在层级冲突
rcv.jesgoo.com#Black_list_tmp.txt第202896行 与上级域名jesgoo.com#Black_list_tmp.txt第131015行 存在层级冲突
rcv.mobad.ijinshan.com#Black_list_tmp.txt第202897行 与上级域名ijinshan.com#Black_list_tmp.txt第122678行 存在层级冲突
rcv.moogos.com#Black_list_tmp.txt第202898行 与上级域名moogos.com#Black_list_tmp.txt第167790行 存在层级冲突
rd.ane.yahoo.co.jp#Black_list_tmp.txt第202925行 与上级域名ane.yahoo.co.jp#Black_list_tmp.txt第27384行 存在层级冲突
rd.da.netease.com#Black_list_tmp.txt第202927行 与上级域名da.netease.com#Black_list_tmp.txt第65337行 存在层级冲突
rd.wan.360.cn#Black_list_tmp.txt第202936行 与上级域名360.cn#Black_list_tmp.txt第4252行 存在层级冲突
reader.browser.miui.com#Black_list_tmp.txt第203133行 与上级域名browser.miui.com#Black_list_tmp.txt第44682行 存在层级冲突
readingpartners.actonservice.com#Black_list_tmp.txt第203145行 与上级域名actonservice.com#Black_list_tmp.txt第16241行 存在层级冲突
readytrainingonline.actonservice.com#Black_list_tmp.txt第203171行 与上级域名actonservice.com#Black_list_tmp.txt第16241行 存在层级冲突
realcomm.actonservice.com#Black_list_tmp.txt第203193行 与上级域名actonservice.com#Black_list_tmp.txt第16241行 存在层级冲突
realogic.actonservice.com#Black_list_tmp.txt第203251行 与上级域名actonservice.com#Black_list_tmp.txt第16241行 存在层级冲突
realogicinc.actonservice.com#Black_list_tmp.txt第203252行 与上级域名actonservice.com#Black_list_tmp.txt第16241行 存在层级冲突
realtime.luckyorange.com#Black_list_tmp.txt第203277行 与上级域名luckyorange.com#Black_list_tmp.txt第153317行 存在层级冲突
rec.g.163.com#Black_list_tmp.txt第203407行 与上级域名g.163.com#Black_list_tmp.txt第98771行 存在层级冲突
rec.mob.com#Black_list_tmp.txt第203408行 与上级域名mob.com#Black_list_tmp.txt第166827行 存在层级冲突
recoverypoint.actonservice.com#Black_list_tmp.txt第203652行 与上级域名actonservice.com#Black_list_tmp.txt第16241行 存在层级冲突
recs-api.conde.digital#Black_list_tmp.txt第203671行 与上级域名conde.digital#Black_list_tmp.txt第57476行 存在层级冲突
recs.atgsvcs.com#Black_list_tmp.txt第203672行 与上级域名atgsvcs.com#Black_list_tmp.txt第33661行 存在层级冲突
recv-vd.gridsumdissector.cn#Black_list_tmp.txt第203698行 与上级域名gridsumdissector.cn#Black_list_tmp.txt第106145行 存在层级冲突
recv-vd.gridsumdissector.com#Black_list_tmp.txt第203699行 与上级域名gridsumdissector.com#Black_list_tmp.txt第106146行 存在层级冲突
recv-wd.gridsumdissector.com#Black_list_tmp.txt第203700行 与上级域名gridsumdissector.com#Black_list_tmp.txt第106146行 存在层级冲突
redbooks.actonservice.com#Black_list_tmp.txt第203741行 与上级域名actonservice.com#Black_list_tmp.txt第16241行 存在层级冲突
redclassic.actonservice.com#Black_list_tmp.txt第203747行 与上级域名actonservice.com#Black_list_tmp.txt第16241行 存在层级冲突
redirect.hotkeys.com#Black_list_tmp.txt第203832行 与上级域名hotkeys.com#Black_list_tmp.txt第118691行 存在层级冲突
redlion.actonservice.com#Black_list_tmp.txt第203872行 与上级域名actonservice.com#Black_list_tmp.txt第16241行 存在层级冲突
redthreadmarketing.actonservice.com#Black_list_tmp.txt第203913行 与上级域名actonservice.com#Black_list_tmp.txt第16241行 存在层级冲突
redvector.actonservice.com#Black_list_tmp.txt第203959行 与上级域名actonservice.com#Black_list_tmp.txt第16241行 存在层级冲突
region1.google-analytics.com#Black_list_tmp.txt第204254行 与上级域名google-analytics.com#Black_list_tmp.txt第105044行 存在层级冲突
register.appsflyer.com#Black_list_tmp.txt第204269行 与上级域名appsflyer.com#Black_list_tmp.txt第31587行 存在层级冲突
rehmann.actonservice.com#Black_list_tmp.txt第204363行 与上级域名actonservice.com#Black_list_tmp.txt第16241行 存在层级冲突
reico.actonservice.com#Black_list_tmp.txt第204372行 与上级域名actonservice.com#Black_list_tmp.txt第16241行 存在层级冲突
remine.actonservice.com#Black_list_tmp.txt第204723行 与上级域名actonservice.com#Black_list_tmp.txt第16241行 存在层级冲突
report-stats.ad.jiguang.cn#Black_list_tmp.txt第205011行 与上级域名jiguang.cn#Black_list_tmp.txt第131597行 存在层级冲突
report-sy.adview.cn#Black_list_tmp.txt第205012行 与上级域名adview.cn#Black_list_tmp.txt第21662行 存在层级冲突
report.adview.cn#Black_list_tmp.txt第205018行 与上级域名adview.cn#Black_list_tmp.txt第21662行 存在层级冲突
report.huatuo.qq.com#Black_list_tmp.txt第205032行 与上级域名huatuo.qq.com#Black_list_tmp.txt第119647行 存在层级冲突
report.im.jpush.cn#Black_list_tmp.txt第205035行 与上级域名im.jpush.cn#Black_list_tmp.txt第123065行 存在层级冲突
report.jpush.cn#Black_list_tmp.txt第205037行 与上级域名jpush.cn#Black_list_tmp.txt第133024行 存在层级冲突
reportlog.dftoutiao.com#Black_list_tmp.txt第205081行 与上级域名dftoutiao.com#Black_list_tmp.txt第73922行 存在层级冲突
reports.crashlytics.com#Black_list_tmp.txt第205085行 与上级域名crashlytics.com#Black_list_tmp.txt第60442行 存在层级冲突
reppify.actonservice.com#Black_list_tmp.txt第205106行 与上级域名actonservice.com#Black_list_tmp.txt第16241行 存在层级冲突
res-push.ad.jiguang.cn#Black_list_tmp.txt第205207行 与上级域名jiguang.cn#Black_list_tmp.txt第131597行 存在层级冲突
res.ad.jiguang.cn#Black_list_tmp.txt第205209行 与上级域名jiguang.cn#Black_list_tmp.txt第131597行 存在层级冲突
res.cocounion.com#Black_list_tmp.txt第205211行 与上级域名cocounion.com#Black_list_tmp.txt第56109行 存在层级冲突
res.dxpmedia.com#Black_list_tmp.txt第205212行 与上级域名dxpmedia.com#Black_list_tmp.txt第80430行 存在层级冲突
res.hubcloud.com.cn#Black_list_tmp.txt第205218行 与上级域名hubcloud.com.cn#Black_list_tmp.txt第119726行 存在层级冲突
res.icast.cn#Black_list_tmp.txt第205220行 与上级域名icast.cn#Black_list_tmp.txt第121471行 存在层级冲突
res.mmstat.com#Black_list_tmp.txt第205226行 与上级域名mmstat.com#Black_list_tmp.txt第166579行 存在层级冲突
res1.applovin.com#Black_list_tmp.txt第205236行 与上级域名applovin.com#Black_list_tmp.txt第31454行 存在层级冲突
res1.hubcloud.com.cn#Black_list_tmp.txt第205237行 与上级域名hubcloud.com.cn#Black_list_tmp.txt第119726行 存在层级冲突
res2.hubcloud.com.cn#Black_list_tmp.txt第205238行 与上级域名hubcloud.com.cn#Black_list_tmp.txt第119726行 存在层级冲突
res3.hubcloud.com.cn#Black_list_tmp.txt第205240行 与上级域名hubcloud.com.cn#Black_list_tmp.txt第119726行 存在层级冲突
resource.ad-scope.com.cn#Black_list_tmp.txt第205390行 与上级域名ad-scope.com.cn#Black_list_tmp.txt第16471行 存在层级冲突
resources.crowdtwist.com#Black_list_tmp.txt第205407行 与上级域名crowdtwist.com#Black_list_tmp.txt第60984行 存在层级冲突
rest.dynamicyield.com#Black_list_tmp.txt第205565行 与上级域名dynamicyield.com#Black_list_tmp.txt第80564行 存在层级冲突
rest.irs01.com#Black_list_tmp.txt第205566行 与上级域名irs01.com#Black_list_tmp.txt第128509行 存在层级冲突
restapi.getui.cn#Black_list_tmp.txt第205574行 与上级域名getui.cn#Black_list_tmp.txt第101494行 存在层级冲突
restapi.getui.com#Black_list_tmp.txt第205575行 与上级域名getui.com#Black_list_tmp.txt第101495行 存在层级冲突
results.optimizely.com#Black_list_tmp.txt第205624行 与上级域名optimizely.com#Black_list_tmp.txt第182218行 存在层级冲突
retailmedia-static.criteo.com#Black_list_tmp.txt第205654行 与上级域名criteo.com#Black_list_tmp.txt第60821行 存在层级冲突
retrieval-bd.duote.com#Black_list_tmp.txt第205739行 与上级域名duote.com#Black_list_tmp.txt第79786行 存在层级冲突
revgroup.actonservice.com#Black_list_tmp.txt第205860行 与上级域名actonservice.com#Black_list_tmp.txt第16241行 存在层级冲突
review.gdtimg.com#Black_list_tmp.txt第205865行 与上级域名gdtimg.com#Black_list_tmp.txt第100517行 存在层级冲突
reward-api.csjplatform.com#Black_list_tmp.txt第205967行 与上级域名csjplatform.com#Black_list_tmp.txt第61332行 存在层级冲突
rewards.jiguang.cn#Black_list_tmp.txt第205979行 与上级域名jiguang.cn#Black_list_tmp.txt第131597行 存在层级冲突
rh.code.jjyx.com#Black_list_tmp.txt第206307行 与上级域名jjyx.com#Black_list_tmp.txt第131966行 存在层级冲突
rh.greenbetterkids.com#Black_list_tmp.txt第206308行 与上级域名greenbetterkids.com#Black_list_tmp.txt第106003行 存在层级冲突
rhahvac.actonservice.com#Black_list_tmp.txt第206324行 与上级域名actonservice.com#Black_list_tmp.txt第16241行 存在层级冲突
rhinowebgroup.actonservice.com#Black_list_tmp.txt第206385行 与上级域名actonservice.com#Black_list_tmp.txt第16241行 存在层级冲突
rich.otherlevels.com#Black_list_tmp.txt第206541行 与上级域名otherlevels.com#Black_list_tmp.txt第183199行 存在层级冲突
rigel.baidustatic.com#Black_list_tmp.txt第206661行 与上级域名baidustatic.com#Black_list_tmp.txt第36672行 存在层级冲突
rightanswers.actonservice.com#Black_list_tmp.txt第206667行 与上级域名actonservice.com#Black_list_tmp.txt第16241行 存在层级冲突
riscitsolutions.actonservice.com#Black_list_tmp.txt第206869行 与上级域名actonservice.com#Black_list_tmp.txt第16241行 存在层级冲突
rjs.niuxgame77.com#Black_list_tmp.txt第207050行 与上级域名niuxgame77.com#Black_list_tmp.txt第174802行 存在层级冲突
rlog.popin.cc#Black_list_tmp.txt第207230行 与上级域名popin.cc#Black_list_tmp.txt第192466行 存在层级冲突
rm.gdt.qq.com#Black_list_tmp.txt第207271行 与上级域名gdt.qq.com#Black_list_tmp.txt第100514行 存在层级冲突
rm.ra.icast.cn#Black_list_tmp.txt第207272行 与上级域名icast.cn#Black_list_tmp.txt第121471行 存在层级冲突
rmhoffman.actonservice.com#Black_list_tmp.txt第207328行 与上级域名actonservice.com#Black_list_tmp.txt第16241行 存在层级冲突
rmtx.ra.icast.cn#Black_list_tmp.txt第207383行 与上级域名icast.cn#Black_list_tmp.txt第121471行 存在层级冲突
rock2.authcaptcha.com#Black_list_tmp.txt第207632行 与上级域名authcaptcha.com#Black_list_tmp.txt第34488行 存在层级冲突
roiscs.actonservice.com#Black_list_tmp.txt第207769行 与上级域名actonservice.com#Black_list_tmp.txt第16241行 存在层级冲突
rollbar.actonservice.com#Black_list_tmp.txt第207804行 与上级域名actonservice.com#Black_list_tmp.txt第16241行 存在层级冲突
romotur.actonservice.com#Black_list_tmp.txt第207875行 与上级域名actonservice.com#Black_list_tmp.txt第16241行 存在层级冲突
root9b.actonservice.com#Black_list_tmp.txt第207972行 与上级域名actonservice.com#Black_list_tmp.txt第16241行 存在层级冲突
rosi.okkkk.com#Black_list_tmp.txt第208045行 与上级域名okkkk.com#Black_list_tmp.txt第180149行 存在层级冲突
route-stats.d.meituan.net#Black_list_tmp.txt第208181行 与上级域名d.meituan.net#Black_list_tmp.txt第63523行 存在层级冲突
roxtec.actonservice.com#Black_list_tmp.txt第208260行 与上级域名actonservice.com#Black_list_tmp.txt第16241行 存在层级冲突
rp.crasheye.cn#Black_list_tmp.txt第208290行 与上级域名crasheye.cn#Black_list_tmp.txt第60439行 存在层级冲突
rp.gwallet.com#Black_list_tmp.txt第208291行 与上级域名gwallet.com#Black_list_tmp.txt第113225行 存在层级冲突
rp.hpplay.cn#Black_list_tmp.txt第208292行 与上级域名hpplay.cn#Black_list_tmp.txt第118998行 存在层级冲突
rpnews.itaoxiaoshuo.com#Black_list_tmp.txt第208360行 与上级域名itaoxiaoshuo.com#Black_list_tmp.txt第128858行 存在层级冲突
rps.hpplay.cn#Black_list_tmp.txt第208388行 与上级域名hpplay.cn#Black_list_tmp.txt第118998行 存在层级冲突
rpt.gdt.qq.com#Black_list_tmp.txt第208395行 与上级域名gdt.qq.com#Black_list_tmp.txt第100514行 存在层级冲突
rpt.hpplay.cn#Black_list_tmp.txt第208396行 与上级域名hpplay.cn#Black_list_tmp.txt第118998行 存在层级冲突
rr.knet.cn#Black_list_tmp.txt第208528行 与上级域名knet.cn#Black_list_tmp.txt第137706行 存在层级冲突
rr.tracker.mobiletracking.ru#Black_list_tmp.txt第208529行 与上级域名mobiletracking.ru#Black_list_tmp.txt第167014行 存在层级冲突
rs.adpinfo.com#Black_list_tmp.txt第208647行 与上级域名adpinfo.com#Black_list_tmp.txt第19167行 存在层级冲突
rs.fullstory.com#Black_list_tmp.txt第208649行 与上级域名fullstory.com#Black_list_tmp.txt第97904行 存在层级冲突
rsra-ph.cdn-fileserver.com#Black_list_tmp.txt第208756行 与上级域名cdn-fileserver.com#Black_list_tmp.txt第50219行 存在层级冲突
rsra.cdn-fileserver.com#Black_list_tmp.txt第208757行 与上级域名cdn-fileserver.com#Black_list_tmp.txt第50219行 存在层级冲突
rsras-ph.cdn-fileserver.com#Black_list_tmp.txt第208758行 与上级域名cdn-fileserver.com#Black_list_tmp.txt第50219行 存在层级冲突
rsras.cdn-fileserver.com#Black_list_tmp.txt第208759行 与上级域名cdn-fileserver.com#Black_list_tmp.txt第50219行 存在层级冲突
rstat.rockmostbet.com#Black_list_tmp.txt第208799行 与上级域名rockmostbet.com#Black_list_tmp.txt第207659行 存在层级冲突
rsvp.heatexperience.com#Black_list_tmp.txt第208822行 与上级域名heatexperience.com#Black_list_tmp.txt第115635行 存在层级冲突
rt.ad-score.com#Black_list_tmp.txt第208845行 与上级域名ad-score.com#Black_list_tmp.txt第16472行 存在层级冲突
rt.applovin.com#Black_list_tmp.txt第208846行 与上级域名applovin.com#Black_list_tmp.txt第31454行 存在层级冲突
rt.applvn.com#Black_list_tmp.txt第208847行 与上级域名applvn.com#Black_list_tmp.txt第31456行 存在层级冲突
rt.flix360.com#Black_list_tmp.txt第208860行 与上级域名flix360.com#Black_list_tmp.txt第94783行 存在层级冲突
rt.gsspat.jp#Black_list_tmp.txt第208866行 与上级域名gsspat.jp#Black_list_tmp.txt第106797行 存在层级冲突
rtawin.daikuan.360.cn#Black_list_tmp.txt第208933行 与上级域名360.cn#Black_list_tmp.txt第4252行 存在层级冲突
rtax.criteo.com#Black_list_tmp.txt第208934行 与上级域名criteo.com#Black_list_tmp.txt第60821行 存在层级冲突
rtb-apac-v4.hueadsortb.com#Black_list_tmp.txt第208958行 与上级域名hueadsortb.com#Black_list_tmp.txt第119774行 存在层级冲突
rtb-apac.adcannyads.com#Black_list_tmp.txt第208980行 与上级域名adcannyads.com#Black_list_tmp.txt第17667行 存在层级冲突
rtb-apac.admidadsp.com#Black_list_tmp.txt第208982行 与上级域名admidadsp.com#Black_list_tmp.txt第18677行 存在层级冲突
rtb-apac.boffoadsapi.com#Black_list_tmp.txt第208984行 与上级域名boffoadsapi.com#Black_list_tmp.txt第42785行 存在层级冲突
rtb-apac.ergadx.com#Black_list_tmp.txt第208987行 与上级域名ergadx.com#Black_list_tmp.txt第87093行 存在层级冲突
rtb-apac.foremedia.net#Black_list_tmp.txt第208988行 与上级域名foremedia.net#Black_list_tmp.txt第95755行 存在层级冲突
rtb-eu-v4.adlive.io#Black_list_tmp.txt第209008行 与上级域名adlive.io#Black_list_tmp.txt第18517行 存在层级冲突
rtb-eu-v4.hueadsortb.com#Black_list_tmp.txt第209030行 与上级域名hueadsortb.com#Black_list_tmp.txt第119774行 存在层级冲突
rtb-eu-v4.revbid.net#Black_list_tmp.txt第209042行 与上级域名revbid.net#Black_list_tmp.txt第205799行 存在层级冲突
rtb-eu.152media.com#Black_list_tmp.txt第209063行 与上级域名152media.com#Black_list_tmp.txt第1691行 存在层级冲突
rtb-eu.adcannyads.com#Black_list_tmp.txt第209066行 与上级域名adcannyads.com#Black_list_tmp.txt第17667行 存在层级冲突
rtb-eu.admidadsp.com#Black_list_tmp.txt第209070行 与上级域名admidadsp.com#Black_list_tmp.txt第18677行 存在层级冲突
rtb-eu.andbeyond.media#Black_list_tmp.txt第209079行 与上级域名andbeyond.media#Black_list_tmp.txt第27316行 存在层级冲突
rtb-eu.boffoadsapi.com#Black_list_tmp.txt第209083行 与上级域名boffoadsapi.com#Black_list_tmp.txt第42785行 存在层级冲突
rtb-eu.ergadx.com#Black_list_tmp.txt第209091行 与上级域名ergadx.com#Black_list_tmp.txt第87093行 存在层级冲突
rtb-eu.foremedia.net#Black_list_tmp.txt第209092行 与上级域名foremedia.net#Black_list_tmp.txt第95755行 存在层级冲突
rtb-eu.hueadsortb.com#Black_list_tmp.txt第209096行 与上级域名hueadsortb.com#Black_list_tmp.txt第119774行 存在层级冲突
rtb-eu.nativeads.com#Black_list_tmp.txt第209101行 与上级域名nativeads.com#Black_list_tmp.txt第171996行 存在层级冲突
rtb-p.kejet.net#Black_list_tmp.txt第209125行 与上级域名kejet.net#Black_list_tmp.txt第135959行 存在层级冲突
rtb-useast-v4.applixir.com#Black_list_tmp.txt第209144行 与上级域名applixir.com#Black_list_tmp.txt第31434行 存在层级冲突
rtb-useast-v4.datawrkz.com#Black_list_tmp.txt第209156行 与上级域名datawrkz.com#Black_list_tmp.txt第71197行 存在层级冲突
rtb-useast-v4.digiadglobal.com#Black_list_tmp.txt第209157行 与上级域名digiadglobal.com#Black_list_tmp.txt第74684行 存在层级冲突
rtb-useast-v4.hueadsortb.com#Black_list_tmp.txt第209162行 与上级域名hueadsortb.com#Black_list_tmp.txt第119774行 存在层级冲突
rtb-useast-v4.revbid.net#Black_list_tmp.txt第209177行 与上级域名revbid.net#Black_list_tmp.txt第205799行 存在层级冲突
rtb-useast.adcannyads.com#Black_list_tmp.txt第209199行 与上级域名adcannyads.com#Black_list_tmp.txt第17667行 存在层级冲突
rtb-useast.admidadsp.com#Black_list_tmp.txt第209202行 与上级域名admidadsp.com#Black_list_tmp.txt第18677行 存在层级冲突
rtb-useast.andbeyond.media#Black_list_tmp.txt第209208行 与上级域名andbeyond.media#Black_list_tmp.txt第27316行 存在层级冲突
rtb-useast.anyclip-media.com#Black_list_tmp.txt第209209行 与上级域名anyclip-media.com#Black_list_tmp.txt第27963行 存在层级冲突
rtb-useast.boffoadsapi.com#Black_list_tmp.txt第209215行 与上级域名boffoadsapi.com#Black_list_tmp.txt第42785行 存在层级冲突
rtb-useast.denakop.com#Black_list_tmp.txt第209221行 与上级域名denakop.com#Black_list_tmp.txt第73042行 存在层级冲突
rtb-useast.ergadx.com#Black_list_tmp.txt第209224行 与上级域名ergadx.com#Black_list_tmp.txt第87093行 存在层级冲突
rtb-useast.hueadsortb.com#Black_list_tmp.txt第209230行 与上级域名hueadsortb.com#Black_list_tmp.txt第119774行 存在层级冲突
rtb-uswest-v4.hueadsortb.com#Black_list_tmp.txt第209281行 与上级域名hueadsortb.com#Black_list_tmp.txt第119774行 存在层级冲突
rtb-uswest-v4.revbid.net#Black_list_tmp.txt第209288行 与上级域名revbid.net#Black_list_tmp.txt第205799行 存在层级冲突
rtb-uswest.152media.com#Black_list_tmp.txt第209297行 与上级域名152media.com#Black_list_tmp.txt第1691行 存在层级冲突
rtb-uswest.admidadsp.com#Black_list_tmp.txt第209301行 与上级域名admidadsp.com#Black_list_tmp.txt第18677行 存在层级冲突
rtb-uswest.adventurefeeds.com#Black_list_tmp.txt第209303行 与上级域名adventurefeeds.com#Black_list_tmp.txt第21578行 存在层级冲突
rtb-uswest.andbeyond.media#Black_list_tmp.txt第209305行 与上级域名andbeyond.media#Black_list_tmp.txt第27316行 存在层级冲突
rtb-uswest.boffoadsapi.com#Black_list_tmp.txt第209308行 与上级域名boffoadsapi.com#Black_list_tmp.txt第42785行 存在层级冲突
rtb-uswest.ergadx.com#Black_list_tmp.txt第209310行 与上级域名ergadx.com#Black_list_tmp.txt第87093行 存在层级冲突
rtb-uswest.hueadsortb.com#Black_list_tmp.txt第209312行 与上级域名hueadsortb.com#Black_list_tmp.txt第119774行 存在层级冲突
rtb-uswest.omnijay.com#Black_list_tmp.txt第209319行 与上级域名omnijay.com#Black_list_tmp.txt第180777行 存在层级冲突
rtb.adentifi.com#Black_list_tmp.txt第209333行 与上级域名adentifi.com#Black_list_tmp.txt第18059行 存在层级冲突
rtb.adgrx.com.tech.akadns.net#Black_list_tmp.txt第209334行 与上级域名adgrx.com.tech.akadns.net#Black_list_tmp.txt第18230行 存在层级冲突
rtb.adventurefeeds.com#Black_list_tmp.txt第209335行 与上级域名adventurefeeds.com#Black_list_tmp.txt第21578行 存在层级冲突
rtb.eanalyzer.de#Black_list_tmp.txt第209343行 与上级域名eanalyzer.de#Black_list_tmp.txt第81689行 存在层级冲突
rtb.getui.com#Black_list_tmp.txt第209344行 与上级域名getui.com#Black_list_tmp.txt第101495行 存在层级冲突
rtb.nativeads.com#Black_list_tmp.txt第209349行 与上级域名nativeads.com#Black_list_tmp.txt第171996行 存在层级冲突
rtb.ninthdecimal.com#Black_list_tmp.txt第209350行 与上级域名ninthdecimal.com#Black_list_tmp.txt第174664行 存在层级冲突
rtb.openx.net#Black_list_tmp.txt第209353行 与上级域名openx.net#Black_list_tmp.txt第181989行 存在层级冲突
rtb.optidigital.com#Black_list_tmp.txt第209354行 与上级域名optidigital.com#Black_list_tmp.txt第182183行 存在层级冲突
rtb2-useast.foremedia.net#Black_list_tmp.txt第209399行 与上级域名foremedia.net#Black_list_tmp.txt第95755行 存在层级冲突
rtb2-useast.gammae.com#Black_list_tmp.txt第209400行 与上级域名gammae.com#Black_list_tmp.txt第99569行 存在层级冲突
rte.fuoo1.top#Black_list_tmp.txt第209488行 与上级域名fuoo1.top#Black_list_tmp.txt第98043行 存在层级冲突
rtg-adroute.focas.jp#Black_list_tmp.txt第209498行 与上级域名focas.jp#Black_list_tmp.txt第95415行 存在层级冲突
rtr.innovid.com.akadns.net#Black_list_tmp.txt第209660行 与上级域名innovid.com.akadns.net#Black_list_tmp.txt第126575行 存在层级冲突
rtt.campanja.com#Black_list_tmp.txt第209710行 与上级域名campanja.com#Black_list_tmp.txt第48016行 存在层级冲突
rtvision.actonservice.com#Black_list_tmp.txt第209726行 与上级域名actonservice.com#Black_list_tmp.txt第16241行 存在层级冲突
rtvutrecht-static.reviveservers.com#Black_list_tmp.txt第209727行 与上级域名reviveservers.com#Black_list_tmp.txt第205901行 存在层级冲突
ru-gmtdmp.mookie1.com#Black_list_tmp.txt第209753行 与上级域名mookie1.com#Black_list_tmp.txt第167793行 存在层级冲突
ru.mmstat.com#Black_list_tmp.txt第209758行 与上级域名mmstat.com#Black_list_tmp.txt第166579行 存在层级冲突
rubicon-match.dotomi.com#Black_list_tmp.txt第209797行 与上级域名dotomi.com#Black_list_tmp.txt第77521行 存在层级冲突
rubylife.go2cloud.org#Black_list_tmp.txt第209824行 与上级域名go2cloud.org#Black_list_tmp.txt第104571行 存在层级冲突
rudy.adsnative.com#Black_list_tmp.txt第209873行 与上级域名adsnative.com#Black_list_tmp.txt第20937行 存在层级冲突
rum-collector.pingdom.net#Black_list_tmp.txt第209961行 与上级域名pingdom.net#Black_list_tmp.txt第189894行 存在层级冲突
rum-http-intake.logs.datadoghq.com#Black_list_tmp.txt第209963行 与上级域名logs.datadoghq.com#Black_list_tmp.txt第151692行 存在层级冲突
rum-static.pingdom.net#Black_list_tmp.txt第209968行 与上级域名pingdom.net#Black_list_tmp.txt第189894行 存在层级冲突
rum.optimizely.com#Black_list_tmp.txt第209986行 与上级域名optimizely.com#Black_list_tmp.txt第182218行 存在层级冲突
rumsey.actonservice.com#Black_list_tmp.txt第210018行 与上级域名actonservice.com#Black_list_tmp.txt第16241行 存在层级冲突
rvb.quanliyouxi.cn#Black_list_tmp.txt第210269行 与上级域名quanliyouxi.cn#Black_list_tmp.txt第200510行 存在层级冲突
rxaap.actonservice.com#Black_list_tmp.txt第210527行 与上级域名actonservice.com#Black_list_tmp.txt第16241行 存在层级冲突
rystadenergy.actonservice.com#Black_list_tmp.txt第210704行 与上级域名actonservice.com#Black_list_tmp.txt第16241行 存在层级冲突
s-gm.mmstat.com#Black_list_tmp.txt第210832行 与上级域名mmstat.com#Black_list_tmp.txt第166579行 存在层级冲突
s-gt.getui.com#Black_list_tmp.txt第210833行 与上级域名getui.com#Black_list_tmp.txt第101495行 存在层级冲突
s-mic-oss.mob.com#Black_list_tmp.txt第210838行 与上级域名mob.com#Black_list_tmp.txt第166827行 存在层级冲突
s-static.innovid.com.edgekey.net#Black_list_tmp.txt第210844行 与上级域名innovid.com.edgekey.net#Black_list_tmp.txt第126576行 存在层级冲突
s-w.applk.cn#Black_list_tmp.txt第210847行 与上级域名applk.cn#Black_list_tmp.txt第31435行 存在层级冲突
s.0594529.com#Black_list_tmp.txt第210855行 与上级域名0594529.com#Black_list_tmp.txt第243行 存在层级冲突
s.1rtb.net#Black_list_tmp.txt第210859行 与上级域名1rtb.net#Black_list_tmp.txt第2627行 存在层级冲突
s.35kds.com#Black_list_tmp.txt第210860行 与上级域名35kds.com#Black_list_tmp.txt第4224行 存在层级冲突
s.360.cn#Black_list_tmp.txt第210861行 与上级域名360.cn#Black_list_tmp.txt第4252行 存在层级冲突
s.652748.com#Black_list_tmp.txt第210865行 与上级域名652748.com#Black_list_tmp.txt第6645行 存在层级冲突
s.6travel.com#Black_list_tmp.txt第210867行 与上级域名6travel.com#Black_list_tmp.txt第7102行 存在层级冲突
s.ads.sohu.com#Black_list_tmp.txt第210875行 与上级域名ads.sohu.com#Black_list_tmp.txt第20199行 存在层级冲突
s.adsession.com#Black_list_tmp.txt第210876行 与上级域名adsession.com#Black_list_tmp.txt第20783行 存在层级冲突
s.adxvip.com#Black_list_tmp.txt第210879行 与上级域名adxvip.com#Black_list_tmp.txt第21954行 存在层级冲突
s.alitui.weibo.com#Black_list_tmp.txt第210889行 与上级域名alitui.weibo.com#Black_list_tmp.txt第25132行 存在层级冲突
s.amazon-adsystem.com#Black_list_tmp.txt第210895行 与上级域名amazon-adsystem.com#Black_list_tmp.txt第25848行 存在层级冲突
s.appjiagu.com#Black_list_tmp.txt第210904行 与上级域名appjiagu.com#Black_list_tmp.txt第31321行 存在层级冲突
s.axon.ai#Black_list_tmp.txt第210915行 与上级域名axon.ai#Black_list_tmp.txt第35301行 存在层级冲突
s.beop.io#Black_list_tmp.txt第210926行 与上级域名beop.io#Black_list_tmp.txt第39330行 存在层级冲突
s.bmgan.com#Black_list_tmp.txt第210933行 与上级域名bmgan.com#Black_list_tmp.txt第42340行 存在层级冲突
s.caduka.cn#Black_list_tmp.txt第210954行 与上级域名caduka.cn#Black_list_tmp.txt第47559行 存在层级冲突
s.cdxyb.cn#Black_list_tmp.txt第210966行 与上级域名cdxyb.cn#Black_list_tmp.txt第51013行 存在层级冲突
s.click.aliexpress.com#Black_list_tmp.txt第210973行 与上级域名click.aliexpress.com#Black_list_tmp.txt第54161行 存在层级冲突
s.clkservice.youdao.com#Black_list_tmp.txt第210977行 与上级域名clkservice.youdao.com#Black_list_tmp.txt第54857行 存在层级冲突
s.cnzz.com#Black_list_tmp.txt第210981行 与上级域名cnzz.com#Black_list_tmp.txt第55958行 存在层级冲突
s.coveredsys.cn#Black_list_tmp.txt第210995行 与上级域名coveredsys.cn#Black_list_tmp.txt第59776行 存在层级冲突
s.cpro.baidu.com#Black_list_tmp.txt第210996行 与上级域名cpro.baidu.com#Black_list_tmp.txt第60108行 存在层级冲突
s.cr-nielsen.com#Black_list_tmp.txt第210998行 与上级域名cr-nielsen.com#Black_list_tmp.txt第60320行 存在层级冲突
s.csbew.com#Black_list_tmp.txt第211003行 与上级域名csbew.com#Black_list_tmp.txt第61264行 存在层级冲突
s.dc-tag.jp#Black_list_tmp.txt第211012行 与上级域名dc-tag.jp#Black_list_tmp.txt第71619行 存在层级冲突
s.domob.cn#Black_list_tmp.txt第211028行 与上级域名domob.cn#Black_list_tmp.txt第77243行 存在层级冲突
s.dsjcfw.com#Black_list_tmp.txt第211054行 与上级域名dsjcfw.com#Black_list_tmp.txt第78867行 存在层级冲突
s.effectivemeasure.net#Black_list_tmp.txt第211080行 与上级域名effectivemeasure.net#Black_list_tmp.txt第83409行 存在层级冲突
s.ekeide.com#Black_list_tmp.txt第211082行 与上级域名ekeide.com#Black_list_tmp.txt第84102行 存在层级冲突
s.etology.com#Black_list_tmp.txt第211145行 与上级域名etology.com#Black_list_tmp.txt第87903行 存在层级冲突
s.everydayporn.co#Black_list_tmp.txt第211150行 与上级域名everydayporn.co#Black_list_tmp.txt第88958行 存在层级冲突
s.flite.com#Black_list_tmp.txt第211169行 与上级域名flite.com#Black_list_tmp.txt第94781行 存在层级冲突
s.gdt.qq.com#Black_list_tmp.txt第211185行 与上级域名gdt.qq.com#Black_list_tmp.txt第100514行 存在层级冲突
s.georgias.cn#Black_list_tmp.txt第211189行 与上级域名georgias.cn#Black_list_tmp.txt第101004行 存在层级冲突
s.go.sohu.com#Black_list_tmp.txt第211205行 与上级域名go.sohu.com#Black_list_tmp.txt第104360行 存在层级冲突
s.haiyunx.com#Black_list_tmp.txt第211226行 与上级域名haiyunx.com#Black_list_tmp.txt第114126行 存在层级冲突
s.hk9600.com#Black_list_tmp.txt第211242行 与上级域名hk9600.com#Black_list_tmp.txt第117464行 存在层级冲突
s.hkfuy.com#Black_list_tmp.txt第211244行 与上级域名hkfuy.com#Black_list_tmp.txt第117483行 存在层级冲突
s.hnhgw.cn#Black_list_tmp.txt第211246行 与上级域名hnhgw.cn#Black_list_tmp.txt第117868行 存在层级冲突
s.hzht666.com#Black_list_tmp.txt第211254行 与上级域名hzht666.com#Black_list_tmp.txt第120773行 存在层级冲突
s.innovid.com.akadns.net#Black_list_tmp.txt第211263行 与上级域名innovid.com.akadns.net#Black_list_tmp.txt第126575行 存在层级冲突
s.iroby.com#Black_list_tmp.txt第211270行 与上级域名iroby.com#Black_list_tmp.txt第128426行 存在层级冲突
s.irs03.com#Black_list_tmp.txt第211271行 与上级域名irs03.com#Black_list_tmp.txt第128511行 存在层级冲突
s.isdspeed.qq.com#Black_list_tmp.txt第211272行 与上级域名isdspeed.qq.com#Black_list_tmp.txt第128602行 存在层级冲突
s.iuuff.com#Black_list_tmp.txt第211276行 与上级域名iuuff.com#Black_list_tmp.txt第129192行 存在层级冲突
s.jimdo.com#Black_list_tmp.txt第211282行 与上级域名jimdo.com#Black_list_tmp.txt第131644行 存在层级冲突
s.jpush.cn#Black_list_tmp.txt第211290行 与上级域名jpush.cn#Black_list_tmp.txt第133024行 存在层级冲突
s.khgj.cn#Black_list_tmp.txt第211302行 与上级域名khgj.cn#Black_list_tmp.txt第136497行 存在层级冲突
s.lianmeng.360.cn#Black_list_tmp.txt第211327行 与上级域名360.cn#Black_list_tmp.txt第4252行 存在层级冲突
s.logsss.com#Black_list_tmp.txt第211335行 与上级域名logsss.com#Black_list_tmp.txt第151746行 存在层级冲突
s.meimeidaren.com#Black_list_tmp.txt第211361行 与上级域名meimeidaren.com#Black_list_tmp.txt第160821行 存在层级冲突
s.metrics.artistsnetwork.com#Black_list_tmp.txt第211365行 与上级域名metrics.artistsnetwork.com#Black_list_tmp.txt第161918行 存在层级冲突
s.metrics.skyandtelescope.com#Black_list_tmp.txt第211366行 与上级域名metrics.skyandtelescope.com#Black_list_tmp.txt第163843行 存在层级冲突
s.mgwcn.com#Black_list_tmp.txt第211368行 与上级域名mgwcn.com#Black_list_tmp.txt第164751行 存在层级冲突
s.mic.mob.com#Black_list_tmp.txt第211370行 与上级域名mob.com#Black_list_tmp.txt第166827行 存在层级冲突
s.mz30.cn#Black_list_tmp.txt第211391行 与上级域名mz30.cn#Black_list_tmp.txt第171091行 存在层级冲突
s.oadz.com#Black_list_tmp.txt第211422行 与上级域名oadz.com#Black_list_tmp.txt第178064行 存在层级冲突
s.okmgy.cn#Black_list_tmp.txt第211426行 与上级域名okmgy.cn#Black_list_tmp.txt第180159行 存在层级冲突
s.optidigital.com#Black_list_tmp.txt第211429行 与上级域名optidigital.com#Black_list_tmp.txt第182183行 存在层级冲突
s.peplle.cn#Black_list_tmp.txt第211470行 与上级域名peplle.cn#Black_list_tmp.txt第188077行 存在层级冲突
s.qhupdate.com#Black_list_tmp.txt第211506行 与上级域名qhupdate.com#Black_list_tmp.txt第198921行 存在层级冲突
s.qzkxt.com#Black_list_tmp.txt第211510行 与上级域名qzkxt.com#Black_list_tmp.txt第201488行 存在层级冲突
s.ryre.cn#Black_list_tmp.txt第211536行 与上级域名ryre.cn#Black_list_tmp.txt第210689行 存在层级冲突
s.so.360.cn#Black_list_tmp.txt第211578行 与上级域名360.cn#Black_list_tmp.txt第4252行 存在层级冲突
s.union.360.cn#Black_list_tmp.txt第211683行 与上级域名360.cn#Black_list_tmp.txt第4252行 存在层级冲突
s0.2mdn.net#Black_list_tmp.txt第211780行 与上级域名2mdn.net#Black_list_tmp.txt第3781行 存在层级冲突
s0.doubleclick.net#Black_list_tmp.txt第211781行 与上级域名doubleclick.net#Black_list_tmp.txt第77549行 存在层级冲突
s01.peplle.cn#Black_list_tmp.txt第211784行 与上级域名peplle.cn#Black_list_tmp.txt第188077行 存在层级冲突
s010.net.jumia.sn#Black_list_tmp.txt第211785行 与上级域名net.jumia.sn#Black_list_tmp.txt第173143行 存在层级冲突
s03.optimix.asia#Black_list_tmp.txt第211788行 与上级域名optimix.asia#Black_list_tmp.txt第182208行 存在层级冲突
s1.2mdn.net#Black_list_tmp.txt第211798行 与上级域名2mdn.net#Black_list_tmp.txt第3781行 存在层级冲突
s1.cdn-sg.advlion.com#Black_list_tmp.txt第211807行 与上级域名advlion.com#Black_list_tmp.txt第21696行 存在层级冲突
s1.cnzz.com#Black_list_tmp.txt第211809行 与上级域名cnzz.com#Black_list_tmp.txt第55958行 存在层级冲突
s1.hapying.com#Black_list_tmp.txt第211818行 与上级域名hapying.com#Black_list_tmp.txt第114538行 存在层级冲突
s1.iigushi.com#Black_list_tmp.txt第211824行 与上级域名iigushi.com#Black_list_tmp.txt第122571行 存在层级冲突
s1.irs03.com#Black_list_tmp.txt第211826行 与上级域名irs03.com#Black_list_tmp.txt第128511行 存在层级冲突
s1.stat.lianmeng.360.cn#Black_list_tmp.txt第211840行 与上级域名360.cn#Black_list_tmp.txt第4252行 存在层级冲突
s10.cnzz.com#Black_list_tmp.txt第211852行 与上级域名cnzz.com#Black_list_tmp.txt第55958行 存在层级冲突
s10.histats.com#Black_list_tmp.txt第211853行 与上级域名histats.com#Black_list_tmp.txt第117130行 存在层级冲突
s102.cnzz.com#Black_list_tmp.txt第211855行 与上级域名cnzz.com#Black_list_tmp.txt第55958行 存在层级冲突
s103.cnzz.com#Black_list_tmp.txt第211856行 与上级域名cnzz.com#Black_list_tmp.txt第55958行 存在层级冲突
s104.cnzz.com#Black_list_tmp.txt第211857行 与上级域名cnzz.com#Black_list_tmp.txt第55958行 存在层级冲突
s105.cnzz.com#Black_list_tmp.txt第211858行 与上级域名cnzz.com#Black_list_tmp.txt第55958行 存在层级冲突
s106.cnzz.com#Black_list_tmp.txt第211859行 与上级域名cnzz.com#Black_list_tmp.txt第55958行 存在层级冲突
s107.cnzz.com#Black_list_tmp.txt第211860行 与上级域名cnzz.com#Black_list_tmp.txt第55958行 存在层级冲突
s109.cnzz.com#Black_list_tmp.txt第211861行 与上级域名cnzz.com#Black_list_tmp.txt第55958行 存在层级冲突
s11.cnzz.com#Black_list_tmp.txt第211863行 与上级域名cnzz.com#Black_list_tmp.txt第55958行 存在层级冲突
s110.cnzz.com#Black_list_tmp.txt第211864行 与上级域名cnzz.com#Black_list_tmp.txt第55958行 存在层级冲突
s114.cnzz.com#Black_list_tmp.txt第211866行 与上级域名cnzz.com#Black_list_tmp.txt第55958行 存在层级冲突
s115.cnzz.com#Black_list_tmp.txt第211867行 与上级域名cnzz.com#Black_list_tmp.txt第55958行 存在层级冲突
s117.cnzz.com#Black_list_tmp.txt第211868行 与上级域名cnzz.com#Black_list_tmp.txt第55958行 存在层级冲突
s118.cnzz.com#Black_list_tmp.txt第211869行 与上级域名cnzz.com#Black_list_tmp.txt第55958行 存在层级冲突
s119.cnzz.com#Black_list_tmp.txt第211870行 与上级域名cnzz.com#Black_list_tmp.txt第55958行 存在层级冲突
s12.cnzz.com#Black_list_tmp.txt第211873行 与上级域名cnzz.com#Black_list_tmp.txt第55958行 存在层级冲突
s120.cnzz.com#Black_list_tmp.txt第211874行 与上级域名cnzz.com#Black_list_tmp.txt第55958行 存在层级冲突
s121.cnzz.com#Black_list_tmp.txt第211875行 与上级域名cnzz.com#Black_list_tmp.txt第55958行 存在层级冲突
s123.cnzz.com#Black_list_tmp.txt第211876行 与上级域名cnzz.com#Black_list_tmp.txt第55958行 存在层级冲突
s124.cnzz.com#Black_list_tmp.txt第211877行 与上级域名cnzz.com#Black_list_tmp.txt第55958行 存在层级冲突
s126.cnzz.com#Black_list_tmp.txt第211878行 与上级域名cnzz.com#Black_list_tmp.txt第55958行 存在层级冲突
s127.cnzz.com#Black_list_tmp.txt第211880行 与上级域名cnzz.com#Black_list_tmp.txt第55958行 存在层级冲突
s128.cnzz.com#Black_list_tmp.txt第211881行 与上级域名cnzz.com#Black_list_tmp.txt第55958行 存在层级冲突
s129.cnzz.com#Black_list_tmp.txt第211882行 与上级域名cnzz.com#Black_list_tmp.txt第55958行 存在层级冲突
s13.cnzz.com#Black_list_tmp.txt第211883行 与上级域名cnzz.com#Black_list_tmp.txt第55958行 存在层级冲突
s130.cnzz.com#Black_list_tmp.txt第211884行 与上级域名cnzz.com#Black_list_tmp.txt第55958行 存在层级冲突
s131.cnzz.com#Black_list_tmp.txt第211885行 与上级域名cnzz.com#Black_list_tmp.txt第55958行 存在层级冲突
s137.cnzz.com#Black_list_tmp.txt第211887行 与上级域名cnzz.com#Black_list_tmp.txt第55958行 存在层级冲突
s138.cnzz.com#Black_list_tmp.txt第211888行 与上级域名cnzz.com#Black_list_tmp.txt第55958行 存在层级冲突
s139.cnzz.com#Black_list_tmp.txt第211891行 与上级域名cnzz.com#Black_list_tmp.txt第55958行 存在层级冲突
s14.cnzz.com#Black_list_tmp.txt第211892行 与上级域名cnzz.com#Black_list_tmp.txt第55958行 存在层级冲突
s140.cnzz.com#Black_list_tmp.txt第211893行 与上级域名cnzz.com#Black_list_tmp.txt第55958行 存在层级冲突
s141.cnzz.com#Black_list_tmp.txt第211894行 与上级域名cnzz.com#Black_list_tmp.txt第55958行 存在层级冲突
s142.cnzz.com#Black_list_tmp.txt第211896行 与上级域名cnzz.com#Black_list_tmp.txt第55958行 存在层级冲突
s15.cnzz.com#Black_list_tmp.txt第211897行 与上级域名cnzz.com#Black_list_tmp.txt第55958行 存在层级冲突
s16.cnzz.com#Black_list_tmp.txt第211899行 与上级域名cnzz.com#Black_list_tmp.txt第55958行 存在层级冲突
s17.cnzz.com#Black_list_tmp.txt第211901行 与上级域名cnzz.com#Black_list_tmp.txt第55958行 存在层级冲突
s19.cnzz.com#Black_list_tmp.txt第211908行 与上级域名cnzz.com#Black_list_tmp.txt第55958行 存在层级冲突
s1m.mediav.com#Black_list_tmp.txt第211914行 与上级域名mediav.com#Black_list_tmp.txt第160540行 存在层级冲突
s2.cnzz.com#Black_list_tmp.txt第211929行 与上级域名cnzz.com#Black_list_tmp.txt第55958行 存在层级冲突
s2.dnaxddnc.com#Black_list_tmp.txt第211931行 与上级域名dnaxddnc.com#Black_list_tmp.txt第76709行 存在层级冲突
s2.huoying666.com#Black_list_tmp.txt第211939行 与上级域名huoying666.com#Black_list_tmp.txt第120055行 存在层级冲突
s2.irs03.com#Black_list_tmp.txt第211941行 与上级域名irs03.com#Black_list_tmp.txt第128511行 存在层级冲突
s2.kuaibaopay.com#Black_list_tmp.txt第211943行 与上级域名kuaibaopay.com#Black_list_tmp.txt第138909行 存在层级冲突
s20.cnzz.com#Black_list_tmp.txt第211975行 与上级域名cnzz.com#Black_list_tmp.txt第55958行 存在层级冲突
s21.cnzz.com#Black_list_tmp.txt第211979行 与上级域名cnzz.com#Black_list_tmp.txt第55958行 存在层级冲突
s22.cnzz.com#Black_list_tmp.txt第211981行 与上级域名cnzz.com#Black_list_tmp.txt第55958行 存在层级冲突
s23.cnzz.com#Black_list_tmp.txt第211983行 与上级域名cnzz.com#Black_list_tmp.txt第55958行 存在层级冲突
s24.cnzz.com#Black_list_tmp.txt第211985行 与上级域名cnzz.com#Black_list_tmp.txt第55958行 存在层级冲突
s25.cnzz.com#Black_list_tmp.txt第211989行 与上级域名cnzz.com#Black_list_tmp.txt第55958行 存在层级冲突
s26.cnzz.com#Black_list_tmp.txt第211992行 与上级域名cnzz.com#Black_list_tmp.txt第55958行 存在层级冲突
s27.cnzz.com#Black_list_tmp.txt第211993行 与上级域名cnzz.com#Black_list_tmp.txt第55958行 存在层级冲突
s28.cnzz.com#Black_list_tmp.txt第211994行 与上级域名cnzz.com#Black_list_tmp.txt第55958行 存在层级冲突
s29.cnzz.com#Black_list_tmp.txt第211995行 与上级域名cnzz.com#Black_list_tmp.txt第55958行 存在层级冲突
s2m.mediav.com#Black_list_tmp.txt第212002行 与上级域名mediav.com#Black_list_tmp.txt第160540行 存在层级冲突
s2s.adjust.cn#Black_list_tmp.txt第212009行 与上级域名adjust.cn#Black_list_tmp.txt第18429行 存在层级冲突
s2s.adjust.com#Black_list_tmp.txt第212010行 与上级域名adjust.com#Black_list_tmp.txt第18430行 存在层级冲突
s2s.appsflyer.com#Black_list_tmp.txt第212011行 与上级域名appsflyer.com#Black_list_tmp.txt第31587行 存在层级冲突
s3-fe-scm.pglstatp-toutiao.com#Black_list_tmp.txt第212050行 与上级域名pglstatp-toutiao.com#Black_list_tmp.txt第188734行 存在层级冲突
s3.cnzz.com#Black_list_tmp.txt第212056行 与上级域名cnzz.com#Black_list_tmp.txt第55958行 存在层级冲突
s3.irs03.com#Black_list_tmp.txt第212057行 与上级域名irs03.com#Black_list_tmp.txt第128511行 存在层级冲突
s3.rongnews.com#Black_list_tmp.txt第212062行 与上级域名rongnews.com#Black_list_tmp.txt第207896行 存在层级冲突
s30.cnzz.com#Black_list_tmp.txt第212065行 与上级域名cnzz.com#Black_list_tmp.txt第55958行 存在层级冲突
s32.cnzz.com#Black_list_tmp.txt第212068行 与上级域名cnzz.com#Black_list_tmp.txt第55958行 存在层级冲突
s33.cnzz.com#Black_list_tmp.txt第212070行 与上级域名cnzz.com#Black_list_tmp.txt第55958行 存在层级冲突
s34.cnzz.com#Black_list_tmp.txt第212072行 与上级域名cnzz.com#Black_list_tmp.txt第55958行 存在层级冲突
s35.cnzz.com#Black_list_tmp.txt第212073行 与上级域名cnzz.com#Black_list_tmp.txt第55958行 存在层级冲突
s36.cnzz.com#Black_list_tmp.txt第212074行 与上级域名cnzz.com#Black_list_tmp.txt第55958行 存在层级冲突
s37.cnzz.com#Black_list_tmp.txt第212080行 与上级域名cnzz.com#Black_list_tmp.txt第55958行 存在层级冲突
s39.cnzz.com#Black_list_tmp.txt第212081行 与上级域名cnzz.com#Black_list_tmp.txt第55958行 存在层级冲突
s3adm.ad.weibo.com#Black_list_tmp.txt第212083行 与上级域名ad.weibo.com#Black_list_tmp.txt第17103行 存在层级冲突
s3m.mediav.com#Black_list_tmp.txt第212088行 与上级域名mediav.com#Black_list_tmp.txt第160540行 存在层级冲突
s4.55.la#Black_list_tmp.txt第212101行 与上级域名55.la#Black_list_tmp.txt第5879行 存在层级冲突
s4.cnzz.com#Black_list_tmp.txt第212102行 与上级域名cnzz.com#Black_list_tmp.txt第55958行 存在层级冲突
s4.everydayporn.co#Black_list_tmp.txt第212103行 与上级域名everydayporn.co#Black_list_tmp.txt第88958行 存在层级冲突
s4.histats.com#Black_list_tmp.txt第212105行 与上级域名histats.com#Black_list_tmp.txt第117130行 存在层级冲突
s4.irs03.com#Black_list_tmp.txt第212106行 与上级域名irs03.com#Black_list_tmp.txt第128511行 存在层级冲突
s40.cnzz.com#Black_list_tmp.txt第212110行 与上级域名cnzz.com#Black_list_tmp.txt第55958行 存在层级冲突
s41.cnzz.com#Black_list_tmp.txt第212112行 与上级域名cnzz.com#Black_list_tmp.txt第55958行 存在层级冲突
s42.cnzz.com#Black_list_tmp.txt第212113行 与上级域名cnzz.com#Black_list_tmp.txt第55958行 存在层级冲突
s44.cnzz.com#Black_list_tmp.txt第212114行 与上级域名cnzz.com#Black_list_tmp.txt第55958行 存在层级冲突
s45.cnzz.com#Black_list_tmp.txt第212115行 与上级域名cnzz.com#Black_list_tmp.txt第55958行 存在层级冲突
s46.cnzz.com#Black_list_tmp.txt第212117行 与上级域名cnzz.com#Black_list_tmp.txt第55958行 存在层级冲突
s47.cnzz.com#Black_list_tmp.txt第212119行 与上级域名cnzz.com#Black_list_tmp.txt第55958行 存在层级冲突
s48.cnzz.com#Black_list_tmp.txt第212120行 与上级域名cnzz.com#Black_list_tmp.txt第55958行 存在层级冲突
s49.cnzz.com#Black_list_tmp.txt第212121行 与上级域名cnzz.com#Black_list_tmp.txt第55958行 存在层级冲突
s4m.mediav.com#Black_list_tmp.txt第212128行 与上级域名mediav.com#Black_list_tmp.txt第160540行 存在层级冲突
s5.cnzz.com#Black_list_tmp.txt第212135行 与上级域名cnzz.com#Black_list_tmp.txt第55958行 存在层级冲突
s5.keydot.net#Black_list_tmp.txt第212136行 与上级域名keydot.net#Black_list_tmp.txt第136182行 存在层级冲突
s50.cnzz.com#Black_list_tmp.txt第212137行 与上级域名cnzz.com#Black_list_tmp.txt第55958行 存在层级冲突
s51.cnzz.com#Black_list_tmp.txt第212138行 与上级域名cnzz.com#Black_list_tmp.txt第55958行 存在层级冲突
s52.cnzz.com#Black_list_tmp.txt第212139行 与上级域名cnzz.com#Black_list_tmp.txt第55958行 存在层级冲突
s54.cnzz.com#Black_list_tmp.txt第212140行 与上级域名cnzz.com#Black_list_tmp.txt第55958行 存在层级冲突
s56.cnzz.com#Black_list_tmp.txt第212141行 与上级域名cnzz.com#Black_list_tmp.txt第55958行 存在层级冲突
s57.cnzz.com#Black_list_tmp.txt第212142行 与上级域名cnzz.com#Black_list_tmp.txt第55958行 存在层级冲突
s58.cnzz.com#Black_list_tmp.txt第212143行 与上级域名cnzz.com#Black_list_tmp.txt第55958行 存在层级冲突
s6.cnzz.com#Black_list_tmp.txt第212149行 与上级域名cnzz.com#Black_list_tmp.txt第55958行 存在层级冲突
s6.irs03.com#Black_list_tmp.txt第212150行 与上级域名irs03.com#Black_list_tmp.txt第128511行 存在层级冲突
s61.cnzz.com#Black_list_tmp.txt第212152行 与上级域名cnzz.com#Black_list_tmp.txt第55958行 存在层级冲突
s63.cnzz.com#Black_list_tmp.txt第212154行 与上级域名cnzz.com#Black_list_tmp.txt第55958行 存在层级冲突
s65.cnzz.com#Black_list_tmp.txt第212155行 与上级域名cnzz.com#Black_list_tmp.txt第55958行 存在层级冲突
s67.cnzz.com#Black_list_tmp.txt第212157行 与上级域名cnzz.com#Black_list_tmp.txt第55958行 存在层级冲突
s69.cnzz.com#Black_list_tmp.txt第212158行 与上级域名cnzz.com#Black_list_tmp.txt第55958行 存在层级冲突
s7.addthis.com#Black_list_tmp.txt第212163行 与上级域名addthis.com#Black_list_tmp.txt第17904行 存在层级冲突
s7.cnzz.com#Black_list_tmp.txt第212164行 与上级域名cnzz.com#Black_list_tmp.txt第55958行 存在层级冲突
s71.cnzz.com#Black_list_tmp.txt第212165行 与上级域名cnzz.com#Black_list_tmp.txt第55958行 存在层级冲突
s72.cnzz.com#Black_list_tmp.txt第212166行 与上级域名cnzz.com#Black_list_tmp.txt第55958行 存在层级冲突
s72f5a8e.irs03.com#Black_list_tmp.txt第212168行 与上级域名irs03.com#Black_list_tmp.txt第128511行 存在层级冲突
s74.cnzz.com#Black_list_tmp.txt第212170行 与上级域名cnzz.com#Black_list_tmp.txt第55958行 存在层级冲突
s76.cnzz.com#Black_list_tmp.txt第212171行 与上级域名cnzz.com#Black_list_tmp.txt第55958行 存在层级冲突
s78.cnzz.com#Black_list_tmp.txt第212173行 与上级域名cnzz.com#Black_list_tmp.txt第55958行 存在层级冲突
s79.cnzz.com#Black_list_tmp.txt第212174行 与上级域名cnzz.com#Black_list_tmp.txt第55958行 存在层级冲突
s8.cnzz.com#Black_list_tmp.txt第212185行 与上级域名cnzz.com#Black_list_tmp.txt第55958行 存在层级冲突
s8.dnaxddnc.com#Black_list_tmp.txt第212186行 与上级域名dnaxddnc.com#Black_list_tmp.txt第76709行 存在层级冲突
s8.irs03.com#Black_list_tmp.txt第212187行 与上级域名irs03.com#Black_list_tmp.txt第128511行 存在层级冲突
s80.cnzz.com#Black_list_tmp.txt第212189行 与上级域名cnzz.com#Black_list_tmp.txt第55958行 存在层级冲突
s81.cnzz.com#Black_list_tmp.txt第212190行 与上级域名cnzz.com#Black_list_tmp.txt第55958行 存在层级冲突
s82.cnzz.com#Black_list_tmp.txt第212192行 与上级域名cnzz.com#Black_list_tmp.txt第55958行 存在层级冲突
s83.cnzz.com#Black_list_tmp.txt第212193行 与上级域名cnzz.com#Black_list_tmp.txt第55958行 存在层级冲突
s84.cnzz.com#Black_list_tmp.txt第212196行 与上级域名cnzz.com#Black_list_tmp.txt第55958行 存在层级冲突
s85.cnzz.com#Black_list_tmp.txt第212197行 与上级域名cnzz.com#Black_list_tmp.txt第55958行 存在层级冲突
s86.cnzz.com#Black_list_tmp.txt第212198行 与上级域名cnzz.com#Black_list_tmp.txt第55958行 存在层级冲突
s87.cnzz.com#Black_list_tmp.txt第212200行 与上级域名cnzz.com#Black_list_tmp.txt第55958行 存在层级冲突
s88.cnzz.com#Black_list_tmp.txt第212201行 与上级域名cnzz.com#Black_list_tmp.txt第55958行 存在层级冲突
s9.cnzz.com#Black_list_tmp.txt第212206行 与上级域名cnzz.com#Black_list_tmp.txt第55958行 存在层级冲突
s9.irs03.com#Black_list_tmp.txt第212207行 与上级域名irs03.com#Black_list_tmp.txt第128511行 存在层级冲突
s91.cnzz.com#Black_list_tmp.txt第212208行 与上级域名cnzz.com#Black_list_tmp.txt第55958行 存在层级冲突
s92.cnzz.com#Black_list_tmp.txt第212209行 与上级域名cnzz.com#Black_list_tmp.txt第55958行 存在层级冲突
s94.cnzz.com#Black_list_tmp.txt第212210行 与上级域名cnzz.com#Black_list_tmp.txt第55958行 存在层级冲突
s95.cnzz.com#Black_list_tmp.txt第212211行 与上级域名cnzz.com#Black_list_tmp.txt第55958行 存在层级冲突
s96.cnzz.com#Black_list_tmp.txt第212212行 与上级域名cnzz.com#Black_list_tmp.txt第55958行 存在层级冲突
s97.cnzz.com#Black_list_tmp.txt第212213行 与上级域名cnzz.com#Black_list_tmp.txt第55958行 存在层级冲突
s98.cnzz.com#Black_list_tmp.txt第212214行 与上级域名cnzz.com#Black_list_tmp.txt第55958行 存在层级冲突
sa3cba2a.irs03.com#Black_list_tmp.txt第212311行 与上级域名irs03.com#Black_list_tmp.txt第128511行 存在层级冲突
saas.hpplay.cn#Black_list_tmp.txt第212428行 与上级域名hpplay.cn#Black_list_tmp.txt第118998行 存在层级冲突
sabic.actonservice.com#Black_list_tmp.txt第212465行 与上级域名actonservice.com#Black_list_tmp.txt第16241行 存在层级冲突
saegissolutions.actonservice.com#Black_list_tmp.txt第212728行 与上级域名actonservice.com#Black_list_tmp.txt第16241行 存在层级冲突
safe-aisle.jointreport-switch.com#Black_list_tmp.txt第212741行 与上级域名jointreport-switch.com#Black_list_tmp.txt第132651行 存在层级冲突
saluton.cizion.com#Black_list_tmp.txt第213065行 与上级域名cizion.com#Black_list_tmp.txt第53446行 存在层级冲突
same.mzy2014.com#Black_list_tmp.txt第213117行 与上级域名mzy2014.com#Black_list_tmp.txt第171176行 存在层级冲突
samsung-com.112.2o7.net#Black_list_tmp.txt第213175行 与上级域名2o7.net#Black_list_tmp.txt第3795行 存在层级冲突
san-www.adobetag.com.edgekey.net#Black_list_tmp.txt第213193行 与上级域名adobetag.com.edgekey.net#Black_list_tmp.txt第19042行 存在层级冲突
san.push.io.edgekey.net#Black_list_tmp.txt第213196行 与上级域名push.io.edgekey.net#Black_list_tmp.txt第196914行 存在层级冲突
sas.oceanengine.com#Black_list_tmp.txt第213652行 与上级域名oceanengine.com#Black_list_tmp.txt第178725行 存在层级冲突
sass2.authcaptcha.com#Black_list_tmp.txt第213668行 与上级域名authcaptcha.com#Black_list_tmp.txt第34488行 存在层级冲突
sayhi.360.cn#Black_list_tmp.txt第213916行 与上级域名360.cn#Black_list_tmp.txt第4252行 存在层级冲突
sbbd1.qulishi.com#Black_list_tmp.txt第213969行 与上级域名qulishi.com#Black_list_tmp.txt第200908行 存在层级冲突
sbpb1.qulishi.com#Black_list_tmp.txt第214050行 与上级域名qulishi.com#Black_list_tmp.txt第200908行 存在层级冲突
sc.58mingtian.cn#Black_list_tmp.txt第214097行 与上级域名58mingtian.cn#Black_list_tmp.txt第6039行 存在层级冲突
sc.actonservice.com#Black_list_tmp.txt第214098行 与上级域名actonservice.com#Black_list_tmp.txt第16241行 存在层级冲突
sc.ads.sohu.com#Black_list_tmp.txt第214099行 与上级域名ads.sohu.com#Black_list_tmp.txt第20199行 存在层级冲突
sc.atest.mob.com#Black_list_tmp.txt第214100行 与上级域名mob.com#Black_list_tmp.txt第166827行 存在层级冲突
sc.ggdoubi.com#Black_list_tmp.txt第214118行 与上级域名ggdoubi.com#Black_list_tmp.txt第101764行 存在层级冲突
sc2metrics.exacttarget.com#Black_list_tmp.txt第214208行 与上级域名exacttarget.com#Black_list_tmp.txt第89275行 存在层级冲突
scalematrix.actonservice.com#Black_list_tmp.txt第214252行 与上级域名actonservice.com#Black_list_tmp.txt第16241行 存在层级冲突
scc.domob.cn#Black_list_tmp.txt第214389行 与上级域名domob.cn#Black_list_tmp.txt第77243行 存在层级冲突
sccdn.f2zd.com#Black_list_tmp.txt第214390行 与上级域名f2zd.com#Black_list_tmp.txt第90400行 存在层级冲突
scheme.adywind.com#Black_list_tmp.txt第214474行 与上级域名adywind.com#Black_list_tmp.txt第21970行 存在层级冲突
schinnerer.actonservice.com#Black_list_tmp.txt第214484行 与上级域名actonservice.com#Black_list_tmp.txt第16241行 存在层级冲突
school-microapp.oceanengine.com#Black_list_tmp.txt第214506行 与上级域名oceanengine.com#Black_list_tmp.txt第178725行 存在层级冲突
school.oceanengine.com#Black_list_tmp.txt第214507行 与上级域名oceanengine.com#Black_list_tmp.txt第178725行 存在层级冲突
scimg.27admin.com#Black_list_tmp.txt第214567行 与上级域名27admin.com#Black_list_tmp.txt第3476行 存在层级冲突
scmetrics.exacttarget.com#Black_list_tmp.txt第214622行 与上级域名exacttarget.com#Black_list_tmp.txt第89275行 存在层级冲突
scontent-atl3-2.xx.fbcdn.net.iberostar.com#Black_list_tmp.txt第214660行 与上级域名fbcdn.net.iberostar.com#Black_list_tmp.txt第91640行 存在层级冲突
scontent-cdg4-1.xx.fbcdn.net.iberostar.com#Black_list_tmp.txt第214661行 与上级域名fbcdn.net.iberostar.com#Black_list_tmp.txt第91640行 存在层级冲突
scontent-cdg4-2.xx.fbcdn.net.iberostar.com#Black_list_tmp.txt第214662行 与上级域名fbcdn.net.iberostar.com#Black_list_tmp.txt第91640行 存在层级冲突
scontent-lax1-3.cdnthreads.com#Black_list_tmp.txt第214663行 与上级域名cdnthreads.com#Black_list_tmp.txt第50913行 存在层级冲突
scontent-nrt1-1.cdnthreads.com#Black_list_tmp.txt第214664行 与上级域名cdnthreads.com#Black_list_tmp.txt第50913行 存在层级冲突
scontent-sin1-2.cdnthreads.com#Black_list_tmp.txt第214665行 与上级域名cdnthreads.com#Black_list_tmp.txt第50913行 存在层级冲突
scontent.fpbc1-2.fna.fbcdn.net.iberostar.com#Black_list_tmp.txt第214666行 与上级域名fbcdn.net.iberostar.com#Black_list_tmp.txt第91640行 存在层级冲突
scontent.xx.fbcdn.net.iberostar.com#Black_list_tmp.txt第214668行 与上级域名fbcdn.net.iberostar.com#Black_list_tmp.txt第91640行 存在层级冲突
scorebuddy.actonservice.com#Black_list_tmp.txt第214705行 与上级域名actonservice.com#Black_list_tmp.txt第16241行 存在层级冲突
script.crazyegg.com#Black_list_tmp.txt第214870行 与上级域名crazyegg.com#Black_list_tmp.txt第60492行 存在层级冲突
script.hotjar.com#Black_list_tmp.txt第214874行 与上级域名hotjar.com#Black_list_tmp.txt第118688行 存在层级冲突
scripts.linkz.net#Black_list_tmp.txt第214891行 与上级域名linkz.net#Black_list_tmp.txt第144422行 存在层级冲突
scs.kakamobi.cn#Black_list_tmp.txt第214951行 与上级域名kakamobi.cn#Black_list_tmp.txt第135182行 存在层级冲突
sd.360.cn#Black_list_tmp.txt第215039行 与上级域名360.cn#Black_list_tmp.txt第4252行 存在层级冲突
sd.cn.miaozhen.com#Black_list_tmp.txt第215041行 与上级域名cn.miaozhen.com#Black_list_tmp.txt第55705行 存在层级冲突
sd.cname2.igexin.com#Black_list_tmp.txt第215042行 与上级域名igexin.com#Black_list_tmp.txt第122271行 存在层级冲突
sd.cname3.getui.com#Black_list_tmp.txt第215043行 与上级域名getui.com#Black_list_tmp.txt第101495行 存在层级冲突
sd.cname3.igexin.com#Black_list_tmp.txt第215044行 与上级域名igexin.com#Black_list_tmp.txt第122271行 存在层级冲突
sd.domob.cn#Black_list_tmp.txt第215046行 与上级域名domob.cn#Black_list_tmp.txt第77243行 存在层级冲突
sdk-ab-config.aiclk.com#Black_list_tmp.txt第215213行 与上级域名aiclk.com#Black_list_tmp.txt第23786行 存在层级冲突
sdk-conf.getui.com#Black_list_tmp.txt第215220行 与上级域名getui.com#Black_list_tmp.txt第101495行 存在层级冲突
sdk-demo.1rtb.net#Black_list_tmp.txt第215224行 与上级域名1rtb.net#Black_list_tmp.txt第2627行 存在层级冲突
sdk-event.beizi.biz#Black_list_tmp.txt第215226行 与上级域名beizi.biz#Black_list_tmp.txt第39052行 存在层级冲突
sdk-infra.inmobi.cn#Black_list_tmp.txt第215228行 与上级域名inmobi.cn#Black_list_tmp.txt第126487行 存在层级冲突
sdk-ipv6.beizi.biz#Black_list_tmp.txt第215229行 与上级域名beizi.biz#Black_list_tmp.txt第39052行 存在层级冲突
sdk-jmlink.jpush.cn#Black_list_tmp.txt第215230行 与上级域名jpush.cn#Black_list_tmp.txt第133024行 存在层级冲突
sdk-open-phone.getui.com#Black_list_tmp.txt第215236行 与上级域名getui.com#Black_list_tmp.txt第101495行 存在层级冲突
sdk-push.dutils.com#Black_list_tmp.txt第215237行 与上级域名dutils.com#Black_list_tmp.txt第79899行 存在层级冲突
sdk-push.hiaiabc.com#Black_list_tmp.txt第215238行 与上级域名hiaiabc.com#Black_list_tmp.txt第116728行 存在层级冲突
sdk-report.1rtb.com#Black_list_tmp.txt第215239行 与上级域名1rtb.com#Black_list_tmp.txt第2626行 存在层级冲突
sdk-services.appsflyer.com#Black_list_tmp.txt第215240行 与上级域名appsflyer.com#Black_list_tmp.txt第31587行 存在层级冲突
sdk.1rtb.com#Black_list_tmp.txt第215242行 与上级域名1rtb.com#Black_list_tmp.txt第2626行 存在层级冲突
sdk.1rtb.net#Black_list_tmp.txt第215243行 与上级域名1rtb.net#Black_list_tmp.txt第2627行 存在层级冲突
sdk.ad.smaato.net#Black_list_tmp.txt第215244行 与上级域名ad.smaato.net#Black_list_tmp.txt第17030行 存在层级冲突
sdk.adx.adwangmai.com#Black_list_tmp.txt第215246行 与上级域名adwangmai.com#Black_list_tmp.txt第21764行 存在层级冲突
sdk.api.gamex.mobile.youku.com#Black_list_tmp.txt第215250行 与上级域名gamex.mobile.youku.com#Black_list_tmp.txt第99549行 存在层级冲突
sdk.appadhoc.com#Black_list_tmp.txt第215253行 与上级域名appadhoc.com#Black_list_tmp.txt第31212行 存在层级冲突
sdk.appsflyer.com#Black_list_tmp.txt第215255行 与上级域名appsflyer.com#Black_list_tmp.txt第31587行 存在层级冲突
sdk.aqyad.com#Black_list_tmp.txt第215256行 与上级域名aqyad.com#Black_list_tmp.txt第31886行 存在层级冲突
sdk.beizi.biz#Black_list_tmp.txt第215259行 与上级域名beizi.biz#Black_list_tmp.txt第39052行 存在层级冲突
sdk.cdnmaster.com#Black_list_tmp.txt第215260行 与上级域名cdnmaster.com#Black_list_tmp.txt第50876行 存在层级冲突
sdk.cferw.com#Black_list_tmp.txt第215261行 与上级域名cferw.com#Black_list_tmp.txt第51567行 存在层级冲突
sdk.conf.getui.com#Black_list_tmp.txt第215264行 与上级域名getui.com#Black_list_tmp.txt第101495行 存在层级冲突
sdk.conf.igexin.com#Black_list_tmp.txt第215265行 与上级域名igexin.com#Black_list_tmp.txt第122271行 存在层级冲突
sdk.e.qq.com#Black_list_tmp.txt第215267行 与上级域名e.qq.com#Black_list_tmp.txt第81078行 存在层级冲突
sdk.game.kugou.com#Black_list_tmp.txt第215270行 与上级域名game.kugou.com#Black_list_tmp.txt第99467行 存在层级冲突
sdk.gdt.qq.com#Black_list_tmp.txt第215271行 与上级域名gdt.qq.com#Black_list_tmp.txt第100514行 存在层级冲突
sdk.guard.mob.com#Black_list_tmp.txt第215272行 与上级域名mob.com#Black_list_tmp.txt第166827行 存在层级冲突
sdk.iad-01.braze.com#Black_list_tmp.txt第215276行 与上级域名braze.com#Black_list_tmp.txt第44147行 存在层级冲突
sdk.im.jiguang.cn#Black_list_tmp.txt第215277行 与上级域名jiguang.cn#Black_list_tmp.txt第131597行 存在层级冲突
sdk.im.jpush.cn#Black_list_tmp.txt第215278行 与上级域名im.jpush.cn#Black_list_tmp.txt第123065行 存在层级冲突
sdk.look.360.cn#Black_list_tmp.txt第215281行 与上级域名360.cn#Black_list_tmp.txt第4252行 存在层级冲突
sdk.mediav.com#Black_list_tmp.txt第215285行 与上级域名mediav.com#Black_list_tmp.txt第160540行 存在层级冲突
sdk.mobad.ijinshan.com#Black_list_tmp.txt第215286行 与上级域名ijinshan.com#Black_list_tmp.txt第122678行 存在层级冲突
sdk.mobads.adwangmai.com#Black_list_tmp.txt第215287行 与上级域名adwangmai.com#Black_list_tmp.txt第21764行 存在层级冲突
sdk.nouzhu.cn#Black_list_tmp.txt第215289行 与上级域名nouzhu.cn#Black_list_tmp.txt第176087行 存在层级冲突
sdk.open.amp.igexin.com#Black_list_tmp.txt第215290行 与上级域名igexin.com#Black_list_tmp.txt第122271行 存在层级冲突
sdk.open.inc2.igexin.com#Black_list_tmp.txt第215291行 与上级域名igexin.com#Black_list_tmp.txt第122271行 存在层级冲突
sdk.open.lbs.igexin.com#Black_list_tmp.txt第215292行 与上级域名igexin.com#Black_list_tmp.txt第122271行 存在层级冲突
sdk.open.phone.igexin.com#Black_list_tmp.txt第215293行 与上级域名igexin.com#Black_list_tmp.txt第122271行 存在层级冲突
sdk.open.talk.gepush.com#Black_list_tmp.txt第215294行 与上级域名gepush.com#Black_list_tmp.txt第101027行 存在层级冲突
sdk.open.talk.getui.com#Black_list_tmp.txt第215295行 与上级域名getui.com#Black_list_tmp.txt第101495行 存在层级冲突
sdk.open.talk.getui.net#Black_list_tmp.txt第215296行 与上级域名getui.net#Black_list_tmp.txt第101497行 存在层级冲突
sdk.open.talk.igexin.com#Black_list_tmp.txt第215297行 与上级域名igexin.com#Black_list_tmp.txt第122271行 存在层级冲突
sdk.out.usbla.net#Black_list_tmp.txt第215298行 与上级域名out.usbla.net#Black_list_tmp.txt第183596行 存在层级冲突
sdk.privacy-center.org#Black_list_tmp.txt第215300行 与上级域名privacy-center.org#Black_list_tmp.txt第194220行 存在层级冲突
sdk.push.mob.com#Black_list_tmp.txt第215302行 与上级域名mob.com#Black_list_tmp.txt第166827行 存在层级冲突
sdk.renrenjihua.com#Black_list_tmp.txt第215304行 与上级域名renrenjihua.com#Black_list_tmp.txt第204824行 存在层级冲突
sdk.s.360.cn#Black_list_tmp.txt第215306行 与上级域名360.cn#Black_list_tmp.txt第4252行 存在层级冲突
sdk.ssp.admobile.top#Black_list_tmp.txt第215312行 与上级域名admobile.top#Black_list_tmp.txt第18789行 存在层级冲突
sdk.verification.jiguang.cn#Black_list_tmp.txt第215316行 与上级域名jiguang.cn#Black_list_tmp.txt第131597行 存在层级冲突
sdk1api.getui.com#Black_list_tmp.txt第215324行 与上级域名getui.com#Black_list_tmp.txt第101495行 存在层级冲突
sdk2api.getui.com#Black_list_tmp.txt第215326行 与上级域名getui.com#Black_list_tmp.txt第101495行 存在层级冲突
sdk3api.getui.com#Black_list_tmp.txt第215328行 与上级域名getui.com#Black_list_tmp.txt第101495行 存在层级冲突
sdkapi-smartop.jiguang.cn#Black_list_tmp.txt第215333行 与上级域名jiguang.cn#Black_list_tmp.txt第131597行 存在层级冲突
sdkapi.cloooud.com#Black_list_tmp.txt第215334行 与上级域名cloooud.com#Black_list_tmp.txt第54986行 存在层级冲突
sdkapi.sms.mob.com#Black_list_tmp.txt第215337行 与上级域名mob.com#Black_list_tmp.txt第166827行 存在层级冲突
sdkauth.hpplay.cn#Black_list_tmp.txt第215341行 与上级域名hpplay.cn#Black_list_tmp.txt第118998行 存在层级冲突
sdkcfg.adintl.cn#Black_list_tmp.txt第215343行 与上级域名adintl.cn#Black_list_tmp.txt第18362行 存在层级冲突
sdkconf.adbiding.com#Black_list_tmp.txt第215347行 与上级域名adbiding.com#Black_list_tmp.txt第17519行 存在层级冲突
sdkconfig.ad.intl.xiaomi.com#Black_list_tmp.txt第215351行 与上级域名ad.intl.xiaomi.com#Black_list_tmp.txt第16811行 存在层级冲突
sdkconfig.ad.xiaomi.com#Black_list_tmp.txt第215352行 与上级域名ad.xiaomi.com#Black_list_tmp.txt第17120行 存在层级冲突
sdkdoc.adintl.cn#Black_list_tmp.txt第215361行 与上级域名adintl.cn#Black_list_tmp.txt第18362行 存在层级冲突
sdkfiledl.jiguang.cn#Black_list_tmp.txt第215362行 与上级域名jiguang.cn#Black_list_tmp.txt第131597行 存在层级冲突
sdklog.adintl.cn#Black_list_tmp.txt第215370行 与上级域名adintl.cn#Black_list_tmp.txt第18362行 存在层级冲突
sdklogs.avocarrot.com#Black_list_tmp.txt第215374行 与上级域名avocarrot.com#Black_list_tmp.txt第34837行 存在层级冲突
sdkm.w.inmobi.cn#Black_list_tmp.txt第215375行 与上级域名inmobi.cn#Black_list_tmp.txt第126487行 存在层级冲突
sdkm.w.inmobi.com#Black_list_tmp.txt第215376行 与上级域名inmobi.com#Black_list_tmp.txt第126488行 存在层级冲突
sdksdk.renrenjihua.com#Black_list_tmp.txt第215379行 与上级域名renrenjihua.com#Black_list_tmp.txt第204824行 存在层级冲突
sdksecure.im.jiguang.cn#Black_list_tmp.txt第215380行 与上级域名jiguang.cn#Black_list_tmp.txt第131597行 存在层级冲突
sdksitter.m.sjzhushou.com#Black_list_tmp.txt第215381行 与上级域名m.sjzhushou.com#Black_list_tmp.txt第155023行 存在层级冲突
sdktmp.hubcloud.com.cn#Black_list_tmp.txt第215384行 与上级域名hubcloud.com.cn#Black_list_tmp.txt第119726行 存在层级冲突
sdkupgrade.insight.ucweb.com#Black_list_tmp.txt第215386行 与上级域名insight.ucweb.com#Black_list_tmp.txt第126782行 存在层级冲突
sdl.domob.cn#Black_list_tmp.txt第215389行 与上级域名domob.cn#Black_list_tmp.txt第77243行 存在层级冲突
sdn.penggua.com.cn#Black_list_tmp.txt第215402行 与上级域名penggua.com.cn#Black_list_tmp.txt第187981行 存在层级冲突
sea.advertising.yahoo.com#Black_list_tmp.txt第215483行 与上级域名advertising.yahoo.com#Black_list_tmp.txt第21637行 存在层级冲突
sea2.authcaptcha.com#Black_list_tmp.txt第215486行 与上级域名authcaptcha.com#Black_list_tmp.txt第34488行 存在层级冲突
sealingdev.actonservice.com#Black_list_tmp.txt第215520行 与上级域名actonservice.com#Black_list_tmp.txt第16241行 存在层级冲突
seamarketny.actonservice.com#Black_list_tmp.txt第215529行 与上级域名actonservice.com#Black_list_tmp.txt第16241行 存在层级冲突
secure-asia.imrworldwide.com#Black_list_tmp.txt第215785行 与上级域名imrworldwide.com#Black_list_tmp.txt第124567行 存在层级冲突
secure-assets.rubiconproject.com#Black_list_tmp.txt第215786行 与上级域名rubiconproject.com#Black_list_tmp.txt第209799行 存在层级冲突
secure-chn.imrworldwide.com#Black_list_tmp.txt第215787行 与上级域名imrworldwide.com#Black_list_tmp.txt第124567行 存在层级冲突
secure.1-cl0ud.com#Black_list_tmp.txt第215798行 与上级域名1-cl0ud.com#Black_list_tmp.txt第617行 存在层级冲突
secure.24-visionaryenterprise.com#Black_list_tmp.txt第215801行 与上级域名24-visionaryenterprise.com#Black_list_tmp.txt第3255行 存在层级冲突
secure.7-companycompany.com#Black_list_tmp.txt第215808行 与上级域名7-companycompany.com#Black_list_tmp.txt第7151行 存在层级冲突
secure.acor1sign.com#Black_list_tmp.txt第215810行 与上级域名acor1sign.com#Black_list_tmp.txt第15895行 存在层级冲突
secure.adnxs.com#Black_list_tmp.txt第215812行 与上级域名adnxs.com#Black_list_tmp.txt第18901行 存在层级冲突
secure.adpinfo.com#Black_list_tmp.txt第215814行 与上级域名adpinfo.com#Black_list_tmp.txt第19167行 存在层级冲突
secure.agile-company-365.com#Black_list_tmp.txt第215816行 与上级域名agile-company-365.com#Black_list_tmp.txt第23260行 存在层级冲突
secure.agile-enterprise-365.com#Black_list_tmp.txt第215817行 与上级域名agile-enterprise-365.com#Black_list_tmp.txt第23261行 存在层级冲突
secure.agile365enterprise.com#Black_list_tmp.txt第215818行 与上级域名agile365enterprise.com#Black_list_tmp.txt第23263行 存在层级冲突
secure.agiledata7.com#Black_list_tmp.txt第215821行 与上级域名agiledata7.com#Black_list_tmp.txt第23265行 存在层级冲突
secure.aiea6gaza.com#Black_list_tmp.txt第215823行 与上级域名aiea6gaza.com#Black_list_tmp.txt第23815行 存在层级冲突
secure.alda1mure.com#Black_list_tmp.txt第215825行 与上级域名alda1mure.com#Black_list_tmp.txt第24838行 存在层级冲突
secure.alea6badb.com#Black_list_tmp.txt第215826行 与上级域名alea6badb.com#Black_list_tmp.txt第24856行 存在层级冲突
secure.alga9frog.com#Black_list_tmp.txt第215827行 与上级域名alga9frog.com#Black_list_tmp.txt第24964行 存在层级冲突
secure.amos5lynn.com#Black_list_tmp.txt第215828行 与上级域名amos5lynn.com#Black_list_tmp.txt第26122行 存在层级冲突
secure.aran9midi.com#Black_list_tmp.txt第215831行 与上级域名aran9midi.com#Black_list_tmp.txt第31958行 存在层级冲突
secure.arid5glop.com#Black_list_tmp.txt第215833行 与上级域名arid5glop.com#Black_list_tmp.txt第32189行 存在层级冲突
secure.badb5refl.com#Black_list_tmp.txt第215837行 与上级域名badb5refl.com#Black_list_tmp.txt第36482行 存在层级冲突
secure.bait4role.com#Black_list_tmp.txt第215838行 与上级域名bait4role.com#Black_list_tmp.txt第36727行 存在层级冲突
secure.bali6nora.com#Black_list_tmp.txt第215839行 与上级域名bali6nora.com#Black_list_tmp.txt第36834行 存在层级冲突
secure.bank8line.com#Black_list_tmp.txt第215841行 与上级域名bank8line.com#Black_list_tmp.txt第37021行 存在层级冲突
secure.bass2poll.com#Black_list_tmp.txt第215843行 与上级域名bass2poll.com#Black_list_tmp.txt第37570行 存在层级冲突
secure.benn8bord.com#Black_list_tmp.txt第215844行 与上级域名benn8bord.com#Black_list_tmp.txt第39276行 存在层级冲突
secure.blue2fund.com#Black_list_tmp.txt第215847行 与上级域名blue2fund.com#Black_list_tmp.txt第42122行 存在层级冲突
secure.boat3deer.com#Black_list_tmp.txt第215848行 与上级域名boat3deer.com#Black_list_tmp.txt第42658行 存在层级冲突
secure.bolt8snap.com#Black_list_tmp.txt第215849行 与上级域名bolt8snap.com#Black_list_tmp.txt第42944行 存在层级冲突
secure.bred4tula.com#Black_list_tmp.txt第215850行 与上级域名bred4tula.com#Black_list_tmp.txt第44234行 存在层级冲突
secure.brie5jiff.com#Black_list_tmp.txt第215851行 与上级域名brie5jiff.com#Black_list_tmp.txt第44356行 存在层级冲突
secure.burn5tilt.com#Black_list_tmp.txt第215853行 与上级域名burn5tilt.com#Black_list_tmp.txt第45652行 存在层级冲突
secure.bux1le001.com#Black_list_tmp.txt第215855行 与上级域名bux1le001.com#Black_list_tmp.txt第45875行 存在层级冲突
secure.cage6west.com#Black_list_tmp.txt第215856行 与上级域名cage6west.com#Black_list_tmp.txt第47623行 存在层级冲突
secure.care5alea.com#Black_list_tmp.txt第215857行 与上级域名care5alea.com#Black_list_tmp.txt第49023行 存在层级冲突
secure.cart8draw.com#Black_list_tmp.txt第215859行 与上级域名cart8draw.com#Black_list_tmp.txt第49197行 存在层级冲突
secure.cast9half.com#Black_list_tmp.txt第215860行 与上级域名cast9half.com#Black_list_tmp.txt第49387行 存在层级冲突
secure.cavy9soho.com#Black_list_tmp.txt第215861行 与上级域名cavy9soho.com#Black_list_tmp.txt第49640行 存在层级冲突
secure.ches5sort.com#Black_list_tmp.txt第215865行 与上级域名ches5sort.com#Black_list_tmp.txt第52425行 存在层级冲突
secure.chic9usia.com#Black_list_tmp.txt第215866行 与上级域名chic9usia.com#Black_list_tmp.txt第52483行 存在层级冲突
secure.chip2gift.com#Black_list_tmp.txt第215867行 与上级域名chip2gift.com#Black_list_tmp.txt第52650行 存在层级冲突
secure.chop8live.com#Black_list_tmp.txt第215868行 与上级域名chop8live.com#Black_list_tmp.txt第52825行 存在层级冲突
secure.cloud-ingenuity.com#Black_list_tmp.txt第215870行 与上级域名cloud-ingenuity.com#Black_list_tmp.txt第55046行 存在层级冲突
secure.clue6load.com#Black_list_tmp.txt第215871行 与上级域名clue6load.com#Black_list_tmp.txt第55258行 存在层级冲突
secure.coat0tire.com#Black_list_tmp.txt第215872行 与上级域名coat0tire.com#Black_list_tmp.txt第56012行 存在层级冲突
secure.coax7nice.com#Black_list_tmp.txt第215873行 与上级域名coax7nice.com#Black_list_tmp.txt第56022行 存在层级冲突
secure.copy9loom.com#Black_list_tmp.txt第215877行 与上级域名copy9loom.com#Black_list_tmp.txt第59005行 存在层级冲突
secure.coup7cold.com#Black_list_tmp.txt第215879行 与上级域名coup7cold.com#Black_list_tmp.txt第59701行 存在层级冲突
secure.cuba7tilt.com#Black_list_tmp.txt第215880行 与上级域名cuba7tilt.com#Black_list_tmp.txt第61811行 存在层级冲突
secure.curl7bike.com#Black_list_tmp.txt第215881行 与上级域名curl7bike.com#Black_list_tmp.txt第62162行 存在层级冲突
secure.dana8herb.com#Black_list_tmp.txt第215882行 与上级域名dana8herb.com#Black_list_tmp.txt第65865行 存在层级冲突
secure.data-ingenuity.com#Black_list_tmp.txt第215884行 与上级域名data-ingenuity.com#Black_list_tmp.txt第68180行 存在层级冲突
secure.data-insight365.com#Black_list_tmp.txt第215885行 与上级域名data-insight365.com#Black_list_tmp.txt第68183行 存在层级冲突
secure.deng3rada.com#Black_list_tmp.txt第215886行 与上级域名deng3rada.com#Black_list_tmp.txt第73061行 存在层级冲突
secure.dens1raec.com#Black_list_tmp.txt第215887行 与上级域名dens1raec.com#Black_list_tmp.txt第73082行 存在层级冲突
secure.dial4gwyn.com#Black_list_tmp.txt第215892行 与上级域名dial4gwyn.com#Black_list_tmp.txt第74321行 存在层级冲突
secure.doll8tune.com#Black_list_tmp.txt第215896行 与上级域名doll8tune.com#Black_list_tmp.txt第77135行 存在层级冲突
secure.doll9jiva.com#Black_list_tmp.txt第215897行 与上级域名doll9jiva.com#Black_list_tmp.txt第77136行 存在层级冲突
secure.dsp.com#Black_list_tmp.txt第215898行 与上级域名dsp.com#Black_list_tmp.txt第78997行 存在层级冲突
secure.dump4barn.com#Black_list_tmp.txt第215899行 与上级域名dump4barn.com#Black_list_tmp.txt第79733行 存在层级冲突
secure.east2pony.com#Black_list_tmp.txt第215900行 与上级域名east2pony.com#Black_list_tmp.txt第81811行 存在层级冲突
secure.easy0bark.com#Black_list_tmp.txt第215901行 与上级域名easy0bark.com#Black_list_tmp.txt第81835行 存在层级冲突
secure.emeu0circ.com#Black_list_tmp.txt第215903行 与上级域名emeu0circ.com#Black_list_tmp.txt第85391行 存在层级冲突
secure.enterpriseforesight247.com#Black_list_tmp.txt第215909行 与上级域名enterpriseforesight247.com#Black_list_tmp.txt第86356行 存在层级冲突
secure.enterprisingoperation-7.com#Black_list_tmp.txt第215912行 与上级域名enterprisingoperation-7.com#Black_list_tmp.txt第86364行 存在层级冲突
secure.etym6cero.com#Black_list_tmp.txt第215913行 与上级域名etym6cero.com#Black_list_tmp.txt第88020行 存在层级冲突
secure.fastclick.net#Black_list_tmp.txt第215915行 与上级域名fastclick.net#Black_list_tmp.txt第91348行 存在层级冲突
secure.fear7calk.com#Black_list_tmp.txt第215916行 与上级域名fear7calk.com#Black_list_tmp.txt第92083行 存在层级冲突
secure.feed5baby.com#Black_list_tmp.txt第215917行 与上级域名feed5baby.com#Black_list_tmp.txt第92207行 存在层级冲突
secure.feed5mown.com#Black_list_tmp.txt第215918行 与上级域名feed5mown.com#Black_list_tmp.txt第92208行 存在层级冲突
secure.file3size.com#Black_list_tmp.txt第215919行 与上级域名file3size.com#Black_list_tmp.txt第93279行 存在层级冲突
secure.flashtalking.com.edgekey.net#Black_list_tmp.txt第215921行 与上级域名flashtalking.com.edgekey.net#Black_list_tmp.txt第94567行 存在层级冲突
secure.flow8free.com#Black_list_tmp.txt第215922行 与上级域名flow8free.com#Black_list_tmp.txt第94909行 存在层级冲突
secure.food9wave.com#Black_list_tmp.txt第215923行 与上级域名food9wave.com#Black_list_tmp.txt第95621行 存在层级冲突
secure.frog9alea.com#Black_list_tmp.txt第215925行 与上级域名frog9alea.com#Black_list_tmp.txt第97267行 存在层级冲突
secure.game9time.com#Black_list_tmp.txt第215926行 与上级域名game9time.com#Black_list_tmp.txt第99484行 存在层级冲突
secure.gard4mass.com#Black_list_tmp.txt第215927行 与上级域名gard4mass.com#Black_list_tmp.txt第99674行 存在层级冲突
secure.garm9yuma.com#Black_list_tmp.txt第215928行 与上级域名garm9yuma.com#Black_list_tmp.txt第99757行 存在层级冲突
secure.gaza2lote.com#Black_list_tmp.txt第215931行 与上级域名gaza2lote.com#Black_list_tmp.txt第100037行 存在层级冲突
secure.gift2pair.com#Black_list_tmp.txt第215933行 与上级域名gift2pair.com#Black_list_tmp.txt第102206行 存在层级冲突
secure.glue1lazy.com#Black_list_tmp.txt第215935行 与上级域名glue1lazy.com#Black_list_tmp.txt第103272行 存在层级冲突
secure.golp4elik.com#Black_list_tmp.txt第215936行 与上级域名golp4elik.com#Black_list_tmp.txt第104922行 存在层级冲突
secure.grow1maid.com#Black_list_tmp.txt第215938行 与上级域名grow1maid.com#Black_list_tmp.txt第106404行 存在层级冲突
secure.haag0some.com#Black_list_tmp.txt第215939行 与上级域名haag0some.com#Black_list_tmp.txt第113915行 存在层级冲突
secure.haig7anax.com#Black_list_tmp.txt第215940行 与上级域名haig7anax.com#Black_list_tmp.txt第114061行 存在层级冲突
secure.half1hell.com#Black_list_tmp.txt第215941行 与上级域名half1hell.com#Black_list_tmp.txt第114160行 存在层级冲突
secure.hall3hook.com#Black_list_tmp.txt第215942行 与上级域名hall3hook.com#Black_list_tmp.txt第114187行 存在层级冲突
secure.harm6stop.com#Black_list_tmp.txt第215943行 与上级域名harm6stop.com#Black_list_tmp.txt第114603行 存在层级冲突
secure.hazy4cant.com#Black_list_tmp.txt第215944行 与上级域名hazy4cant.com#Black_list_tmp.txt第115016行 存在层级冲突
secure.head3high.com#Black_list_tmp.txt第215945行 与上级域名head3high.com#Black_list_tmp.txt第115500行 存在层级冲突
secure.hear8crew.com#Black_list_tmp.txt第215946行 与上级域名hear8crew.com#Black_list_tmp.txt第115588行 存在层级冲突
secure.heat6have.com#Black_list_tmp.txt第215947行 与上级域名heat6have.com#Black_list_tmp.txt第115628行 存在层级冲突
secure.herb2warn.com#Black_list_tmp.txt第215948行 与上级域名herb2warn.com#Black_list_tmp.txt第116075行 存在层级冲突
secure.herb7calk.com#Black_list_tmp.txt第215949行 与上级域名herb7calk.com#Black_list_tmp.txt第116076行 存在层级冲突
secure.hero6bell.com#Black_list_tmp.txt第215950行 与上级域名hero6bell.com#Black_list_tmp.txt第116140行 存在层级冲突
secure.hims1nice.com#Black_list_tmp.txt第215951行 与上级域名hims1nice.com#Black_list_tmp.txt第116983行 存在层级冲突
secure.hiss3lark.com#Black_list_tmp.txt第215952行 与上级域名hiss3lark.com#Black_list_tmp.txt第117123行 存在层级冲突
secure.hook6vein.com#Black_list_tmp.txt第215953行 与上级域名hook6vein.com#Black_list_tmp.txt第118392行 存在层级冲突
secure.img-cdn.mediaplex.com#Black_list_tmp.txt第215958行 与上级域名mediaplex.com#Black_list_tmp.txt第160496行 存在层级冲突
secure.insightful-company-52.com#Black_list_tmp.txt第215968行 与上级域名insightful-company-52.com#Black_list_tmp.txt第126796行 存在层级冲突
secure.insightfulbusinesswisdom.com#Black_list_tmp.txt第215971行 与上级域名insightfulbusinesswisdom.com#Black_list_tmp.txt第126797行 存在层级冲突
secure.insightfulcompanyinsight.com#Black_list_tmp.txt第215973行 与上级域名insightfulcompanyinsight.com#Black_list_tmp.txt第126798行 存在层级冲突
secure.intelligence-enterprise.com#Black_list_tmp.txt第215975行 与上级域名intelligence-enterprise.com#Black_list_tmp.txt第127209行 存在层级冲突
secure.intelligent-company-foresight.com#Black_list_tmp.txt第215979行 与上级域名intelligent-company-foresight.com#Black_list_tmp.txt第127218行 存在层级冲突
secure.intelligent-data-247.com#Black_list_tmp.txt第215981行 与上级域名intelligent-data-247.com#Black_list_tmp.txt第127219行 存在层级冲突
secure.intelligentcompanywisdom.com#Black_list_tmp.txt第215983行 与上级域名intelligentcompanywisdom.com#Black_list_tmp.txt第127221行 存在层级冲突
secure.intelligentdatawisdom.com#Black_list_tmp.txt第215985行 与上级域名intelligentdatawisdom.com#Black_list_tmp.txt第127222行 存在层级冲突
secure.iron0walk.com#Black_list_tmp.txt第215993行 与上级域名iron0walk.com#Black_list_tmp.txt第128430行 存在层级冲突
secure.jaup0lake.com#Black_list_tmp.txt第215994行 与上级域名jaup0lake.com#Black_list_tmp.txt第130254行 存在层级冲突
secure.jebb8hurt.com#Black_list_tmp.txt第215995行 与上级域名jebb8hurt.com#Black_list_tmp.txt第130825行 存在层级冲突
secure.jody0sora.com#Black_list_tmp.txt第215996行 与上级域名jody0sora.com#Black_list_tmp.txt第132502行 存在层级冲突
secure.josh7cuba.com#Black_list_tmp.txt第215997行 与上级域名josh7cuba.com#Black_list_tmp.txt第132790行 存在层级冲突
secure.keet1liod.com#Black_list_tmp.txt第215999行 与上级域名keet1liod.com#Black_list_tmp.txt第135922行 存在层级冲突
secure.kick1pore.com#Black_list_tmp.txt第216000行 与上级域名kick1pore.com#Black_list_tmp.txt第136610行 存在层级冲突
secure.kilo6alga.com#Black_list_tmp.txt第216001行 与上级域名kilo6alga.com#Black_list_tmp.txt第136739行 存在层级冲突
secure.kota3chat.com#Black_list_tmp.txt第216003行 与上级域名kota3chat.com#Black_list_tmp.txt第138223行 存在层级冲突
secure.kpr2exp21.com#Black_list_tmp.txt第216004行 与上级域名kpr2exp21.com#Black_list_tmp.txt第138365行 存在层级冲突
secure.lack4skip.com#Black_list_tmp.txt第216005行 与上级域名lack4skip.com#Black_list_tmp.txt第140063行 存在层级冲突
secure.lane5down.com#Black_list_tmp.txt第216006行 与上级域名lane5down.com#Black_list_tmp.txt第140451行 存在层级冲突
secure.late6year.com#Black_list_tmp.txt第216008行 与上级域名late6year.com#Black_list_tmp.txt第140699行 存在层级冲突
secure.late8chew.com#Black_list_tmp.txt第216009行 与上级域名late8chew.com#Black_list_tmp.txt第140700行 存在层级冲突
secure.lave6loki.com#Black_list_tmp.txt第216011行 与上级域名lave6loki.com#Black_list_tmp.txt第140836行 存在层级冲突
secure.lazy8krti.com#Black_list_tmp.txt第216012行 与上级域名lazy8krti.com#Black_list_tmp.txt第141000行 存在层级冲突
secure.left5lock.com#Black_list_tmp.txt第216014行 与上级域名left5lock.com#Black_list_tmp.txt第141830行 存在层级冲突
secure.line6agar.com#Black_list_tmp.txt第216015行 与上级域名line6agar.com#Black_list_tmp.txt第143339行 存在层级冲突
secure.link5view.com#Black_list_tmp.txt第216016行 与上级域名link5view.com#Black_list_tmp.txt第144068行 存在层级冲突
secure.liod1ours.com#Black_list_tmp.txt第216017行 与上级域名liod1ours.com#Black_list_tmp.txt第144460行 存在层级冲突
secure.list1holp.com#Black_list_tmp.txt第216018行 与上级域名list1holp.com#Black_list_tmp.txt第144543行 存在层级冲突
secure.loki8lave.com#Black_list_tmp.txt第216020行 与上级域名loki8lave.com#Black_list_tmp.txt第151803行 存在层级冲突
secure.loom3otto.com#Black_list_tmp.txt第216021行 与上级域名loom3otto.com#Black_list_tmp.txt第151961行 存在层级冲突
secure.lope4refl.com#Black_list_tmp.txt第216022行 与上级域名lope4refl.com#Black_list_tmp.txt第152031行 存在层级冲突
secure.lote1otto.com#Black_list_tmp.txt第216023行 与上级域名lote1otto.com#Black_list_tmp.txt第152134行 存在层级冲突
secure.mack7oyes.com#Black_list_tmp.txt第216024行 与上级域名mack7oyes.com#Black_list_tmp.txt第155525行 存在层级冲突
secure.main5poem.com#Black_list_tmp.txt第216025行 与上级域名main5poem.com#Black_list_tmp.txt第156010行 存在层级冲突
secure.make6pain.com#Black_list_tmp.txt第216026行 与上级域名make6pain.com#Black_list_tmp.txt第156119行 存在层级冲突
secure.mali4blat.com#Black_list_tmp.txt第216027行 与上级域名mali4blat.com#Black_list_tmp.txt第156190行 存在层级冲突
secure.malm1coax.com#Black_list_tmp.txt第216028行 与上级域名malm1coax.com#Black_list_tmp.txt第156223行 存在层级冲突
secure.mari4norm.com#Black_list_tmp.txt第216029行 与上级域名mari4norm.com#Black_list_tmp.txt第156616行 存在层级冲突
secure.marx7loki.com#Black_list_tmp.txt第216031行 与上级域名marx7loki.com#Black_list_tmp.txt第158738行 存在层级冲突
secure.mass1soma.com#Black_list_tmp.txt第216032行 与上级域名mass1soma.com#Black_list_tmp.txt第158794行 存在层级冲突
secure.mean8sigh.com#Black_list_tmp.txt第216035行 与上级域名mean8sigh.com#Black_list_tmp.txt第160003行 存在层级冲突
secure.mediav.com#Black_list_tmp.txt第216036行 与上级域名mediav.com#Black_list_tmp.txt第160540行 存在层级冲突
secure.meet3monk.com#Black_list_tmp.txt第216040行 与上级域名meet3monk.com#Black_list_tmp.txt第160704行 存在层级冲突
secure.mews2ruck.com#Black_list_tmp.txt第216043行 与上级域名mews2ruck.com#Black_list_tmp.txt第164455行 存在层级冲突
secure.mile0tire.com#Black_list_tmp.txt第216045行 与上级域名mile0tire.com#Black_list_tmp.txt第165184行 存在层级冲突
secure.mill8grip.com#Black_list_tmp.txt第216046行 与上级域名mill8grip.com#Black_list_tmp.txt第165219行 存在层级冲突
secure.misc1bulk.com#Black_list_tmp.txt第216047行 与上级域名misc1bulk.com#Black_list_tmp.txt第165608行 存在层级冲突
secure.moat4shot.com#Black_list_tmp.txt第216048行 与上级域名moat4shot.com#Black_list_tmp.txt第166816行 存在层级冲突
secure.mon-com-01.com#Black_list_tmp.txt第216049行 与上级域名mon-com-01.com#Black_list_tmp.txt第167440行 存在层级冲突
secure.mown5gaze.com#Black_list_tmp.txt第216051行 与上级域名mown5gaze.com#Black_list_tmp.txt第168337行 存在层级冲突
secure.navy9gear.com#Black_list_tmp.txt第216053行 与上级域名navy9gear.com#Black_list_tmp.txt第172134行 存在层级冲突
secure.neck6bake.com#Black_list_tmp.txt第216054行 与上级域名neck6bake.com#Black_list_tmp.txt第172690行 存在层级冲突
secure.nice3aiea.com#Black_list_tmp.txt第216055行 与上级域名nice3aiea.com#Black_list_tmp.txt第174385行 存在层级冲突
secure.nipe4head.com#Black_list_tmp.txt第216058行 与上级域名nipe4head.com#Black_list_tmp.txt第174699行 存在层级冲突
secure.node7seat.com#Black_list_tmp.txt第216059行 与上级域名node7seat.com#Black_list_tmp.txt第175573行 存在层级冲突
secure.nora7nice.com#Black_list_tmp.txt第216061行 与上级域名nora7nice.com#Black_list_tmp.txt第175822行 存在层级冲突
secure.norm0care.com#Black_list_tmp.txt第216062行 与上级域名norm0care.com#Black_list_tmp.txt第175852行 存在层级冲突
secure.nyctrl32.com#Black_list_tmp.txt第216063行 与上级域名nyctrl32.com#Black_list_tmp.txt第177648行 存在层级冲突
secure.oboe3broo.com#Black_list_tmp.txt第216064行 与上级域名oboe3broo.com#Black_list_tmp.txt第178501行 存在层级冲突
secure.oita4bali.com#Black_list_tmp.txt第216068行 与上级域名oita4bali.com#Black_list_tmp.txt第179907行 存在层级冲突
secure.otto5loki.com#Black_list_tmp.txt第216071行 与上级域名otto5loki.com#Black_list_tmp.txt第183337行 存在层级冲突
secure.page1monk.com#Black_list_tmp.txt第216073行 与上级域名page1monk.com#Black_list_tmp.txt第185193行 存在层级冲突
secure.page9awry.com#Black_list_tmp.txt第216074行 与上级域名page9awry.com#Black_list_tmp.txt第185196行 存在层级冲突
secure.pair1tune.com#Black_list_tmp.txt第216075行 与上级域名pair1tune.com#Black_list_tmp.txt第185496行 存在层级冲突
secure.pass8heal.com#Black_list_tmp.txt第216076行 与上级域名pass8heal.com#Black_list_tmp.txt第186789行 存在层级冲突
secure.path5wall.com#Black_list_tmp.txt第216077行 与上级域名path5wall.com#Black_list_tmp.txt第186909行 存在层级冲突
secure.pdxor02.com#Black_list_tmp.txt第216078行 与上级域名pdxor02.com#Black_list_tmp.txt第187632行 存在层级冲突
secure.peak2poem.com#Black_list_tmp.txt第216079行 与上级域名peak2poem.com#Black_list_tmp.txt第187680行 存在层级冲突
secure.peep1alea.com#Black_list_tmp.txt第216080行 与上级域名peep1alea.com#Black_list_tmp.txt第187836行 存在层级冲突
secure.perk0mean.com#Black_list_tmp.txt第216083行 与上级域名perk0mean.com#Black_list_tmp.txt第188260行 存在层级冲突
secure.plug1luge.com#Black_list_tmp.txt第216084行 与上级域名plug1luge.com#Black_list_tmp.txt第191524行 存在层级冲突
secure.plug4norm.com#Black_list_tmp.txt第216085行 与上级域名plug4norm.com#Black_list_tmp.txt第191525行 存在层级冲突
secure.poor5zero.com#Black_list_tmp.txt第216086行 与上级域名poor5zero.com#Black_list_tmp.txt第192385行 存在层级冲突
secure.pump8walk.com#Black_list_tmp.txt第216087行 与上级域名pump8walk.com#Black_list_tmp.txt第196640行 存在层级冲突
secure.quantserve.com#Black_list_tmp.txt第216088行 与上级域名quantserve.com#Black_list_tmp.txt第200522行 存在层级冲突
secure.raab3frog.com#Black_list_tmp.txt第216089行 与上级域名raab3frog.com#Black_list_tmp.txt第201810行 存在层级冲突
secure.rals4alum.com#Black_list_tmp.txt第216090行 与上级域名rals4alum.com#Black_list_tmp.txt第202158行 存在层级冲突
secure.rate2self.com#Black_list_tmp.txt第216091行 与上级域名rate2self.com#Black_list_tmp.txt第202455行 存在层级冲突
secure.rate8deny.com#Black_list_tmp.txt第216092行 与上级域名rate8deny.com#Black_list_tmp.txt第202456行 存在层级冲突
secure.rear9axis.com#Black_list_tmp.txt第216095行 与上级域名rear9axis.com#Black_list_tmp.txt第203308行 存在层级冲突
secure.redd7liod.com#Black_list_tmp.txt第216096行 与上级域名redd7liod.com#Black_list_tmp.txt第203752行 存在层级冲突
secure.refl3alea.com#Black_list_tmp.txt第216097行 与上级域名refl3alea.com#Black_list_tmp.txt第204109行 存在层级冲突
secure.rigi9bury.com#Black_list_tmp.txt第216098行 与上级域名rigi9bury.com#Black_list_tmp.txt第206688行 存在层级冲突
secure.rime8lope.com#Black_list_tmp.txt第216099行 与上级域名rime8lope.com#Black_list_tmp.txt第206742行 存在层级冲突
secure.ripe8book.com#Black_list_tmp.txt第216100行 与上级域名ripe8book.com#Black_list_tmp.txt第206824行 存在层级冲突
secure.risk8belt.com#Black_list_tmp.txt第216101行 与上级域名risk8belt.com#Black_list_tmp.txt第206888行 存在层级冲突
secure.roar9beer.com#Black_list_tmp.txt第216102行 与上级域名roar9beer.com#Black_list_tmp.txt第207567行 存在层级冲突
secure.rock5rice.com#Black_list_tmp.txt第216103行 与上级域名rock5rice.com#Black_list_tmp.txt第207633行 存在层级冲突
secure.rote8mino.com#Black_list_tmp.txt第216104行 与上级域名rote8mino.com#Black_list_tmp.txt第208091行 存在层级冲突
secure.ruth8badb.com#Black_list_tmp.txt第216105行 与上级域名ruth8badb.com#Black_list_tmp.txt第210194行 存在层级冲突
secure.ryke4peep.com#Black_list_tmp.txt第216106行 与上级域名ryke4peep.com#Black_list_tmp.txt第210664行 存在层级冲突
secure.said3page.com#Black_list_tmp.txt第216107行 与上级域名said3page.com#Black_list_tmp.txt第212863行 存在层级冲突
secure.sale0home.com#Black_list_tmp.txt第216108行 与上级域名sale0home.com#Black_list_tmp.txt第212963行 存在层级冲突
secure.saon6harz.com#Black_list_tmp.txt第216109行 与上级域名saon6harz.com#Black_list_tmp.txt第213533行 存在层级冲突
secure.scan6show.com#Black_list_tmp.txt第216110行 与上级域名scan6show.com#Black_list_tmp.txt第214290行 存在层级冲突
secure.seat6worn.com#Black_list_tmp.txt第216111行 与上级域名seat6worn.com#Black_list_tmp.txt第215636行 存在层级冲突
securepubads.g.doubleclick.net#Black_list_tmp.txt第216370行 与上级域名doubleclick.net#Black_list_tmp.txt第77549行 存在层级冲突
securityins.actonservice.com#Black_list_tmp.txt第216431行 与上级域名actonservice.com#Black_list_tmp.txt第16241行 存在层级冲突
seed.nimiq.by#Black_list_tmp.txt第216493行 与上级域名nimiq.by#Black_list_tmp.txt第174600行 存在层级冲突
seen.h01ce.cn#Black_list_tmp.txt第216551行 与上级域名h01ce.cn#Black_list_tmp.txt第113751行 存在层级冲突
seen.hgo7r.cn#Black_list_tmp.txt第216552行 与上级域名hgo7r.cn#Black_list_tmp.txt第116519行 存在层级冲突
segra.actonservice.com#Black_list_tmp.txt第216621行 与上级域名actonservice.com#Black_list_tmp.txt第16241行 存在层级冲突
selfservice.adoptim.com#Black_list_tmp.txt第216743行 与上级域名adoptim.com#Black_list_tmp.txt第19098行 存在层级冲突
sendpulsenewtest.branch.rocks#Black_list_tmp.txt第216861行 与上级域名branch.rocks#Black_list_tmp.txt第44001行 存在层级冲突
sendpulsetest.branch.rocks#Black_list_tmp.txt第216862行 与上级域名branch.rocks#Black_list_tmp.txt第44001行 存在层级冲突
senior-systems.actonservice.com#Black_list_tmp.txt第216880行 与上级域名actonservice.com#Black_list_tmp.txt第16241行 存在层级冲突
sephora-qa.branch.rocks#Black_list_tmp.txt第217159行 与上级域名branch.rocks#Black_list_tmp.txt第44001行 存在层级冲突
ser.everydayporn.co#Black_list_tmp.txt第217203行 与上级域名everydayporn.co#Black_list_tmp.txt第88958行 存在层级冲突
serve.popads.net#Black_list_tmp.txt第217399行 与上级域名popads.net#Black_list_tmp.txt第192429行 存在层级冲突
servedby.reviveservers.com#Black_list_tmp.txt第217455行 与上级域名reviveservers.com#Black_list_tmp.txt第205901行 存在层级冲突
server.mz30.cn#Black_list_tmp.txt第219491行 与上级域名mz30.cn#Black_list_tmp.txt第171091行 存在层级冲突
service.ad.duomi.com#Black_list_tmp.txt第220942行 与上级域名ad.duomi.com#Black_list_tmp.txt第16704行 存在层级冲突
service.cocounion.com#Black_list_tmp.txt第220952行 与上级域名cocounion.com#Black_list_tmp.txt第56109行 存在层级冲突
service.epro.sogou.com#Black_list_tmp.txt第220954行 与上级域名epro.sogou.com#Black_list_tmp.txt第86805行 存在层级冲突
service.jiagu.360.cn#Black_list_tmp.txt第220958行 与上级域名360.cn#Black_list_tmp.txt第4252行 存在层级冲突
servicer.adskeeper.co.uk#Black_list_tmp.txt第221002行 与上级域名adskeeper.co.uk#Black_list_tmp.txt第20870行 存在层级冲突
services.appsflyer.com#Black_list_tmp.txt第221005行 与上级域名appsflyer.com#Black_list_tmp.txt第31587行 存在层级冲突
services.miaozhen.com#Black_list_tmp.txt第221023行 与上级域名miaozhen.com#Black_list_tmp.txt第164918行 存在层级冲突
serving.datawrkz.com#Black_list_tmp.txt第221146行 与上级域名datawrkz.com#Black_list_tmp.txt第71197行 存在层级冲突
sessions.bugsnag.com#Black_list_tmp.txt第221204行 与上级域名bugsnag.com#Black_list_tmp.txt第45379行 存在层级冲突
setaram.actonservice.com#Black_list_tmp.txt第221240行 与上级域名actonservice.com#Black_list_tmp.txt第16241行 存在层级冲突
setonhill.actonservice.com#Black_list_tmp.txt第221254行 与上级域名actonservice.com#Black_list_tmp.txt第16241行 存在层级冲突
setting.crashlytics.com#Black_list_tmp.txt第221269行 与上级域名crashlytics.com#Black_list_tmp.txt第60442行 存在层级冲突
setting.rayjump.com#Black_list_tmp.txt第221270行 与上级域名rayjump.com#Black_list_tmp.txt第202602行 存在层级冲突
settings.crashlytics.com#Black_list_tmp.txt第221275行 与上级域名crashlytics.com#Black_list_tmp.txt第60442行 存在层级冲突
settings.luckyorange.net#Black_list_tmp.txt第221276行 与上级域名luckyorange.net#Black_list_tmp.txt第153318行 存在层级冲突
sf*-be-pack.pglstatp-toutiao.com#Black_list_tmp.txt第221456行 与上级域名pglstatp-toutiao.com#Black_list_tmp.txt第188734行 存在层级冲突
sf*-fe-tos.pglstatp-toutiao.com#Black_list_tmp.txt第221457行 与上级域名pglstatp-toutiao.com#Black_list_tmp.txt第188734行 存在层级冲突
sf1-be-pack.pglstatp-toutiao.com#Black_list_tmp.txt第221469行 与上级域名pglstatp-toutiao.com#Black_list_tmp.txt第188734行 存在层级冲突
sf1-fe-pack.pglstatp-toutiao.com#Black_list_tmp.txt第221470行 与上级域名pglstatp-toutiao.com#Black_list_tmp.txt第188734行 存在层级冲突
sf1-fe-tos.pglstatp-toutiao.com#Black_list_tmp.txt第221471行 与上级域名pglstatp-toutiao.com#Black_list_tmp.txt第188734行 存在层级冲突
sf16-static.i18n-pglstatp.com#Black_list_tmp.txt第221476行 与上级域名i18n-pglstatp.com#Black_list_tmp.txt第121033行 存在层级冲突
sf19-fe-tos-sg.i18n-pglstatp.com#Black_list_tmp.txt第221478行 与上级域名i18n-pglstatp.com#Black_list_tmp.txt第121033行 存在层级冲突
sf3-be-pack.pglstatp-toutiao.com#Black_list_tmp.txt第221479行 与上级域名pglstatp-toutiao.com#Black_list_tmp.txt第188734行 存在层级冲突
sf3-fe-tos.pglstatp-toutiao.com#Black_list_tmp.txt第221480行 与上级域名pglstatp-toutiao.com#Black_list_tmp.txt第188734行 存在层级冲突
sf6-be-pack.pglstatp-toutiao.com#Black_list_tmp.txt第221487行 与上级域名pglstatp-toutiao.com#Black_list_tmp.txt第188734行 存在层级冲突
sf6-fe-pack.pglstatp-toutiao.com#Black_list_tmp.txt第221488行 与上级域名pglstatp-toutiao.com#Black_list_tmp.txt第188734行 存在层级冲突
sffirecu.actonservice.com#Black_list_tmp.txt第221521行 与上级域名actonservice.com#Black_list_tmp.txt第16241行 存在层级冲突
sfl-fe-tos.pglstatp-toutiao.com#Black_list_tmp.txt第221562行 与上级域名pglstatp-toutiao.com#Black_list_tmp.txt第188734行 存在层级冲突
sfr.mno.link#Black_list_tmp.txt第221590行 与上级域名mno.link#Black_list_tmp.txt第166687行 存在层级冲突
sg-cdn.effectivemeasure.net#Black_list_tmp.txt第221625行 与上级域名effectivemeasure.net#Black_list_tmp.txt第83409行 存在层级冲突
sg-new-ssplib-asia-southeast1-b-hb.rayjump.com#Black_list_tmp.txt第221628行 与上级域名rayjump.com#Black_list_tmp.txt第202602行 存在层级冲突
sg-new-ssplib-asia-southeast1-c-hb.rayjump.com#Black_list_tmp.txt第221629行 与上级域名rayjump.com#Black_list_tmp.txt第202602行 存在层级冲突
sg.mmstat.com#Black_list_tmp.txt第221643行 与上级域名mmstat.com#Black_list_tmp.txt第166579行 存在层级冲突
sgm-dbei.miaozhen.com#Black_list_tmp.txt第221723行 与上级域名miaozhen.com#Black_list_tmp.txt第164918行 存在层级冲突
sgvip.chinahdcm.com#Black_list_tmp.txt第224280行 与上级域名chinahdcm.com#Black_list_tmp.txt第52605行 存在层级冲突
sh-adx.adintl.cn#Black_list_tmp.txt第224303行 与上级域名adintl.cn#Black_list_tmp.txt第18362行 存在层级冲突
sh.adingo.jp#Black_list_tmp.txt第224305行 与上级域名adingo.jp#Black_list_tmp.txt第18351行 存在层级冲突
sh996.dftoutiao.com#Black_list_tmp.txt第224320行 与上级域名dftoutiao.com#Black_list_tmp.txt第73922行 存在层级冲突
shaft.jebe.renren.com#Black_list_tmp.txt第224361行 与上级域名jebe.renren.com#Black_list_tmp.txt第130826行 存在层级冲突
shake.360.cn#Black_list_tmp.txt第224388行 与上级域名360.cn#Black_list_tmp.txt第4252行 存在层级冲突
shake.f.360.cn#Black_list_tmp.txt第224389行 与上级域名360.cn#Black_list_tmp.txt第4252行 存在层级冲突
share-jmlink.jpush.cn#Black_list_tmp.txt第224505行 与上级域名jpush.cn#Black_list_tmp.txt第133024行 存在层级冲突
share.mob.com#Black_list_tmp.txt第224565行 与上级域名mob.com#Black_list_tmp.txt第166827行 存在层级冲突
sharesdk.mob.com#Black_list_tmp.txt第224659行 与上级域名mob.com#Black_list_tmp.txt第166827行 存在层级冲突
shelbypublishing.actonservice.com#Black_list_tmp.txt第224815行 与上级域名actonservice.com#Black_list_tmp.txt第16241行 存在层级冲突
shfd.dfdd-toubiaole.com#Black_list_tmp.txt第224906行 与上级域名dfdd-toubiaole.com#Black_list_tmp.txt第73803行 存在层级冲突
shjs.irs01.com#Black_list_tmp.txt第225091行 与上级域名irs01.com#Black_list_tmp.txt第128509行 存在层级冲突
shjs2.irs01.com#Black_list_tmp.txt第225092行 与上级域名irs01.com#Black_list_tmp.txt第128509行 存在层级冲突
shke.kuuad.com#Black_list_tmp.txt第225095行 与上级域名kuuad.com#Black_list_tmp.txt第139105行 存在层级冲突
short-video.kakamobi.cn#Black_list_tmp.txt第225804行 与上级域名kakamobi.cn#Black_list_tmp.txt第135182行 存在层级冲突
show-3.mediav.com#Black_list_tmp.txt第225882行 与上级域名mediav.com#Black_list_tmp.txt第160540行 存在层级冲突
show-f.mediav.com#Black_list_tmp.txt第225885行 与上级域名mediav.com#Black_list_tmp.txt第160540行 存在层级冲突
show-g.mediav.com#Black_list_tmp.txt第225886行 与上级域名mediav.com#Black_list_tmp.txt第160540行 存在层级冲突
show-m.mediav.com#Black_list_tmp.txt第225887行 与上级域名mediav.com#Black_list_tmp.txt第160540行 存在层级冲突
show-s.mediav.com#Black_list_tmp.txt第225891行 与上级域名mediav.com#Black_list_tmp.txt第160540行 存在层级冲突
show.3.mediav.com#Black_list_tmp.txt第225893行 与上级域名mediav.com#Black_list_tmp.txt第160540行 存在层级冲突
show.g.mediav.com#Black_list_tmp.txt第225898行 与上级域名mediav.com#Black_list_tmp.txt第160540行 存在层级冲突
show.look.360.cn#Black_list_tmp.txt第225902行 与上级域名360.cn#Black_list_tmp.txt第4252行 存在层级冲突
show.m.mediav.com#Black_list_tmp.txt第225903行 与上级域名m.mediav.com#Black_list_tmp.txt第154861行 存在层级冲突
show.meituangov.cn#Black_list_tmp.txt第225904行 与上级域名meituangov.cn#Black_list_tmp.txt第160842行 存在层级冲突
show.s.mediav.com#Black_list_tmp.txt第225907行 与上级域名mediav.com#Black_list_tmp.txt第160540行 存在层级冲突
shqdown.ggzuhao.com#Black_list_tmp.txt第225957行 与上级域名ggzuhao.com#Black_list_tmp.txt第101977行 存在层级冲突
shuttle.bayescom.com#Black_list_tmp.txt第226104行 与上级域名bayescom.com#Black_list_tmp.txt第37744行 存在层级冲突
shzzzz.dftoutiao.com#Black_list_tmp.txt第226153行 与上级域名dftoutiao.com#Black_list_tmp.txt第73922行 存在层级冲突
sigmob.ads.8le8le.com#Black_list_tmp.txt第226373行 与上级域名8le8le.com#Black_list_tmp.txt第8534行 存在层级冲突
signaltower.gdt.qq.com#Black_list_tmp.txt第226403行 与上级域名gdt.qq.com#Black_list_tmp.txt第100514行 存在层级冲突
silver-fir.cd.segmentapis.com#Black_list_tmp.txt第226534行 与上级域名segmentapis.com#Black_list_tmp.txt第216609行 存在层级冲突
simscale.actonservice.com#Black_list_tmp.txt第226678行 与上级域名actonservice.com#Black_list_tmp.txt第16241行 存在层级冲突
sin1-ib.adnxs.com#Black_list_tmp.txt第226689行 与上级域名adnxs.com#Black_list_tmp.txt第18901行 存在层级冲突
sin3-ib.adnxs.com#Black_list_tmp.txt第226692行 与上级域名adnxs.com#Black_list_tmp.txt第18901行 存在层级冲突
sin3-ib.sin1.geoadnxs.com#Black_list_tmp.txt第226693行 与上级域名sin1.geoadnxs.com#Black_list_tmp.txt第226690行 存在层级冲突
singleplatform.actonservice.com#Black_list_tmp.txt第226754行 与上级域名actonservice.com#Black_list_tmp.txt第16241行 存在层级冲突
sis-ipv6.jpush.cn#Black_list_tmp.txt第226872行 与上级域名jpush.cn#Black_list_tmp.txt第133024行 存在层级冲突
sis.iot.jiguang.cn#Black_list_tmp.txt第226874行 与上级域名jiguang.cn#Black_list_tmp.txt第131597行 存在层级冲突
sis.jpush.cn#Black_list_tmp.txt第226875行 与上级域名jpush.cn#Black_list_tmp.txt第133024行 存在层级冲突
sis.jpush.io#Black_list_tmp.txt第226876行 与上级域名jpush.io#Black_list_tmp.txt第133026行 存在层级冲突
sit.gentags.net#Black_list_tmp.txt第226902行 与上级域名gentags.net#Black_list_tmp.txt第100829行 存在层级冲突
sit.pagechoice.net#Black_list_tmp.txt第226904行 与上级域名pagechoice.net#Black_list_tmp.txt第185212行 存在层级冲突
site-cdn.cn.miaozhen.com#Black_list_tmp.txt第226912行 与上级域名cn.miaozhen.com#Black_list_tmp.txt第55705行 存在层级冲突
site.cdnmaster.com#Black_list_tmp.txt第226920行 与上级域名cdnmaster.com#Black_list_tmp.txt第50876行 存在层级冲突
site.flashx.cc#Black_list_tmp.txt第226930行 与上级域名flashx.cc#Black_list_tmp.txt第94570行 存在层级冲突
sitel.actonservice.com#Black_list_tmp.txt第226985行 与上级域名actonservice.com#Black_list_tmp.txt第16241行 存在层级冲突
sitemonitor.cn.miaozhen.com#Black_list_tmp.txt第226995行 与上级域名cn.miaozhen.com#Black_list_tmp.txt第55705行 存在层级冲突
sj.ijinshan.com#Black_list_tmp.txt第227126行 与上级域名ijinshan.com#Black_list_tmp.txt第122678行 存在层级冲突
sjc.cloud.optable.co#Black_list_tmp.txt第227145行 与上级域名optable.co#Black_list_tmp.txt第182165行 存在层级冲突
sjj.jsyjwj.com#Black_list_tmp.txt第227177行 与上级域名jsyjwj.com#Black_list_tmp.txt第133752行 存在层级冲突
sjms.actonservice.com#Black_list_tmp.txt第227191行 与上级域名actonservice.com#Black_list_tmp.txt第16241行 存在层级冲突
skadsdk.appsflyer.com#Black_list_tmp.txt第227278行 与上级域名appsflyer.com#Black_list_tmp.txt第31587行 存在层级冲突
skf.actonservice.com#Black_list_tmp.txt第227408行 与上级域名actonservice.com#Black_list_tmp.txt第16241行 存在层级冲突
skillshouse.actonservice.com#Black_list_tmp.txt第227478行 与上级域名actonservice.com#Black_list_tmp.txt第16241行 存在层级冲突
sl.adbiding.com#Black_list_tmp.txt第227655行 与上级域名adbiding.com#Black_list_tmp.txt第17519行 存在层级冲突
sl.hpplay.cn#Black_list_tmp.txt第227657行 与上级域名hpplay.cn#Black_list_tmp.txt第118998行 存在层级冲突
slashnext.actonservice.com#Black_list_tmp.txt第227719行 与上级域名actonservice.com#Black_list_tmp.txt第16241行 存在层级冲突
sls-android.cn-beijing.log.aliyuncs.com#Black_list_tmp.txt第228031行 与上级域名cn-beijing.log.aliyuncs.com#Black_list_tmp.txt第55690行 存在层级冲突
sltint.adv.ott.cibntv.net#Black_list_tmp.txt第228037行 与上级域名ott.cibntv.net#Black_list_tmp.txt第183322行 存在层级冲突
sm.domob.cn#Black_list_tmp.txt第228120行 与上级域名domob.cn#Black_list_tmp.txt第77243行 存在层级冲突
sm.domobcdn.com#Black_list_tmp.txt第228121行 与上级域名domobcdn.com#Black_list_tmp.txt第77245行 存在层级冲突
sm.easysale.domobcdn.com#Black_list_tmp.txt第228122行 与上级域名domobcdn.com#Black_list_tmp.txt第77245行 存在层级冲突
smallbusiness.adpinfo.com#Black_list_tmp.txt第228178行 与上级域名adpinfo.com#Black_list_tmp.txt第19167行 存在层级冲突
smart-789.kakamobi.cn#Black_list_tmp.txt第228199行 与上级域名kakamobi.cn#Black_list_tmp.txt第135182行 存在层级冲突
smartop-sdkapi-ipv6.jiguang.cn#Black_list_tmp.txt第228297行 与上级域名jiguang.cn#Black_list_tmp.txt第131597行 存在层级冲突
smartop-sdkapi.jiguang.cn#Black_list_tmp.txt第228298行 与上级域名jiguang.cn#Black_list_tmp.txt第131597行 存在层级冲突
smarttag.miaozhen.com#Black_list_tmp.txt第228308行 与上级域名miaozhen.com#Black_list_tmp.txt第164918行 存在层级冲突
smartworksforme.actonservice.com#Black_list_tmp.txt第228318行 与上级域名actonservice.com#Black_list_tmp.txt第16241行 存在层级冲突
smetrics.clickbank.com#Black_list_tmp.txt第229082行 与上级域名clickbank.com#Black_list_tmp.txt第54402行 存在层级冲突
smetrics.multiview.com#Black_list_tmp.txt第230167行 与上级域名multiview.com#Black_list_tmp.txt第169695行 存在层级冲突
smetrics.nielsen.com#Black_list_tmp.txt第230241行 与上级域名nielsen.com#Black_list_tmp.txt第174484行 存在层级冲突
smetrics.onetrust.com#Black_list_tmp.txt第230298行 与上级域名onetrust.com#Black_list_tmp.txt第181258行 存在层级冲突
smetrics.reedbusiness.net#Black_list_tmp.txt第230586行 与上级域名reedbusiness.net#Black_list_tmp.txt第203972行 存在层级冲突
sms-vbs.branch.rocks#Black_list_tmp.txt第231659行 与上级域名branch.rocks#Black_list_tmp.txt第44001行 存在层级冲突
sms.ads.heytapmobi.com#Black_list_tmp.txt第231662行 与上级域名ads.heytapmobi.com#Black_list_tmp.txt第19851行 存在层级冲突
sms.ads.oppomobile.com#Black_list_tmp.txt第231663行 与上级域名ads.oppomobile.com#Black_list_tmp.txt第20067行 存在层级冲突
sms.mob.com#Black_list_tmp.txt第231709行 与上级域名mob.com#Black_list_tmp.txt第166827行 存在层级冲突
smtp.cnzz.com#Black_list_tmp.txt第231764行 与上级域名cnzz.com#Black_list_tmp.txt第55958行 存在层级冲突
smtp.getui.com#Black_list_tmp.txt第231765行 与上级域名getui.com#Black_list_tmp.txt第101495行 存在层级冲突
smtp.jiguang.cn#Black_list_tmp.txt第231768行 与上级域名jiguang.cn#Black_list_tmp.txt第131597行 存在层级冲突
smu.actonservice.com#Black_list_tmp.txt第231789行 与上级域名actonservice.com#Black_list_tmp.txt第16241行 存在层级冲突
smvconf.f.360.cn#Black_list_tmp.txt第231826行 与上级域名360.cn#Black_list_tmp.txt第4252行 存在层级冲突
snippet.pos.baidu.com#Black_list_tmp.txt第232047行 与上级域名pos.baidu.com#Black_list_tmp.txt第192763行 存在层级冲突
so.menwww.com#Black_list_tmp.txt第232215行 与上级域名menwww.com#Black_list_tmp.txt第161110行 存在层级冲突
soccajoeys.actonservice.com#Black_list_tmp.txt第232302行 与上级域名actonservice.com#Black_list_tmp.txt第16241行 存在层级冲突
socialflow.branch.rocks#Black_list_tmp.txt第232340行 与上级域名branch.rocks#Black_list_tmp.txt第44001行 存在层级冲突
socialx.miaozhen.com#Black_list_tmp.txt第232369行 与上级域名miaozhen.com#Black_list_tmp.txt第164918行 存在层级冲突
sod.onelink.me#Black_list_tmp.txt第232403行 与上级域名onelink.me#Black_list_tmp.txt第181179行 存在层级冲突
soft.data.weather.360.cn#Black_list_tmp.txt第232467行 与上级域名360.cn#Black_list_tmp.txt第4252行 存在层级冲突
softdl4.360.cn#Black_list_tmp.txt第232485行 与上级域名360.cn#Black_list_tmp.txt第4252行 存在层级冲突
sohu.irs01.com#Black_list_tmp.txt第232538行 与上级域名irs01.com#Black_list_tmp.txt第128509行 存在层级冲突
sohutv.hpg.cn.miaozhen.com#Black_list_tmp.txt第232542行 与上级域名cn.miaozhen.com#Black_list_tmp.txt第55705行 存在层级冲突
sohutv.m.cn.miaozhen.com#Black_list_tmp.txt第232543行 与上级域名cn.miaozhen.com#Black_list_tmp.txt第55705行 存在层级冲突
solar.sharpmarketing.eu#Black_list_tmp.txt第232597行 与上级域名sharpmarketing.eu#Black_list_tmp.txt第224683行 存在层级冲突
solidscape.actonservice.com#Black_list_tmp.txt第232657行 与上级域名actonservice.com#Black_list_tmp.txt第16241行 存在层级冲突
solmax.actonservice.com#Black_list_tmp.txt第232673行 与上级域名actonservice.com#Black_list_tmp.txt第16241行 存在层级冲突
solutions.invocacdn.com#Black_list_tmp.txt第232742行 与上级域名invocacdn.com#Black_list_tmp.txt第127664行 存在层级冲突
som.healthgrades.com#Black_list_tmp.txt第232808行 与上级域名healthgrades.com#Black_list_tmp.txt第115558行 存在层级冲突
sonar6-akl1-1.xx.fbcdn.net.iberostar.com#Black_list_tmp.txt第233161行 与上级域名fbcdn.net.iberostar.com#Black_list_tmp.txt第91640行 存在层级冲突
sonar6-ams2-1.xx.fbcdn.net.iberostar.com#Black_list_tmp.txt第233162行 与上级域名fbcdn.net.iberostar.com#Black_list_tmp.txt第91640行 存在层级冲突
sonar6-arn2-1.xx.fbcdn.net.iberostar.com#Black_list_tmp.txt第233163行 与上级域名fbcdn.net.iberostar.com#Black_list_tmp.txt第91640行 存在层级冲突
sonar6-atl3-1.xx.fbcdn.net.iberostar.com#Black_list_tmp.txt第233164行 与上级域名fbcdn.net.iberostar.com#Black_list_tmp.txt第91640行 存在层级冲突
sonar6-bcn1-1.xx.fbcdn.net.iberostar.com#Black_list_tmp.txt第233165行 与上级域名fbcdn.net.iberostar.com#Black_list_tmp.txt第91640行 存在层级冲突
sonar6-bkk1-2.xx.fbcdn.net.iberostar.com#Black_list_tmp.txt第233166行 与上级域名fbcdn.net.iberostar.com#Black_list_tmp.txt第91640行 存在层级冲突
sonar6-bog2-1.xx.fbcdn.net.iberostar.com#Black_list_tmp.txt第233167行 与上级域名fbcdn.net.iberostar.com#Black_list_tmp.txt第91640行 存在层级冲突
sonar6-bom1-2.xx.fbcdn.net.iberostar.com#Black_list_tmp.txt第233168行 与上级域名fbcdn.net.iberostar.com#Black_list_tmp.txt第91640行 存在层级冲突
sonar6-bru2-1.xx.fbcdn.net.iberostar.com#Black_list_tmp.txt第233169行 与上级域名fbcdn.net.iberostar.com#Black_list_tmp.txt第91640行 存在层级冲突
sonar6-ccu1-2.xx.fbcdn.net.iberostar.com#Black_list_tmp.txt第233170行 与上级域名fbcdn.net.iberostar.com#Black_list_tmp.txt第91640行 存在层级冲突
sonar6-cdg4-1.xx.fbcdn.net.iberostar.com#Black_list_tmp.txt第233171行 与上级域名fbcdn.net.iberostar.com#Black_list_tmp.txt第91640行 存在层级冲突
sonar6-cdg4-2.xx.fbcdn.net.iberostar.com#Black_list_tmp.txt第233172行 与上级域名fbcdn.net.iberostar.com#Black_list_tmp.txt第91640行 存在层级冲突
sonar6-cdg4-3.xx.fbcdn.net.iberostar.com#Black_list_tmp.txt第233173行 与上级域名fbcdn.net.iberostar.com#Black_list_tmp.txt第91640行 存在层级冲突
sonar6-cgk1-3.xx.fbcdn.net.iberostar.com#Black_list_tmp.txt第233174行 与上级域名fbcdn.net.iberostar.com#Black_list_tmp.txt第91640行 存在层级冲突
sonar6-cph2-1.xx.fbcdn.net.iberostar.com#Black_list_tmp.txt第233175行 与上级域名fbcdn.net.iberostar.com#Black_list_tmp.txt第91640行 存在层级冲突
sonar6-cpt1-1.xx.fbcdn.net.iberostar.com#Black_list_tmp.txt第233176行 与上级域名fbcdn.net.iberostar.com#Black_list_tmp.txt第91640行 存在层级冲突
sonar6-del2-1.xx.fbcdn.net.iberostar.com#Black_list_tmp.txt第233177行 与上级域名fbcdn.net.iberostar.com#Black_list_tmp.txt第91640行 存在层级冲突
sonar6-den4-1.xx.fbcdn.net.iberostar.com#Black_list_tmp.txt第233178行 与上级域名fbcdn.net.iberostar.com#Black_list_tmp.txt第91640行 存在层级冲突
sonar6-dfw5-1.xx.fbcdn.net.iberostar.com#Black_list_tmp.txt第233179行 与上级域名fbcdn.net.iberostar.com#Black_list_tmp.txt第91640行 存在层级冲突
sonar6-dfw5-2.xx.fbcdn.net.iberostar.com#Black_list_tmp.txt第233180行 与上级域名fbcdn.net.iberostar.com#Black_list_tmp.txt第91640行 存在层级冲突
sonar6-doh1-1.xx.fbcdn.net.iberostar.com#Black_list_tmp.txt第233181行 与上级域名fbcdn.net.iberostar.com#Black_list_tmp.txt第91640行 存在层级冲突
sonar6-dub4-1.xx.fbcdn.net.iberostar.com#Black_list_tmp.txt第233182行 与上级域名fbcdn.net.iberostar.com#Black_list_tmp.txt第91640行 存在层级冲突
sonar6-eze1-1.xx.fbcdn.net.iberostar.com#Black_list_tmp.txt第233183行 与上级域名fbcdn.net.iberostar.com#Black_list_tmp.txt第91640行 存在层级冲突
sonar6-fco2-1.xx.fbcdn.net.iberostar.com#Black_list_tmp.txt第233184行 与上级域名fbcdn.net.iberostar.com#Black_list_tmp.txt第91640行 存在层级冲突
sonar6-fml20-1.xx.fbcdn.net.iberostar.com#Black_list_tmp.txt第233185行 与上级域名fbcdn.net.iberostar.com#Black_list_tmp.txt第91640行 存在层级冲突
sonar6-for1-1.xx.fbcdn.net.iberostar.com#Black_list_tmp.txt第233186行 与上级域名fbcdn.net.iberostar.com#Black_list_tmp.txt第91640行 存在层级冲突
sonar6-fra3-1.xx.fbcdn.net.iberostar.com#Black_list_tmp.txt第233187行 与上级域名fbcdn.net.iberostar.com#Black_list_tmp.txt第91640行 存在层级冲突
sonar6-fra3-2.xx.fbcdn.net.iberostar.com#Black_list_tmp.txt第233188行 与上级域名fbcdn.net.iberostar.com#Black_list_tmp.txt第91640行 存在层级冲突
sonar6-fra5-2.xx.fbcdn.net.iberostar.com#Black_list_tmp.txt第233189行 与上级域名fbcdn.net.iberostar.com#Black_list_tmp.txt第91640行 存在层级冲突
sonar6-gig4-1.xx.fbcdn.net.iberostar.com#Black_list_tmp.txt第233190行 与上级域名fbcdn.net.iberostar.com#Black_list_tmp.txt第91640行 存在层级冲突
sonar6-gmp1-1.xx.fbcdn.net.iberostar.com#Black_list_tmp.txt第233191行 与上级域名fbcdn.net.iberostar.com#Black_list_tmp.txt第91640行 存在层级冲突
sonar6-gru2-1.xx.fbcdn.net.iberostar.com#Black_list_tmp.txt第233192行 与上级域名fbcdn.net.iberostar.com#Black_list_tmp.txt第91640行 存在层级冲突
sonar6-gua1-1.xx.fbcdn.net.iberostar.com#Black_list_tmp.txt第233193行 与上级域名fbcdn.net.iberostar.com#Black_list_tmp.txt第91640行 存在层级冲突
sonar6-ham3-1.xx.fbcdn.net.iberostar.com#Black_list_tmp.txt第233194行 与上级域名fbcdn.net.iberostar.com#Black_list_tmp.txt第91640行 存在层级冲突
sonar6-hel3-1.xx.fbcdn.net.iberostar.com#Black_list_tmp.txt第233195行 与上级域名fbcdn.net.iberostar.com#Black_list_tmp.txt第91640行 存在层级冲突
sonar6-hkt1-1.xx.fbcdn.net.iberostar.com#Black_list_tmp.txt第233196行 与上级域名fbcdn.net.iberostar.com#Black_list_tmp.txt第91640行 存在层级冲突
sonar6-hou1-1.xx.fbcdn.net.iberostar.com#Black_list_tmp.txt第233197行 与上级域名fbcdn.net.iberostar.com#Black_list_tmp.txt第91640行 存在层级冲突
sonar6-hyd1-1.xx.fbcdn.net.iberostar.com#Black_list_tmp.txt第233198行 与上级域名fbcdn.net.iberostar.com#Black_list_tmp.txt第91640行 存在层级冲突
sonar6-ist1-1.xx.fbcdn.net.iberostar.com#Black_list_tmp.txt第233199行 与上级域名fbcdn.net.iberostar.com#Black_list_tmp.txt第91640行 存在层级冲突
sonar6-itm1-1.xx.fbcdn.net.iberostar.com#Black_list_tmp.txt第233200行 与上级域名fbcdn.net.iberostar.com#Black_list_tmp.txt第91640行 存在层级冲突
sonar6-jnb1-1.xx.fbcdn.net.iberostar.com#Black_list_tmp.txt第233201行 与上级域名fbcdn.net.iberostar.com#Black_list_tmp.txt第91640行 存在层级冲突
sonar6-kul2-1.xx.fbcdn.net.iberostar.com#Black_list_tmp.txt第233202行 与上级域名fbcdn.net.iberostar.com#Black_list_tmp.txt第91640行 存在层级冲突
sonar6-lax3-1.xx.fbcdn.net.iberostar.com#Black_list_tmp.txt第233203行 与上级域名fbcdn.net.iberostar.com#Black_list_tmp.txt第91640行 存在层级冲突
sonar6-lga3-1.xx.fbcdn.net.iberostar.com#Black_list_tmp.txt第233204行 与上级域名fbcdn.net.iberostar.com#Black_list_tmp.txt第91640行 存在层级冲突
sonar6-lhr6-2.xx.fbcdn.net.iberostar.com#Black_list_tmp.txt第233205行 与上级域名fbcdn.net.iberostar.com#Black_list_tmp.txt第91640行 存在层级冲突
sonar6-lim1-1.xx.fbcdn.net.iberostar.com#Black_list_tmp.txt第233206行 与上级域名fbcdn.net.iberostar.com#Black_list_tmp.txt第91640行 存在层级冲突
sonar6-lis1-1.xx.fbcdn.net.iberostar.com#Black_list_tmp.txt第233207行 与上级域名fbcdn.net.iberostar.com#Black_list_tmp.txt第91640行 存在层级冲突
sonar6-los2-1.xx.fbcdn.net.iberostar.com#Black_list_tmp.txt第233208行 与上级域名fbcdn.net.iberostar.com#Black_list_tmp.txt第91640行 存在层级冲突
sonar6-maa2-1.xx.fbcdn.net.iberostar.com#Black_list_tmp.txt第233209行 与上级域名fbcdn.net.iberostar.com#Black_list_tmp.txt第91640行 存在层级冲突
sonar6-mad1-1.xx.fbcdn.net.iberostar.com#Black_list_tmp.txt第233210行 与上级域名fbcdn.net.iberostar.com#Black_list_tmp.txt第91640行 存在层级冲突
sonar6-mba1-1.xx.fbcdn.net.iberostar.com#Black_list_tmp.txt第233211行 与上级域名fbcdn.net.iberostar.com#Black_list_tmp.txt第91640行 存在层级冲突
sonar6-mct1-1.xx.fbcdn.net.iberostar.com#Black_list_tmp.txt第233212行 与上级域名fbcdn.net.iberostar.com#Black_list_tmp.txt第91640行 存在层级冲突
sonar6-mrs2-1.xx.fbcdn.net.iberostar.com#Black_list_tmp.txt第233213行 与上级域名fbcdn.net.iberostar.com#Black_list_tmp.txt第91640行 存在层级冲突
sonar6-mty2-1.xx.fbcdn.net.iberostar.com#Black_list_tmp.txt第233214行 与上级域名fbcdn.net.iberostar.com#Black_list_tmp.txt第91640行 存在层级冲突
sonar6-mxp1-1.xx.fbcdn.net.iberostar.com#Black_list_tmp.txt第233215行 与上级域名fbcdn.net.iberostar.com#Black_list_tmp.txt第91640行 存在层级冲突
sonar6-nrt1-1.xx.fbcdn.net.iberostar.com#Black_list_tmp.txt第233216行 与上级域名fbcdn.net.iberostar.com#Black_list_tmp.txt第91640行 存在层级冲突
sonar6-ord5-2.xx.fbcdn.net.iberostar.com#Black_list_tmp.txt第233217行 与上级域名fbcdn.net.iberostar.com#Black_list_tmp.txt第91640行 存在层级冲突
sonar6-pmo1-1.xx.fbcdn.net.iberostar.com#Black_list_tmp.txt第233218行 与上级域名fbcdn.net.iberostar.com#Black_list_tmp.txt第91640行 存在层级冲突
sonar6-qro1-1.xx.fbcdn.net.iberostar.com#Black_list_tmp.txt第233219行 与上级域名fbcdn.net.iberostar.com#Black_list_tmp.txt第91640行 存在层级冲突
sonar6-scl2-1.xx.fbcdn.net.iberostar.com#Black_list_tmp.txt第233220行 与上级域名fbcdn.net.iberostar.com#Black_list_tmp.txt第91640行 存在层级冲突
sonar6-sea1-1.xx.fbcdn.net.iberostar.com#Black_list_tmp.txt第233221行 与上级域名fbcdn.net.iberostar.com#Black_list_tmp.txt第91640行 存在层级冲突
sonar6-sin6-1.xx.fbcdn.net.iberostar.com#Black_list_tmp.txt第233222行 与上级域名fbcdn.net.iberostar.com#Black_list_tmp.txt第91640行 存在层级冲突
sonar6-sjc3-1.xx.fbcdn.net.iberostar.com#Black_list_tmp.txt第233223行 与上级域名fbcdn.net.iberostar.com#Black_list_tmp.txt第91640行 存在层级冲突
sonar6-sof1-1.xx.fbcdn.net.iberostar.com#Black_list_tmp.txt第233224行 与上级域名fbcdn.net.iberostar.com#Black_list_tmp.txt第91640行 存在层级冲突
sonar6-ssn1-1.xx.fbcdn.net.iberostar.com#Black_list_tmp.txt第233225行 与上级域名fbcdn.net.iberostar.com#Black_list_tmp.txt第91640行 存在层级冲突
sonar6-tir3-2.xx.fbcdn.net.iberostar.com#Black_list_tmp.txt第233226行 与上级域名fbcdn.net.iberostar.com#Black_list_tmp.txt第91640行 存在层级冲突
sonar6-tpe1-1.xx.fbcdn.net.iberostar.com#Black_list_tmp.txt第233227行 与上级域名fbcdn.net.iberostar.com#Black_list_tmp.txt第91640行 存在层级冲突
sonar6-vie1-1.xx.fbcdn.net.iberostar.com#Black_list_tmp.txt第233228行 与上级域名fbcdn.net.iberostar.com#Black_list_tmp.txt第91640行 存在层级冲突
sonar6-xsp1-3.xx.fbcdn.net.iberostar.com#Black_list_tmp.txt第233229行 与上级域名fbcdn.net.iberostar.com#Black_list_tmp.txt第91640行 存在层级冲突
sonar6-xxb1-1.xx.fbcdn.net.iberostar.com#Black_list_tmp.txt第233230行 与上级域名fbcdn.net.iberostar.com#Black_list_tmp.txt第91640行 存在层级冲突
sonar6-yyz1-1.xx.fbcdn.net.iberostar.com#Black_list_tmp.txt第233231行 与上级域名fbcdn.net.iberostar.com#Black_list_tmp.txt第91640行 存在层级冲突
sonar6.fcul1-1.fna.fbcdn.net.iberostar.com#Black_list_tmp.txt第233232行 与上级域名fbcdn.net.iberostar.com#Black_list_tmp.txt第91640行 存在层级冲突
sonar6.fgdl1-3.fna.fbcdn.net.iberostar.com#Black_list_tmp.txt第233233行 与上级域名fbcdn.net.iberostar.com#Black_list_tmp.txt第91640行 存在层级冲突
sonar6.fgdl1-4.fna.fbcdn.net.iberostar.com#Black_list_tmp.txt第233234行 与上级域名fbcdn.net.iberostar.com#Black_list_tmp.txt第91640行 存在层级冲突
sonar6.fgym1-1.fna.fbcdn.net.iberostar.com#Black_list_tmp.txt第233235行 与上级域名fbcdn.net.iberostar.com#Black_list_tmp.txt第91640行 存在层级冲突
sonar6.fhmo1-2.fna.fbcdn.net.iberostar.com#Black_list_tmp.txt第233236行 与上级域名fbcdn.net.iberostar.com#Black_list_tmp.txt第91640行 存在层级冲突
sonar6.fmlm1-1.fna.fbcdn.net.iberostar.com#Black_list_tmp.txt第233237行 与上级域名fbcdn.net.iberostar.com#Black_list_tmp.txt第91640行 存在层级冲突
sonar6.fmzt1-1.fna.fbcdn.net.iberostar.com#Black_list_tmp.txt第233238行 与上级域名fbcdn.net.iberostar.com#Black_list_tmp.txt第91640行 存在层级冲突
sonar6.fnog1-1.fna.fbcdn.net.iberostar.com#Black_list_tmp.txt第233239行 与上级域名fbcdn.net.iberostar.com#Black_list_tmp.txt第91640行 存在层级冲突
sonar6.fntr4-1.fna.fbcdn.net.iberostar.com#Black_list_tmp.txt第233240行 与上级域名fbcdn.net.iberostar.com#Black_list_tmp.txt第91640行 存在层级冲突
sonar6.fpbc1-1.fna.fbcdn.net.iberostar.com#Black_list_tmp.txt第233241行 与上级域名fbcdn.net.iberostar.com#Black_list_tmp.txt第91640行 存在层级冲突
sonar6.fpbc1-2.fna.fbcdn.net.iberostar.com#Black_list_tmp.txt第233242行 与上级域名fbcdn.net.iberostar.com#Black_list_tmp.txt第91640行 存在层级冲突
sonar6.fver1-1.fna.fbcdn.net.iberostar.com#Black_list_tmp.txt第233243行 与上级域名fbcdn.net.iberostar.com#Black_list_tmp.txt第91640行 存在层级冲突
sonar6.fzih1-1.fna.fbcdn.net.iberostar.com#Black_list_tmp.txt第233244行 与上级域名fbcdn.net.iberostar.com#Black_list_tmp.txt第91640行 存在层级冲突
sonar6.xy.fbcdn.net.iberostar.com#Black_list_tmp.txt第233245行 与上级域名fbcdn.net.iberostar.com#Black_list_tmp.txt第91640行 存在层级冲突
soneticscorp.actonservice.com#Black_list_tmp.txt第233249行 与上级域名actonservice.com#Black_list_tmp.txt第16241行 存在层级冲突
song.fanxing.kugou.com#Black_list_tmp.txt第233250行 与上级域名fanxing.kugou.com#Black_list_tmp.txt第91110行 存在层级冲突
sosintl.actonservice.com#Black_list_tmp.txt第233461行 与上级域名actonservice.com#Black_list_tmp.txt第16241行 存在层级冲突
sotelsystems.actonservice.com#Black_list_tmp.txt第233473行 与上级域名actonservice.com#Black_list_tmp.txt第16241行 存在层级冲突
sou.dkdlsj.com#Black_list_tmp.txt第233486行 与上级域名dkdlsj.com#Black_list_tmp.txt第76018行 存在层级冲突
sourcepoint.mgr.consensu.org#Black_list_tmp.txt第233550行 与上级域名consensu.org#Black_list_tmp.txt第57989行 存在层级冲突
sp.analytics.yahoo.com#Black_list_tmp.txt第233662行 与上级域名analytics.yahoo.com#Black_list_tmp.txt第27160行 存在层级冲突
sp.fastclick.net#Black_list_tmp.txt第233703行 与上级域名fastclick.net#Black_list_tmp.txt第91348行 存在层级冲突
sp.gmossp-sp.jp#Black_list_tmp.txt第233710行 与上级域名gmossp-sp.jp#Black_list_tmp.txt第103423行 存在层级冲突
spad.i-mobile.co.jp#Black_list_tmp.txt第233868行 与上级域名i-mobile.co.jp#Black_list_tmp.txt第120899行 存在层级冲突
spam.mob.com#Black_list_tmp.txt第233892行 与上级域名mob.com#Black_list_tmp.txt第166827行 存在层级冲突
spamtitan.actonservice.com#Black_list_tmp.txt第233896行 与上级域名actonservice.com#Black_list_tmp.txt第16241行 存在层级冲突
spap.adingo.jp#Black_list_tmp.txt第233915行 与上级域名adingo.jp#Black_list_tmp.txt第18351行 存在层级冲突
spap.adingo.jp.eimg.jp#Black_list_tmp.txt第233916行 与上级域名adingo.jp.eimg.jp#Black_list_tmp.txt第18352行 存在层级冲突
spapi.i-mobile.co.jp#Black_list_tmp.txt第233918行 与上级域名i-mobile.co.jp#Black_list_tmp.txt第120899行 存在层级冲突
spare.cn.miaozhen.com#Black_list_tmp.txt第233920行 与上级域名cn.miaozhen.com#Black_list_tmp.txt第55705行 存在层级冲突
spb.bid.run#Black_list_tmp.txt第233993行 与上级域名bid.run#Black_list_tmp.txt第40505行 存在层级冲突
spcdnpc.i-mobile.co.jp#Black_list_tmp.txt第233999行 与上级域名i-mobile.co.jp#Black_list_tmp.txt第120899行 存在层级冲突
spcnv.i-mobile.co.jp#Black_list_tmp.txt第234003行 与上级域名i-mobile.co.jp#Black_list_tmp.txt第120899行 存在层级冲突
spdeliver.i-mobile.co.jp#Black_list_tmp.txt第234013行 与上级域名i-mobile.co.jp#Black_list_tmp.txt第120899行 存在层级冲突
spdmg-backend.i-mobile.co.jp#Black_list_tmp.txt第234015行 与上级域名i-mobile.co.jp#Black_list_tmp.txt第120899行 存在层级冲突
spdmg.i-mobile.co.jp#Black_list_tmp.txt第234016行 与上级域名i-mobile.co.jp#Black_list_tmp.txt第120899行 存在层级冲突
spec-sensors.actonservice.com#Black_list_tmp.txt第234035行 与上级域名actonservice.com#Black_list_tmp.txt第16241行 存在层级冲突
spinnakermgmt.actonservice.com#Black_list_tmp.txt第234326行 与上级域名actonservice.com#Black_list_tmp.txt第16241行 存在层级冲突
spnet2-1.i-mobile.co.jp#Black_list_tmp.txt第234445行 与上级域名i-mobile.co.jp#Black_list_tmp.txt第120899行 存在层级冲突
spnet33.i-mobile.co.jp#Black_list_tmp.txt第234446行 与上级域名i-mobile.co.jp#Black_list_tmp.txt第120899行 存在层级冲突
spt.qchannel03.cn#Black_list_tmp.txt第234794行 与上级域名qchannel03.cn#Black_list_tmp.txt第198307行 存在层级冲突
sqd.jstdjq.com#Black_list_tmp.txt第234908行 与上级域名jstdjq.com#Black_list_tmp.txt第133726行 存在层级冲突
squarespace.evyy.net#Black_list_tmp.txt第234986行 与上级域名evyy.net#Black_list_tmp.txt第89110行 存在层级冲突
sra-px.cdn-fileserver.com#Black_list_tmp.txt第235085行 与上级域名cdn-fileserver.com#Black_list_tmp.txt第50219行 存在层级冲突
srv.carbonads.net#Black_list_tmp.txt第235408行 与上级域名carbonads.net#Black_list_tmp.txt第48963行 存在层级冲突
srv.dynamicyield.com#Black_list_tmp.txt第235421行 与上级域名dynamicyield.com#Black_list_tmp.txt第80564行 存在层级冲突
srv.revdepo.com#Black_list_tmp.txt第235468行 与上级域名revdepo.com#Black_list_tmp.txt第205804行 存在层级冲突
ss.cnnic.cn#Black_list_tmp.txt第236101行 与上级域名cnnic.cn#Black_list_tmp.txt第55838行 存在层级冲突
ss.knet.cn#Black_list_tmp.txt第236980行 与上级域名knet.cn#Black_list_tmp.txt第137706行 存在层级冲突
ssasa.dvclw.cn#Black_list_tmp.txt第238559行 与上级域名dvclw.cn#Black_list_tmp.txt第79967行 存在层级冲突
ssbsync.smartadserver.com#Black_list_tmp.txt第238564行 与上级域名smartadserver.com#Black_list_tmp.txt第228249行 存在层级冲突
ssdk-sg.pangle.io#Black_list_tmp.txt第238878行 与上级域名pangle.io#Black_list_tmp.txt第185678行 存在层级冲突
ssdk.adkmob.com#Black_list_tmp.txt第238879行 与上级域名adkmob.com#Black_list_tmp.txt第18463行 存在层级冲突
ssfllp.actonservice.com#Black_list_tmp.txt第238903行 与上级域名actonservice.com#Black_list_tmp.txt第16241行 存在层级冲突
ssh.hxlif.com#Black_list_tmp.txt第239081行 与上级域名hxlif.com#Black_list_tmp.txt第120439行 存在层级冲突
ssh.jsyzw132.com#Black_list_tmp.txt第239082行 与上级域名jsyzw132.com#Black_list_tmp.txt第133758行 存在层级冲突
ssh.lifu11.com#Black_list_tmp.txt第239083行 与上级域名lifu11.com#Black_list_tmp.txt第143079行 存在层级冲突
ssl-cdn.media.innity.net#Black_list_tmp.txt第239176行 与上级域名innity.net#Black_list_tmp.txt第126514行 存在层级冲突
ssl.google-analytics.com#Black_list_tmp.txt第239194行 与上级域名google-analytics.com#Black_list_tmp.txt第105044行 存在层级冲突
ssl.o.auspost.com.au#Black_list_tmp.txt第239209行 与上级域名o.auspost.com.au#Black_list_tmp.txt第177885行 存在层级冲突
ssltest2.branch.io#Black_list_tmp.txt第239294行 与上级域名branch.io#Black_list_tmp.txt第43978行 存在层级冲突
sslwidget.criteo.com#Black_list_tmp.txt第239295行 与上级域名criteo.com#Black_list_tmp.txt第60821行 存在层级冲突
sso-cas.gridsumdissector.com#Black_list_tmp.txt第239318行 与上级域名gridsumdissector.com#Black_list_tmp.txt第106146行 存在层级冲突
sso.oceanengine.com#Black_list_tmp.txt第239322行 与上级域名oceanengine.com#Black_list_tmp.txt第178725行 存在层级冲突
ssp-adx.ads.heytapmobi.com#Black_list_tmp.txt第239329行 与上级域名ads.heytapmobi.com#Black_list_tmp.txt第19851行 存在层级冲突
ssp-bidder.i-mobile.co.jp#Black_list_tmp.txt第239331行 与上级域名i-mobile.co.jp#Black_list_tmp.txt第120899行 存在层级冲突
ssp-rtb.sape.ru#Black_list_tmp.txt第239336行 与上级域名sape.ru#Black_list_tmp.txt第213542行 存在层级冲突
ssp-sdk-api.jiguang.cn#Black_list_tmp.txt第239337行 与上级域名jiguang.cn#Black_list_tmp.txt第131597行 存在层级冲突
ssp-sdk-status.jiguang.cn#Black_list_tmp.txt第239339行 与上级域名jiguang.cn#Black_list_tmp.txt第131597行 存在层级冲突
ssp-sync.criteo.com#Black_list_tmp.txt第239340行 与上级域名criteo.com#Black_list_tmp.txt第60821行 存在层级冲突
ssp.1rtb.com#Black_list_tmp.txt第239344行 与上级域名1rtb.com#Black_list_tmp.txt第2626行 存在层级冲突
ssp.cloooud.com#Black_list_tmp.txt第239353行 与上级域名cloooud.com#Black_list_tmp.txt第54986行 存在层级冲突
ssp.daxueshengqiandai.com#Black_list_tmp.txt第239354行 与上级域名daxueshengqiandai.com#Black_list_tmp.txt第71402行 存在层级冲突
ssp.jiguang.cn#Black_list_tmp.txt第239362行 与上级域名jiguang.cn#Black_list_tmp.txt第131597行 存在层级冲突
ssp.kjwx8.com#Black_list_tmp.txt第239364行 与上级域名kjwx8.com#Black_list_tmp.txt第137156行 存在层级冲突
ssp.maplehaze.cn#Black_list_tmp.txt第239370行 与上级域名maplehaze.cn#Black_list_tmp.txt第156521行 存在层级冲突
ssp.pro.cn#Black_list_tmp.txt第239375行 与上级域名pro.cn#Black_list_tmp.txt第194436行 存在层级冲突
ssp.qc.coccoc.com#Black_list_tmp.txt第239376行 与上级域名qc.coccoc.com#Black_list_tmp.txt第198269行 存在层级冲突
sspapi.admobile.top#Black_list_tmp.txt第239392行 与上级域名admobile.top#Black_list_tmp.txt第18789行 存在层级冲突
sspcash.adxcore.com#Black_list_tmp.txt第239395行 与上级域名adxcore.com#Black_list_tmp.txt第21912行 存在层级冲突
sss.jusha.com#Black_list_tmp.txt第239455行 与上级域名jusha.com#Black_list_tmp.txt第134198行 存在层级冲突
sss.soarfi.cn#Black_list_tmp.txt第239466行 与上级域名soarfi.cn#Black_list_tmp.txt第232275行 存在层级冲突
ssum.casalemedia.com#Black_list_tmp.txt第244741行 与上级域名casalemedia.com#Black_list_tmp.txt第49269行 存在层级冲突
sswhitedental.actonservice.com#Black_list_tmp.txt第244755行 与上级域名actonservice.com#Black_list_tmp.txt第16241行 存在层级冲突
ssxd.mediav.com#Black_list_tmp.txt第244771行 与上级域名mediav.com#Black_list_tmp.txt第160540行 存在层级冲突
st-a.cdp.asia#Black_list_tmp.txt第244779行 与上级域名cdp.asia#Black_list_tmp.txt第50951行 存在层级冲突
st-eu.dynamicyield.com#Black_list_tmp.txt第244785行 与上级域名dynamicyield.com#Black_list_tmp.txt第80564行 存在层级冲突
st-n.ads3-adnow.com#Black_list_tmp.txt第244787行 与上级域名ads3-adnow.com#Black_list_tmp.txt第20484行 存在层级冲突
st.adxxx.me#Black_list_tmp.txt第244794行 与上级域名adxxx.me#Black_list_tmp.txt第21959行 存在层级冲突
st.dynamicyield.com#Black_list_tmp.txt第244852行 与上级域名dynamicyield.com#Black_list_tmp.txt第80564行 存在层级冲突
sta.oceanengine.com#Black_list_tmp.txt第245014行 与上级域名oceanengine.com#Black_list_tmp.txt第178725行 存在层级冲突
stage-ms.applovin.com#Black_list_tmp.txt第245087行 与上级域名applovin.com#Black_list_tmp.txt第31454行 存在层级冲突
stage-vid.applovin.com#Black_list_tmp.txt第245088行 与上级域名applovin.com#Black_list_tmp.txt第31454行 存在层级冲突
staging-cdn-testsettings.appsflyersdk.com#Black_list_tmp.txt第245110行 与上级域名appsflyersdk.com#Black_list_tmp.txt第31588行 存在层级冲突
staging-pt.ispot.tv#Black_list_tmp.txt第245117行 与上级域名ispot.tv#Black_list_tmp.txt第128755行 存在层级冲突
stahl.actonservice.com#Black_list_tmp.txt第245132行 与上级域名actonservice.com#Black_list_tmp.txt第16241行 存在层级冲突
stanburns.actonservice.com#Black_list_tmp.txt第245199行 与上级域名actonservice.com#Black_list_tmp.txt第16241行 存在层级冲突
starman-jack.fathomdns.com#Black_list_tmp.txt第248459行 与上级域名fathomdns.com#Black_list_tmp.txt第91446行 存在层级冲突
starman-new.fathomdns.com#Black_list_tmp.txt第248460行 与上级域名fathomdns.com#Black_list_tmp.txt第91446行 存在层级冲突
starman.fathomdns.com#Black_list_tmp.txt第248461行 与上级域名fathomdns.com#Black_list_tmp.txt第91446行 存在层级冲突
stat-srv.jiguang.cn#Black_list_tmp.txt第248557行 与上级域名jiguang.cn#Black_list_tmp.txt第131597行 存在层级冲突
stat.58.xgo.com.cn#Black_list_tmp.txt第248611行 与上级域名58.xgo.com.cn#Black_list_tmp.txt第6008行 存在层级冲突
stat.adintl.cn#Black_list_tmp.txt第248614行 与上级域名adintl.cn#Black_list_tmp.txt第18362行 存在层级冲突
stat.googleanalysis.mobi#Black_list_tmp.txt第248679行 与上级域名googleanalysis.mobi#Black_list_tmp.txt第105068行 存在层级冲突
stat.hasmobi.net#Black_list_tmp.txt第248683行 与上级域名hasmobi.net#Black_list_tmp.txt第114783行 存在层级冲突
stat.ijinshan.com#Black_list_tmp.txt第248693行 与上级域名ijinshan.com#Black_list_tmp.txt第122678行 存在层级冲突
stat.lianmeng.360.cn#Black_list_tmp.txt第248736行 与上级域名360.cn#Black_list_tmp.txt第4252行 存在层级冲突
stat.m.360.cn#Black_list_tmp.txt第248738行 与上级域名360.cn#Black_list_tmp.txt第4252行 存在层级冲突
stat.mixi.media#Black_list_tmp.txt第248749行 与上级域名mixi.media#Black_list_tmp.txt第165840行 存在层级冲突
stat.mql5.com#Black_list_tmp.txt第248753行 与上级域名mql5.com#Black_list_tmp.txt第168634行 存在层级冲突
stat.sd.360.cn#Black_list_tmp.txt第248800行 与上级域名360.cn#Black_list_tmp.txt第4252行 存在层级冲突
stat.tf.360.cn#Black_list_tmp.txt第248825行 与上级域名360.cn#Black_list_tmp.txt第4252行 存在层级冲突
stat2.openinstall.io#Black_list_tmp.txt第248892行 与上级域名openinstall.io#Black_list_tmp.txt第181946行 存在层级冲突
state.jpush.cn#Black_list_tmp.txt第248913行 与上级域名jpush.cn#Black_list_tmp.txt第133024行 存在层级冲突
static-cn.plista.com#Black_list_tmp.txt第248950行 与上级域名plista.com#Black_list_tmp.txt第191411行 存在层级冲突
static-rtb2.foremedia.net#Black_list_tmp.txt第248976行 与上级域名foremedia.net#Black_list_tmp.txt第95755行 存在层级冲突
static-ssl.mediav.com#Black_list_tmp.txt第248994行 与上级域名mediav.com#Black_list_tmp.txt第160540行 存在层级冲突
static-tracking.klaviyo.com#Black_list_tmp.txt第248996行 与上级域名klaviyo.com#Black_list_tmp.txt第137324行 存在层级冲突
static.adcannyads.com#Black_list_tmp.txt第249012行 与上级域名adcannyads.com#Black_list_tmp.txt第17667行 存在层级冲突
static.addtoany.com#Black_list_tmp.txt第249016行 与上级域名addtoany.com#Black_list_tmp.txt第17909行 存在层级冲突
static.admidadsp.com#Black_list_tmp.txt第249021行 与上级域名admidadsp.com#Black_list_tmp.txt第18677行 存在层级冲突
static.ads-twitter.com#Black_list_tmp.txt第249024行 与上级域名ads-twitter.com#Black_list_tmp.txt第19463行 存在层级冲突
static.adsafeprotected.com#Black_list_tmp.txt第249026行 与上级域名adsafeprotected.com#Black_list_tmp.txt第20535行 存在层级冲突
static.affiliate.rakuten.co.jp#Black_list_tmp.txt第249034行 与上级域名affiliate.rakuten.co.jp#Black_list_tmp.txt第22661行 存在层级冲突
static.aio.media#Black_list_tmp.txt第249038行 与上级域名aio.media#Black_list_tmp.txt第24008行 存在层级冲突
static.analytics.nativeads.com#Black_list_tmp.txt第249044行 与上级域名nativeads.com#Black_list_tmp.txt第171996行 存在层级冲突
static.applixir.com#Black_list_tmp.txt第249048行 与上级域名applixir.com#Black_list_tmp.txt第31434行 存在层级冲突
static.aprod.scopely.io#Black_list_tmp.txt第249050行 与上级域名aprod.scopely.io#Black_list_tmp.txt第31668行 存在层级冲突
static.atgsvcs.com#Black_list_tmp.txt第249054行 与上级域名atgsvcs.com#Black_list_tmp.txt第33661行 存在层级冲突
static.audience.media#Black_list_tmp.txt第249055行 与上级域名audience.media#Black_list_tmp.txt第34171行 存在层级冲突
static.boffoadsapi.com#Black_list_tmp.txt第249065行 与上级域名boffoadsapi.com#Black_list_tmp.txt第42785行 存在层级冲突
static.brokenteens.com#Black_list_tmp.txt第249067行 与上级域名brokenteens.com#Black_list_tmp.txt第44583行 存在层级冲突
static.cdnativepush.com#Black_list_tmp.txt第249070行 与上级域名cdnativepush.com#Black_list_tmp.txt第50834行 存在层级冲突
static.chartbeat.com#Black_list_tmp.txt第249073行 与上级域名chartbeat.com#Black_list_tmp.txt第52096行 存在层级冲突
static.criteo.net#Black_list_tmp.txt第249082行 与上级域名criteo.net#Black_list_tmp.txt第60823行 存在层级冲突
static.delmovip.com#Black_list_tmp.txt第249088行 与上级域名delmovip.com#Black_list_tmp.txt第72899行 存在层级冲突
static.digiadglobal.com#Black_list_tmp.txt第249090行 与上级域名digiadglobal.com#Black_list_tmp.txt第74684行 存在层级冲突
static.dns.qiyipic.iqiyi.com#Black_list_tmp.txt第249092行 与上级域名dns.qiyipic.iqiyi.com#Black_list_tmp.txt第76816行 存在层级冲突
static.doubleclick.net#Black_list_tmp.txt第249098行 与上级域名doubleclick.net#Black_list_tmp.txt第77549行 存在层级冲突
static.dynamicyield.com#Black_list_tmp.txt第249100行 与上级域名dynamicyield.com#Black_list_tmp.txt第80564行 存在层级冲突
static.epeex.com#Black_list_tmp.txt第249105行 与上级域名epeex.com#Black_list_tmp.txt第86676行 存在层级冲突
static.fengkongcloud.com#Black_list_tmp.txt第249117行 与上级域名fengkongcloud.com#Black_list_tmp.txt第92450行 存在层级冲突
static.foremedia.net#Black_list_tmp.txt第249121行 与上级域名foremedia.net#Black_list_tmp.txt第95755行 存在层级冲突
static.googleadsserving.cn#Black_list_tmp.txt第249138行 与上级域名googleadsserving.cn#Black_list_tmp.txt第105065行 存在层级冲突
static.gridsumdissector.com#Black_list_tmp.txt第249140行 与上级域名gridsumdissector.com#Black_list_tmp.txt第106146行 存在层级冲突
static.hotjar.com#Black_list_tmp.txt第249148行 与上级域名hotjar.com#Black_list_tmp.txt第118688行 存在层级冲突
static.intentarget.com#Black_list_tmp.txt第249163行 与上级域名intentarget.com#Black_list_tmp.txt第127249行 存在层级冲突
static.jampp.com#Black_list_tmp.txt第249167行 与上级域名jampp.com#Black_list_tmp.txt第130106行 存在层级冲突
static.juzijinke.com#Black_list_tmp.txt第249173行 与上级域名juzijinke.com#Black_list_tmp.txt第134315行 存在层级冲突
static.kameleoon.com#Black_list_tmp.txt第249174行 与上级域名kameleoon.com#Black_list_tmp.txt第135229行 存在层级冲突
static.klaviyo.com#Black_list_tmp.txt第249176行 与上级域名klaviyo.com#Black_list_tmp.txt第137324行 存在层级冲突
static.ku6.com#Black_list_tmp.txt第249180行 与上级域名ku6.com#Black_list_tmp.txt第138902行 存在层级冲突
static.leadpages.net#Black_list_tmp.txt第249185行 与上级域名leadpages.net#Black_list_tmp.txt第141532行 存在层级冲突
static.linkz.net#Black_list_tmp.txt第249187行 与上级域名linkz.net#Black_list_tmp.txt第144422行 存在层级冲突
static.m.sjzhushou.com#Black_list_tmp.txt第249191行 与上级域名m.sjzhushou.com#Black_list_tmp.txt第155023行 存在层级冲突
static.media.net#Black_list_tmp.txt第249200行 与上级域名media.net#Black_list_tmp.txt第160370行 存在层级冲突
static.mediav.com#Black_list_tmp.txt第249202行 与上级域名mediav.com#Black_list_tmp.txt第160540行 存在层级冲突
static.mob.com#Black_list_tmp.txt第249206行 与上级域名mob.com#Black_list_tmp.txt第166827行 存在层级冲突
static.ptoahaistais.com#Black_list_tmp.txt第249239行 与上级域名ptoahaistais.com#Black_list_tmp.txt第196009行 存在层级冲突
static.realasianexposed.com#Black_list_tmp.txt第249249行 与上级域名realasianexposed.com#Black_list_tmp.txt第203186行 存在层级冲突
static.reallatinaexposed.com#Black_list_tmp.txt第249251行 与上级域名reallatinaexposed.com#Black_list_tmp.txt第203229行 存在层级冲突
static.reallesbianexposed.com#Black_list_tmp.txt第249252行 与上级域名reallesbianexposed.com#Black_list_tmp.txt第203230行 存在层级冲突
static.rqmob.com#Black_list_tmp.txt第249259行 与上级域名rqmob.com#Black_list_tmp.txt第208476行 存在层级冲突
static.servsserverz.com#Black_list_tmp.txt第249271行 与上级域名servsserverz.com#Black_list_tmp.txt第221175行 存在层级冲突
static.showcasead.com#Black_list_tmp.txt第249276行 与上级域名showcasead.com#Black_list_tmp.txt第225916行 存在层级冲突
static.snapmobile.asia#Black_list_tmp.txt第249282行 与上级域名snapmobile.asia#Black_list_tmp.txt第231925行 存在层级冲突
static.sparechange.io#Black_list_tmp.txt第249284行 与上级域名sparechange.io#Black_list_tmp.txt第233923行 存在层级冲突
static1.andbeyond.media#Black_list_tmp.txt第249371行 与上级域名andbeyond.media#Black_list_tmp.txt第27316行 存在层级冲突
staticadm.leju.sina.com.cn#Black_list_tmp.txt第249379行 与上级域名leju.sina.com.cn#Black_list_tmp.txt第141961行 存在层级冲突
statics.9669.com#Black_list_tmp.txt第249390行 与上级域名9669.com#Black_list_tmp.txt第8960行 存在层级冲突
statictest.fraudmetrix.cn#Black_list_tmp.txt第249397行 与上级域名fraudmetrix.cn#Black_list_tmp.txt第96762行 存在层级冲突
statistics.mailerlite.com#Black_list_tmp.txt第249454行 与上级域名mailerlite.com#Black_list_tmp.txt第155955行 存在层级冲突
stats-5-split-vohnu.s.innovid.com.akadns.net#Black_list_tmp.txt第249530行 与上级域名innovid.com.akadns.net#Black_list_tmp.txt第126575行 存在层级冲突
stats-ipv6.jpush.cn#Black_list_tmp.txt第249542行 与上级域名jpush.cn#Black_list_tmp.txt第133024行 存在层级冲突
stats.appsflyer.com#Black_list_tmp.txt第249605行 与上级域名appsflyer.com#Black_list_tmp.txt第31587行 存在层级冲突
stats.cnzz.com#Black_list_tmp.txt第249780行 与上级域名cnzz.com#Black_list_tmp.txt第55958行 存在层级冲突
stats.g.doubleclick.net#Black_list_tmp.txt第250020行 与上级域名doubleclick.net#Black_list_tmp.txt第77549行 存在层级冲突
stats.jpush.cn#Black_list_tmp.txt第250215行 与上级域名jpush.cn#Black_list_tmp.txt第133024行 存在层级冲突
stats.miarroba.info#Black_list_tmp.txt第250363行 与上级域名miarroba.info#Black_list_tmp.txt第164919行 存在层级冲突
stats.phoenix-widget.com#Black_list_tmp.txt第250510行 与上级域名phoenix-widget.com#Black_list_tmp.txt第189137行 存在层级冲突
stats.smartclip.net#Black_list_tmp.txt第250715行 与上级域名smartclip.net#Black_list_tmp.txt第228265行 存在层级冲突
stats.sparkloop.app#Black_list_tmp.txt第250728行 与上级域名sparkloop.app#Black_list_tmp.txt第233953行 存在层级冲突
statsgoogle.appsflyer.com#Black_list_tmp.txt第251109行 与上级域名appsflyer.com#Black_list_tmp.txt第31587行 存在层级冲突
status-ipv6.jpush.cn#Black_list_tmp.txt第251147行 与上级域名jpush.cn#Black_list_tmp.txt第133024行 存在层级冲突
status.jpush.cn#Black_list_tmp.txt第251150行 与上级域名jpush.cn#Black_list_tmp.txt第133024行 存在层级冲突
statusdevops.appsflyer.com#Black_list_tmp.txt第251153行 与上级域名appsflyer.com#Black_list_tmp.txt第31587行 存在层级冲突
stentel.actonservice.com#Black_list_tmp.txt第251387行 与上级域名actonservice.com#Black_list_tmp.txt第16241行 存在层级冲突
stg-cmws.iad.apple.com#Black_list_tmp.txt第251490行 与上级域名iad.apple.com#Black_list_tmp.txt第121175行 存在层级冲突
stg-data.ads.heytapmobi.com#Black_list_tmp.txt第251492行 与上级域名ads.heytapmobi.com#Black_list_tmp.txt第19851行 存在层级冲突
stlib.qbb6.com#Black_list_tmp.txt第251683行 与上级域名qbb6.com#Black_list_tmp.txt第198148行 存在层级冲突
stm-cdn.cn.miaozhen.com#Black_list_tmp.txt第251691行 与上级域名cn.miaozhen.com#Black_list_tmp.txt第55705行 存在层级冲突
stm-collect.cn.miaozhen.com#Black_list_tmp.txt第251692行 与上级域名cn.miaozhen.com#Black_list_tmp.txt第55705行 存在层级冲突
stm.cn.miaozhen.com#Black_list_tmp.txt第251697行 与上级域名cn.miaozhen.com#Black_list_tmp.txt第55705行 存在层级冲突
stone2.authcaptcha.com#Black_list_tmp.txt第251784行 与上级域名authcaptcha.com#Black_list_tmp.txt第34488行 存在层级冲突
storage.anastasiadate.com#Black_list_tmp.txt第251844行 与上级域名anastasiadate.com#Black_list_tmp.txt第27258行 存在层级冲突
storeconfig.mistat.xiaomi.com#Black_list_tmp.txt第251876行 与上级域名mistat.xiaomi.com#Black_list_tmp.txt第165710行 存在层级冲突
storm.logger.baofeng.com#Black_list_tmp.txt第251900行 与上级域名logger.baofeng.com#Black_list_tmp.txt第151438行 存在层级冲突
stormwind.actonservice.com#Black_list_tmp.txt第251908行 与上级域名actonservice.com#Black_list_tmp.txt第16241行 存在层级冲突
stra.hasmobi.net#Black_list_tmp.txt第252137行 与上级域名hasmobi.net#Black_list_tmp.txt第114783行 存在层级冲突
strategy.beacon.qq.com#Black_list_tmp.txt第252298行 与上级域名beacon.qq.com#Black_list_tmp.txt第38554行 存在层级冲突
strategycompanion.actonservice.com#Black_list_tmp.txt第252300行 与上级域名actonservice.com#Black_list_tmp.txt第16241行 存在层级冲突
stream.shuzilm.cn#Black_list_tmp.txt第252340行 与上级域名shuzilm.cn#Black_list_tmp.txt第226117行 存在层级冲突
stream.snssdk.com#Black_list_tmp.txt第252341行 与上级域名snssdk.com#Black_list_tmp.txt第232155行 存在层级冲突
studentadvantage.actonservice.com#Black_list_tmp.txt第252642行 与上级域名actonservice.com#Black_list_tmp.txt第16241行 存在层级冲突
study.snapads.com#Black_list_tmp.txt第252662行 与上级域名snapads.com#Black_list_tmp.txt第231918行 存在层级冲突
su.8881919.cc#Black_list_tmp.txt第252795行 与上级域名8881919.cc#Black_list_tmp.txt第8243行 存在层级冲突
su.iadsdk.apple.com#Black_list_tmp.txt第252800行 与上级域名iadsdk.apple.com#Black_list_tmp.txt第121201行 存在层级冲突
subscribe.adpinfo.com#Black_list_tmp.txt第253021行 与上级域名adpinfo.com#Black_list_tmp.txt第19167行 存在层级冲突
success.ctobsnssdk.com#Black_list_tmp.txt第253130行 与上级域名ctobsnssdk.com#Black_list_tmp.txt第61634行 存在层级冲突
sug.browser.miui.com#Black_list_tmp.txt第253266行 与上级域名browser.miui.com#Black_list_tmp.txt第44682行 存在层级冲突
sugabyte.actonservice.com#Black_list_tmp.txt第253267行 与上级域名actonservice.com#Black_list_tmp.txt第16241行 存在层级冲突
suolaka.23txt.com#Black_list_tmp.txt第253620行 与上级域名23txt.com#Black_list_tmp.txt第3249行 存在层级冲突
superiorgroup.actonservice.com#Black_list_tmp.txt第253680行 与上级域名actonservice.com#Black_list_tmp.txt第16241行 存在层级冲突
supply.inmobicdn.net#Black_list_tmp.txt第253768行 与上级域名inmobicdn.net#Black_list_tmp.txt第126491行 存在层级冲突
support.appsflyer.com#Black_list_tmp.txt第253778行 与上级域名appsflyer.com#Black_list_tmp.txt第31587行 存在层级冲突
survey.g.doubleclick.net#Black_list_tmp.txt第253948行 与上级域名doubleclick.net#Black_list_tmp.txt第77549行 存在层级冲突
surveys.hotjar.com#Black_list_tmp.txt第253973行 与上级域名hotjar.com#Black_list_tmp.txt第118688行 存在层级冲突
surveywall-api.survata.com#Black_list_tmp.txt第253977行 与上级域名survata.com#Black_list_tmp.txt第253941行 存在层级冲突
sv-pval.looksmart.com#Black_list_tmp.txt第254082行 与上级域名looksmart.com#Black_list_tmp.txt第151945行 存在层级冲突
sv-query.looksmart.com#Black_list_tmp.txt第254083行 与上级域名looksmart.com#Black_list_tmp.txt第151945行 存在层级冲突
sv.adintl.cn#Black_list_tmp.txt第254087行 与上级域名adintl.cn#Black_list_tmp.txt第18362行 存在层级冲突
sv102.piclect.com#Black_list_tmp.txt第254117行 与上级域名piclect.com#Black_list_tmp.txt第189567行 存在层级冲突
svpn-hawk.jiguang.cn#Black_list_tmp.txt第254217行 与上级域名jiguang.cn#Black_list_tmp.txt第131597行 存在层级冲突
svpn-szlg.jiguang.cn#Black_list_tmp.txt第254218行 与上级域名jiguang.cn#Black_list_tmp.txt第131597行 存在层级冲突
svr-community.jpush.cn#Black_list_tmp.txt第254225行 与上级域名jpush.cn#Black_list_tmp.txt第133024行 存在层级冲突
sw.cailawyer.cn#Black_list_tmp.txt第254300行 与上级域名cailawyer.cn#Black_list_tmp.txt第47666行 存在层级冲突
sw.looksmart.com#Black_list_tmp.txt第254302行 与上级域名looksmart.com#Black_list_tmp.txt第151945行 存在层级冲突
swallow.kakamobi.cn#Black_list_tmp.txt第254489行 与上级域名kakamobi.cn#Black_list_tmp.txt第135182行 存在层级冲突
swim2000.actonservice.com#Black_list_tmp.txt第254758行 与上级域名actonservice.com#Black_list_tmp.txt第16241行 存在层级冲突
switching.atm.punchbox.org#Black_list_tmp.txt第254797行 与上级域名atm.punchbox.org#Black_list_tmp.txt第33780行 存在层级冲突
swx.domob.cn#Black_list_tmp.txt第254909行 与上级域名domob.cn#Black_list_tmp.txt第77243行 存在层级冲突
sx.fakjkwp.cn#Black_list_tmp.txt第254918行 与上级域名fakjkwp.cn#Black_list_tmp.txt第90907行 存在层级冲突
sxj8.adj.st#Black_list_tmp.txt第254961行 与上级域名adj.st#Black_list_tmp.txt第18405行 存在层级冲突
sy.code.mytanwan.com#Black_list_tmp.txt第255126行 与上级域名mytanwan.com#Black_list_tmp.txt第170999行 存在层级冲突
sy.flash.mytanwan.com#Black_list_tmp.txt第255127行 与上级域名mytanwan.com#Black_list_tmp.txt第170999行 存在层级冲突
sy.jlhygy.com#Black_list_tmp.txt第255128行 与上级域名jlhygy.com#Black_list_tmp.txt第132137行 存在层级冲突
sy.kcxsyz.com#Black_list_tmp.txt第255129行 与上级域名kcxsyz.com#Black_list_tmp.txt第135701行 存在层级冲突
sy.shongcheng.com#Black_list_tmp.txt第255130行 与上级域名shongcheng.com#Black_list_tmp.txt第225192行 存在层级冲突
sy.sxjxhg.com#Black_list_tmp.txt第255131行 与上级域名sxjxhg.com#Black_list_tmp.txt第255060行 存在层级冲突
sycm.mmstat.com#Black_list_tmp.txt第255150行 与上级域名mmstat.com#Black_list_tmp.txt第166579行 存在层级冲突
syfwnf.society6.com#Black_list_tmp.txt第255168行 与上级域名society6.com#Black_list_tmp.txt第232378行 存在层级冲突
symbio.actonservice.com#Black_list_tmp.txt第255222行 与上级域名actonservice.com#Black_list_tmp.txt第16241行 存在层级冲突
synad3.nuffnang.com.my#Black_list_tmp.txt第255255行 与上级域名nuffnang.com.my#Black_list_tmp.txt第177027行 存在层级冲突
synapse-da.actonservice.com#Black_list_tmp.txt第255256行 与上级域名actonservice.com#Black_list_tmp.txt第16241行 存在层级冲突
synbiobeta.actonservice.com#Black_list_tmp.txt第255258行 与上级域名actonservice.com#Black_list_tmp.txt第16241行 存在层级冲突
sync-dsp.ad-m.asia#Black_list_tmp.txt第255259行 与上级域名ad-m.asia#Black_list_tmp.txt第16441行 存在层级冲突
sync-eu.exe.bid#Black_list_tmp.txt第255260行 与上级域名exe.bid#Black_list_tmp.txt第89437行 存在层级冲突
sync-tm.everesttech.net#Black_list_tmp.txt第255263行 与上级域名everesttech.net#Black_list_tmp.txt第88941行 存在层级冲突
sync.1dmp.io#Black_list_tmp.txt第255265行 与上级域名1dmp.io#Black_list_tmp.txt第2393行 存在层级冲突
sync.1rx.io#Black_list_tmp.txt第255266行 与上级域名1rx.io#Black_list_tmp.txt第2630行 存在层级冲突
sync.adap.tv#Black_list_tmp.txt第255269行 与上级域名adap.tv#Black_list_tmp.txt第17353行 存在层级冲突
sync.adkernel.com#Black_list_tmp.txt第255270行 与上级域名adkernel.com#Black_list_tmp.txt第18453行 存在层级冲突
sync.adotmob.com#Black_list_tmp.txt第255271行 与上级域名adotmob.com#Black_list_tmp.txt第19123行 存在层级冲突
sync.audsp.com#Black_list_tmp.txt第255275行 与上级域名audsp.com#Black_list_tmp.txt第34243行 存在层级冲突
sync.audtd.com#Black_list_tmp.txt第255276行 与上级域名audtd.com#Black_list_tmp.txt第34244行 存在层级冲突
sync.crwdcntrl.net#Black_list_tmp.txt第255280行 与上级域名crwdcntrl.net#Black_list_tmp.txt第61121行 存在层级冲突
sync.extend.tv#Black_list_tmp.txt第255281行 与上级域名extend.tv#Black_list_tmp.txt第89831行 存在层级冲突
sync.fastclick.net#Black_list_tmp.txt第255282行 与上级域名fastclick.net#Black_list_tmp.txt第91348行 存在层级冲突
sync.inmobi.com#Black_list_tmp.txt第255284行 与上级域名inmobi.com#Black_list_tmp.txt第126488行 存在层级冲突
sync.intentiq.com#Black_list_tmp.txt第255285行 与上级域名intentiq.com#Black_list_tmp.txt第127262行 存在层级冲突
sync.ipredictive.com#Black_list_tmp.txt第255286行 与上级域名ipredictive.com#Black_list_tmp.txt第128094行 存在层级冲突
sync.mathtag.com#Black_list_tmp.txt第255288行 与上级域名mathtag.com#Black_list_tmp.txt第158951行 存在层级冲突
sync.morgdm.ru#Black_list_tmp.txt第255291行 与上级域名morgdm.ru#Black_list_tmp.txt第167977行 存在层级冲突
sync.outbrain.com#Black_list_tmp.txt第255294行 与上级域名outbrain.com#Black_list_tmp.txt第183618行 存在层级冲突
sync.republer.com#Black_list_tmp.txt第255299行 与上级域名republer.com#Black_list_tmp.txt第205135行 存在层级冲突
sync.search.spotxchange.com#Black_list_tmp.txt第255300行 与上级域名search.spotxchange.com#Black_list_tmp.txt第215585行 存在层级冲突
sync.springserve.com#Black_list_tmp.txt第255303行 与上级域名springserve.com#Black_list_tmp.txt第234742行 存在层级冲突
sync2.audtd.com#Black_list_tmp.txt第255312行 与上级域名audtd.com#Black_list_tmp.txt第34244行 存在层级冲突
syndication.dynsrvtbg.com#Black_list_tmp.txt第255341行 与上级域名dynsrvtbg.com#Black_list_tmp.txt第80584行 存在层级冲突
syndication.exdynsrv.com#Black_list_tmp.txt第255349行 与上级域名exdynsrv.com#Black_list_tmp.txt第89436行 存在层级冲突
syndication.exoclick.com#Black_list_tmp.txt第255350行 与上级域名exoclick.com#Black_list_tmp.txt第89584行 存在层级冲突
syndication.jsadapi.com#Black_list_tmp.txt第255352行 与上级域名jsadapi.com#Black_list_tmp.txt第133572行 存在层级冲突
systancia-scp.actonservice.com#Black_list_tmp.txt第255465行 与上级域名actonservice.com#Black_list_tmp.txt第16241行 存在层级冲突
systemmonitoring.badgeville.com#Black_list_tmp.txt第255479行 与上级域名badgeville.com#Black_list_tmp.txt第36493行 存在层级冲突
szxy.getui.com#Black_list_tmp.txt第255652行 与上级域名getui.com#Black_list_tmp.txt第101495行 存在层级冲突
t-remad.qm989.com#Black_list_tmp.txt第255675行 与上级域名qm989.com#Black_list_tmp.txt第199426行 存在层级冲突
t.2d-c.cn#Black_list_tmp.txt第255722行 与上级域名2d-c.cn#Black_list_tmp.txt第3621行 存在层级冲突
t.360playvid.info#Black_list_tmp.txt第255725行 与上级域名360playvid.info#Black_list_tmp.txt第4288行 存在层级冲突
t.adbiding.com#Black_list_tmp.txt第255740行 与上级域名adbiding.com#Black_list_tmp.txt第17519行 存在层级冲突
t.ads.sohu.com#Black_list_tmp.txt第255749行 与上级域名ads.sohu.com#Black_list_tmp.txt第20199行 存在层级冲突
t.adx.opera.com#Black_list_tmp.txt第255751行 与上级域名adx.opera.com#Black_list_tmp.txt第21881行 存在层级冲突
t.applovin.com#Black_list_tmp.txt第255818行 与上级域名applovin.com#Black_list_tmp.txt第31454行 存在层级冲突
t.appsflyer.com#Black_list_tmp.txt第255819行 与上级域名appsflyer.com#Black_list_tmp.txt第31587行 存在层级冲突
t.arianelab.com#Black_list_tmp.txt第255824行 与上级域名arianelab.com#Black_list_tmp.txt第32179行 存在层级冲突
t.atpanel.com#Black_list_tmp.txt第255835行 与上级域名atpanel.com#Black_list_tmp.txt第33845行 存在层级冲突
t.beop.io#Black_list_tmp.txt第255871行 与上级域名beop.io#Black_list_tmp.txt第39330行 存在层级冲突
t.c4tw.net#Black_list_tmp.txt第255909行 与上级域名c4tw.net#Black_list_tmp.txt第47245行 存在层级冲突
t.cfjump.com#Black_list_tmp.txt第255921行 与上级域名cfjump.com#Black_list_tmp.txt第51593行 存在层级冲突
t.channeladvisor.com#Black_list_tmp.txt第255923行 与上级域名channeladvisor.com#Black_list_tmp.txt第52009行 存在层级冲突
t.cnsjx.net#Black_list_tmp.txt第255945行 与上级域名cnsjx.net#Black_list_tmp.txt第55872行 存在层级冲突
t.cometlytrack.com#Black_list_tmp.txt第255952行 与上级域名cometlytrack.com#Black_list_tmp.txt第57011行 存在层级冲突
t.cr-nielsen.com#Black_list_tmp.txt第255964行 与上级域名cr-nielsen.com#Black_list_tmp.txt第60320行 存在层级冲突
t.d.yoyi.tv#Black_list_tmp.txt第255974行 与上级域名d.yoyi.tv#Black_list_tmp.txt第63758行 存在层级冲突
t.dentsuchina.cn#Black_list_tmp.txt第255987行 与上级域名dentsuchina.cn#Black_list_tmp.txt第73103行 存在层级冲突
t.dmtrck.com#Black_list_tmp.txt第256006行 与上级域名dmtrck.com#Black_list_tmp.txt第76639行 存在层级冲突
t.douyaobuy.com#Black_list_tmp.txt第256008行 与上级域名douyaobuy.com#Black_list_tmp.txt第77616行 存在层级冲突
t.eloqua.com#Black_list_tmp.txt第256029行 与上级域名eloqua.com#Black_list_tmp.txt第84506行 存在层级冲突
t.fastcmp.com#Black_list_tmp.txt第256054行 与上级域名fastcmp.com#Black_list_tmp.txt第91349行 存在层级冲突
t.flix360.com#Black_list_tmp.txt第256071行 与上级域名flix360.com#Black_list_tmp.txt第94783行 存在层级冲突
t.gatorleads.co.uk#Black_list_tmp.txt第256096行 与上级域名gatorleads.co.uk#Black_list_tmp.txt第99934行 存在层级冲突
t.gdt.qq.com#Black_list_tmp.txt第256099行 与上级域名gdt.qq.com#Black_list_tmp.txt第100514行 存在层级冲突
t.global.yyapi.net#Black_list_tmp.txt第256112行 与上级域名global.yyapi.net#Black_list_tmp.txt第103079行 存在层级冲突
t.go.sohu.com#Black_list_tmp.txt第256114行 与上级域名go.sohu.com#Black_list_tmp.txt第104360行 存在层级冲突
t.greenbids.ai#Black_list_tmp.txt第256154行 与上级域名greenbids.ai#Black_list_tmp.txt第106004行 存在层级冲突
t.growingio.com#Black_list_tmp.txt第256157行 与上级域名growingio.com#Black_list_tmp.txt第106412行 存在层级冲突
t.javhd-trk.com#Black_list_tmp.txt第256226行 与上级域名javhd-trk.com#Black_list_tmp.txt第130284行 存在层级冲突
t.l.qq.com#Black_list_tmp.txt第256270行 与上级域名l.qq.com#Black_list_tmp.txt第139821行 存在层级冲突
t.leady.com#Black_list_tmp.txt第256276行 与上级域名leady.com#Black_list_tmp.txt第141559行 存在层级冲突
t.mdn2015x3.com#Black_list_tmp.txt第256329行 与上级域名mdn2015x3.com#Black_list_tmp.txt第159695行 存在层级冲突
t.menepe.com#Black_list_tmp.txt第256336行 与上级域名menepe.com#Black_list_tmp.txt第161039行 存在层级冲突
t.metrilo.com#Black_list_tmp.txt第256338行 与上级域名metrilo.com#Black_list_tmp.txt第164414行 存在层级冲突
t.mm-uxrv.com#Black_list_tmp.txt第256348行 与上级域名mm-uxrv.com#Black_list_tmp.txt第166385行 存在层级冲突
t.nativendo.de#Black_list_tmp.txt第256368行 与上级域名nativendo.de#Black_list_tmp.txt第172005行 存在层级冲突
t.nc0.co#Black_list_tmp.txt第256372行 与上级域名nc0.co#Black_list_tmp.txt第172317行 存在层级冲突
t.oq68.com#Black_list_tmp.txt第256419行 与上级域名oq68.com#Black_list_tmp.txt第182310行 存在层级冲突
t.peaktrck.uno#Black_list_tmp.txt第256440行 与上级域名peaktrck.uno#Black_list_tmp.txt第187692行 存在层级冲突
t.pg.cn.miaozhen.com#Black_list_tmp.txt第256446行 与上级域名cn.miaozhen.com#Black_list_tmp.txt第55705行 存在层级冲突
t.quisma.com#Black_list_tmp.txt第256485行 与上级域名quisma.com#Black_list_tmp.txt第200869行 存在层级冲突
t.sharethis.com#Black_list_tmp.txt第256538行 与上级域名sharethis.com#Black_list_tmp.txt第224660行 存在层级冲突
t.signalayer.com#Black_list_tmp.txt第256541行 与上级域名signalayer.com#Black_list_tmp.txt第226391行 存在层级冲突
t.skimresources.com#Black_list_tmp.txt第256552行 与上级域名skimresources.com#Black_list_tmp.txt第227485行 存在层级冲突
t.splicky.com#Black_list_tmp.txt第256564行 与上级域名splicky.com#Black_list_tmp.txt第234416行 存在层级冲突
t.track.ad.xiaomi.com#Black_list_tmp.txt第256618行 与上级域名ad.xiaomi.com#Black_list_tmp.txt第17120行 存在层级冲突
t1.a.market.xiaomi.com#Black_list_tmp.txt第256749行 与上级域名a.market.xiaomi.com#Black_list_tmp.txt第9781行 存在层级冲突
t1.jzkapp.com#Black_list_tmp.txt第256755行 与上级域名jzkapp.com#Black_list_tmp.txt第134807行 存在层级冲突
t188.dazhonghua.cn#Black_list_tmp.txt第256770行 与上级域名dazhonghua.cn#Black_list_tmp.txt第71440行 存在层级冲突
t2.a.market.xiaomi.com#Black_list_tmp.txt第256781行 与上级域名a.market.xiaomi.com#Black_list_tmp.txt第9781行 存在层级冲突
t2.fancyapi.com#Black_list_tmp.txt第256785行 与上级域名fancyapi.com#Black_list_tmp.txt第91031行 存在层级冲突
t2.jzkapp.com#Black_list_tmp.txt第256788行 与上级域名jzkapp.com#Black_list_tmp.txt第134807行 存在层级冲突
t3.a.market.xiaomi.com#Black_list_tmp.txt第256809行 与上级域名a.market.xiaomi.com#Black_list_tmp.txt第9781行 存在层级冲突
t75.qyqc4s.com#Black_list_tmp.txt第256841行 与上级域名qyqc4s.com#Black_list_tmp.txt第201401行 存在层级冲突
t7z.cupid.iqiyi.com#Black_list_tmp.txt第256852行 与上级域名cupid.iqiyi.com#Black_list_tmp.txt第62087行 存在层级冲突
tablesafe.actonservice.com#Black_list_tmp.txt第256918行 与上级域名actonservice.com#Black_list_tmp.txt第16241行 存在层级冲突
tag.agrvt.com#Black_list_tmp.txt第257014行 与上级域名agrvt.com#Black_list_tmp.txt第23454行 存在层级冲突
tag.cdnmaster.cn#Black_list_tmp.txt第257042行 与上级域名cdnmaster.cn#Black_list_tmp.txt第50875行 存在层级冲突
tag.digitaltarget.ru#Black_list_tmp.txt第257055行 与上级域名digitaltarget.ru#Black_list_tmp.txt第74754行 存在层级冲突
tag.leadplace.fr#Black_list_tmp.txt第257091行 与上级域名leadplace.fr#Black_list_tmp.txt第141533行 存在层级冲突
tag.mtrcs.samba.tv#Black_list_tmp.txt第257105行 与上级域名mtrcs.samba.tv#Black_list_tmp.txt第169381行 存在层级冲突
tag.pearldiver.io#Black_list_tmp.txt第257114行 与上级域名pearldiver.io#Black_list_tmp.txt第187711行 存在层级冲突
tag.researchnow.com#Black_list_tmp.txt第257122行 与上级域名researchnow.com#Black_list_tmp.txt第205284行 存在层级冲突
tag.rightmessage.com#Black_list_tmp.txt第257126行 与上级域名rightmessage.com#Black_list_tmp.txt第206680行 存在层级冲突
tag.rmp.rakuten.com#Black_list_tmp.txt第257127行 与上级域名rmp.rakuten.com#Black_list_tmp.txt第207359行 存在层级冲突
tagged-by.rubiconproject.net.akadns.net#Black_list_tmp.txt第257187行 与上级域名rubiconproject.net.akadns.net#Black_list_tmp.txt第209802行 存在层级冲突
tagger.opecloud.com#Black_list_tmp.txt第257191行 与上级域名opecloud.com#Black_list_tmp.txt第181818行 存在层级冲突
tags.bluekai.com.edgekey.net#Black_list_tmp.txt第257415行 与上级域名bluekai.com.edgekey.net#Black_list_tmp.txt第42156行 存在层级冲突
tags.catapultx.com#Black_list_tmp.txt第257457行 与上级域名catapultx.com#Black_list_tmp.txt第49444行 存在层级冲突
tags.crwdcntrl.net#Black_list_tmp.txt第257469行 与上级域名crwdcntrl.net#Black_list_tmp.txt第61121行 存在层级冲突
tags.growingio.com#Black_list_tmp.txt第257510行 与上级域名growingio.com#Black_list_tmp.txt第106412行 存在层级冲突
tags.premiumads.com.br#Black_list_tmp.txt第257590行 与上级域名premiumads.com.br#Black_list_tmp.txt第193807行 存在层级冲突
tags.tagcade.com#Black_list_tmp.txt第257659行 与上级域名tagcade.com#Black_list_tmp.txt第257163行 存在层级冲突
tags2.adshell.net#Black_list_tmp.txt第257727行 与上级域名adshell.net#Black_list_tmp.txt第20828行 存在层级冲突
tags4.revdepo.com#Black_list_tmp.txt第257728行 与上级域名revdepo.com#Black_list_tmp.txt第205804行 存在层级冲突
talk.bz.gepush.com#Black_list_tmp.txt第257944行 与上级域名gepush.com#Black_list_tmp.txt第101027行 存在层级冲突
talk.igexin.com#Black_list_tmp.txt第257945行 与上级域名igexin.com#Black_list_tmp.txt第122271行 存在层级冲突
talk.nz.gepush.com#Black_list_tmp.txt第257946行 与上级域名gepush.com#Black_list_tmp.txt第101027行 存在层级冲突
talk.nz.getui.net#Black_list_tmp.txt第257947行 与上级域名getui.net#Black_list_tmp.txt第101497行 存在层级冲突
talk.nz.igexin.com#Black_list_tmp.txt第257948行 与上级域名igexin.com#Black_list_tmp.txt第122271行 存在层级冲突
talk.nz4.gepush.com#Black_list_tmp.txt第257949行 与上级域名gepush.com#Black_list_tmp.txt第101027行 存在层级冲突
talk.nz4.getui.com#Black_list_tmp.txt第257950行 与上级域名getui.com#Black_list_tmp.txt第101495行 存在层级冲突
talk.nz4.getui.net#Black_list_tmp.txt第257951行 与上级域名getui.net#Black_list_tmp.txt第101497行 存在层级冲突
talk.nz4.igexin.com#Black_list_tmp.txt第257952行 与上级域名igexin.com#Black_list_tmp.txt第122271行 存在层级冲突
talkv6.getui.com#Black_list_tmp.txt第257972行 与上级域名getui.com#Black_list_tmp.txt第101495行 存在层级冲突
tangram-config.gdt.qq.com#Black_list_tmp.txt第258086行 与上级域名gdt.qq.com#Black_list_tmp.txt第100514行 存在层级冲突
tangram.e.qq.com#Black_list_tmp.txt第258087行 与上级域名e.qq.com#Black_list_tmp.txt第81078行 存在层级冲突
tanxlog.istreamsche.com#Black_list_tmp.txt第258129行 与上级域名istreamsche.com#Black_list_tmp.txt第128803行 存在层级冲突
tap-cdn.rubiconproject.com#Black_list_tmp.txt第258181行 与上级域名rubiconproject.com#Black_list_tmp.txt第209799行 存在层级冲突
tap-t.rubiconproject.com#Black_list_tmp.txt第258184行 与上级域名rubiconproject.com#Black_list_tmp.txt第209799行 存在层级冲突
tap.rubiconproject.com#Black_list_tmp.txt第258187行 与上级域名rubiconproject.com#Black_list_tmp.txt第209799行 存在层级冲突
target.actonservice.com#Black_list_tmp.txt第258284行 与上级域名actonservice.com#Black_list_tmp.txt第16241行 存在层级冲突
target.mirtesen.ru#Black_list_tmp.txt第258429行 与上级域名mirtesen.ru#Black_list_tmp.txt第165582行 存在层级冲突
target.mixi.media#Black_list_tmp.txt第258430行 与上级域名mixi.media#Black_list_tmp.txt第165840行 存在层级冲突
target.smi2.ru#Black_list_tmp.txt第258532行 与上级域名smi2.ru#Black_list_tmp.txt第231467行 存在层级冲突
targeting.focas.jp#Black_list_tmp.txt第258616行 与上级域名focas.jp#Black_list_tmp.txt第95415行 存在层级冲突
targeting.washpost.nile.works#Black_list_tmp.txt第258622行 与上级域名nile.works#Black_list_tmp.txt第174570行 存在层级冲突
targetrecruitllc.actonservice.com#Black_list_tmp.txt第258634行 与上级域名actonservice.com#Black_list_tmp.txt第16241行 存在层级冲突
targetstore.actonservice.com#Black_list_tmp.txt第258640行 与上级域名actonservice.com#Black_list_tmp.txt第16241行 存在层级冲突
task.tanx.com#Black_list_tmp.txt第258698行 与上级域名tanx.com#Black_list_tmp.txt第258128行 存在层级冲突
taylorshellfish.actonservice.com#Black_list_tmp.txt第258966行 与上级域名actonservice.com#Black_list_tmp.txt第16241行 存在层级冲突
tb060x.corp.youdao.com#Black_list_tmp.txt第258980行 与上级域名corp.youdao.com#Black_list_tmp.txt第59169行 存在层级冲突
tb104x.corp.youdao.com#Black_list_tmp.txt第258981行 与上级域名corp.youdao.com#Black_list_tmp.txt第59169行 存在层级冲突
tbm.snssdk.com#Black_list_tmp.txt第259052行 与上级域名snssdk.com#Black_list_tmp.txt第232155行 存在层级冲突
tc.51la.net#Black_list_tmp.txt第259109行 与上级域名51la.net#Black_list_tmp.txt第5740行 存在层级冲突
tcc.qscvli.com#Black_list_tmp.txt第259152行 与上级域名qscvli.com#Black_list_tmp.txt第200206行 存在层级冲突
tcpreport.jpush.cn#Black_list_tmp.txt第259262行 与上级域名jpush.cn#Black_list_tmp.txt第133024行 存在层级冲突
td-nexus.advlion.com#Black_list_tmp.txt第259318行 与上级域名advlion.com#Black_list_tmp.txt第21696行 存在层级冲突
td.crwdcntrl.net#Black_list_tmp.txt第259325行 与上级域名crwdcntrl.net#Black_list_tmp.txt第61121行 存在层级冲突
td.doubleclick.net#Black_list_tmp.txt第259328行 与上级域名doubleclick.net#Black_list_tmp.txt第77549行 存在层级冲突
td.mpush.cn#Black_list_tmp.txt第259343行 与上级域名mpush.cn#Black_list_tmp.txt第168557行 存在层级冲突
td2.crwdcntrl.net#Black_list_tmp.txt第259361行 与上级域名crwdcntrl.net#Black_list_tmp.txt第61121行 存在层级冲突
tdcv3.talkingdata.net#Black_list_tmp.txt第259394行 与上级域名talkingdata.net#Black_list_tmp.txt第257964行 存在层级冲突
tdsdk.cpatrk.net#Black_list_tmp.txt第259501行 与上级域名cpatrk.net#Black_list_tmp.txt第59918行 存在层级冲突
te.adlandpro.com#Black_list_tmp.txt第259532行 与上级域名adlandpro.com#Black_list_tmp.txt第18489行 存在层级冲突
techadv.actonservice.com#Black_list_tmp.txt第259771行 与上级域名actonservice.com#Black_list_tmp.txt第16241行 存在层级冲突
technologyadvice.actonservice.com#Black_list_tmp.txt第259819行 与上级域名actonservice.com#Black_list_tmp.txt第16241行 存在层级冲突
teen.77rog.com#Black_list_tmp.txt第259898行 与上级域名77rog.com#Black_list_tmp.txt第7454行 存在层级冲突
telamoncom.actonservice.com#Black_list_tmp.txt第259983行 与上级域名actonservice.com#Black_list_tmp.txt第16241行 存在层级冲突
telapi.getui.com#Black_list_tmp.txt第259986行 与上级域名getui.com#Black_list_tmp.txt第101495行 存在层级冲突
tele2.actonservice.com#Black_list_tmp.txt第259988行 与上级域名actonservice.com#Black_list_tmp.txt第16241行 存在层级冲突
telecom.shuzilm.cn#Black_list_tmp.txt第259993行 与上级域名shuzilm.cn#Black_list_tmp.txt第226117行 存在层级冲突
telemetrics.klaviyo.com#Black_list_tmp.txt第260030行 与上级域名klaviyo.com#Black_list_tmp.txt第137324行 存在层级冲突
telemetry-eastus.trafficmanager.inmobi.com#Black_list_tmp.txt第260032行 与上级域名inmobi.com#Black_list_tmp.txt第126488行 存在层级冲突
telemetry-sdk-metrics.inmobi.cn#Black_list_tmp.txt第260034行 与上级域名inmobi.cn#Black_list_tmp.txt第126487行 存在层级冲突
telemetry.sdk.inmobi.cn#Black_list_tmp.txt第260095行 与上级域名inmobi.cn#Black_list_tmp.txt第126487行 存在层级冲突
telemetry.sdk.inmobi.com#Black_list_tmp.txt第260096行 与上级域名inmobi.com#Black_list_tmp.txt第126488行 存在层级冲突
telsmith.actonservice.com#Black_list_tmp.txt第260169行 与上级域名actonservice.com#Black_list_tmp.txt第16241行 存在层级冲突
telstra.imrworldwide.com#Black_list_tmp.txt第260171行 与上级域名imrworldwide.com#Black_list_tmp.txt第124567行 存在层级冲突
telstraphonewords.actonservice.com#Black_list_tmp.txt第260172行 与上级域名actonservice.com#Black_list_tmp.txt第16241行 存在层级冲突
temai.snssdk.com#Black_list_tmp.txt第260179行 与上级域名snssdk.com#Black_list_tmp.txt第232155行 存在层级冲突
ten.sngapm.qq.com#Black_list_tmp.txt第260239行 与上级域名sngapm.qq.com#Black_list_tmp.txt第232010行 存在层级冲突
tencent-dtv.m.cn.miaozhen.com#Black_list_tmp.txt第260245行 与上级域名cn.miaozhen.com#Black_list_tmp.txt第55705行 存在层级冲突
tengointernet.actonservice.com#Black_list_tmp.txt第260281行 与上级域名actonservice.com#Black_list_tmp.txt第16241行 存在层级冲突
teracom.actonservice.com#Black_list_tmp.txt第260370行 与上级域名actonservice.com#Black_list_tmp.txt第16241行 存在层级冲突
terradatum.actonservice.com#Black_list_tmp.txt第260442行 与上级域名actonservice.com#Black_list_tmp.txt第16241行 存在层级冲突
tes.foisonad.com#Black_list_tmp.txt第260479行 与上级域名foisonad.com#Black_list_tmp.txt第95505行 存在层级冲突
test-fuse.inmobi.cn#Black_list_tmp.txt第260509行 与上级域名inmobi.cn#Black_list_tmp.txt第126487行 存在层级冲突
test-kepler-pick.jiguang.cn#Black_list_tmp.txt第260510行 与上级域名jiguang.cn#Black_list_tmp.txt第131597行 存在层级冲突
test-m.mediav.com#Black_list_tmp.txt第260532行 与上级域名mediav.com#Black_list_tmp.txt第160540行 存在层级冲突
test-pan.getui.com#Black_list_tmp.txt第260533行 与上级域名getui.com#Black_list_tmp.txt第101495行 存在层级冲突
test.actonservice.com#Black_list_tmp.txt第260539行 与上级域名actonservice.com#Black_list_tmp.txt第16241行 存在层级冲突
test.ad.xiaomi.com#Black_list_tmp.txt第260540行 与上级域名ad.xiaomi.com#Black_list_tmp.txt第17120行 存在层级冲突
test.adsp.xunlei.com#Black_list_tmp.txt第260541行 与上级域名adsp.xunlei.com#Black_list_tmp.txt第20967行 存在层级冲突
test.ark.letv.com#Black_list_tmp.txt第260543行 与上级域名ark.letv.com#Black_list_tmp.txt第32227行 存在层级冲突
test.cnzz.com#Black_list_tmp.txt第260551行 与上级域名cnzz.com#Black_list_tmp.txt第55958行 存在层级冲突
test.data.jiguang.cn#Black_list_tmp.txt第260554行 与上级域名jiguang.cn#Black_list_tmp.txt第131597行 存在层级冲突
test.e.ad.xiaomi.com#Black_list_tmp.txt第260555行 与上级域名ad.xiaomi.com#Black_list_tmp.txt第17120行 存在层级冲突
test.eduancm.com#Black_list_tmp.txt第260557行 与上级域名eduancm.com#Black_list_tmp.txt第82985行 存在层级冲突
test.jiguang.cn#Black_list_tmp.txt第260570行 与上级域名jiguang.cn#Black_list_tmp.txt第131597行 存在层级冲突
test.new.api.ad.xiaomi.com#Black_list_tmp.txt第260582行 与上级域名ad.xiaomi.com#Black_list_tmp.txt第17120行 存在层级冲突
test6-m.mediav.com#Black_list_tmp.txt第260617行 与上级域名mediav.com#Black_list_tmp.txt第160540行 存在层级冲突
test7-m.mediav.com#Black_list_tmp.txt第260618行 与上级域名mediav.com#Black_list_tmp.txt第160540行 存在层级冲突
testforce.actonservice.com#Black_list_tmp.txt第260642行 与上级域名actonservice.com#Black_list_tmp.txt第16241行 存在层级冲突
tf.360.cn#Black_list_tmp.txt第260805行 与上级域名360.cn#Black_list_tmp.txt第4252行 存在层级冲突
tf.hdfdm.com#Black_list_tmp.txt第260807行 与上级域名hdfdm.com#Black_list_tmp.txt第115391行 存在层级冲突
tg.1155t.cn#Black_list_tmp.txt第260914行 与上级域名1155t.cn#Black_list_tmp.txt第1127行 存在层级冲突
tg.flysleep.cn#Black_list_tmp.txt第260918行 与上级域名flysleep.cn#Black_list_tmp.txt第95126行 存在层级冲突
tg.jifen.2345.com#Black_list_tmp.txt第260919行 与上级域名2345.com#Black_list_tmp.txt第3220行 存在层级冲突
tga.csbew.com#Black_list_tmp.txt第260932行 与上级域名csbew.com#Black_list_tmp.txt第61264行 存在层级冲突
tgb.csbew.com#Black_list_tmp.txt第260938行 与上级域名csbew.com#Black_list_tmp.txt第61264行 存在层级冲突
tgc.flysleep.cn#Black_list_tmp.txt第260946行 与上级域名flysleep.cn#Black_list_tmp.txt第95126行 存在层级冲突
thebasiccompanies.actonservice.com#Black_list_tmp.txt第261217行 与上级域名actonservice.com#Black_list_tmp.txt第16241行 存在层级冲突
thebdx.actonservice.com#Black_list_tmp.txt第261218行 与上级域名actonservice.com#Black_list_tmp.txt第16241行 存在层级冲突
thecea.actonservice.com#Black_list_tmp.txt第261241行 与上级域名actonservice.com#Black_list_tmp.txt第16241行 存在层级冲突
thesearchagency.actonservice.com#Black_list_tmp.txt第261524行 与上级域名actonservice.com#Black_list_tmp.txt第16241行 存在层级冲突
thesuccessstars.actonservice.com#Black_list_tmp.txt第261545行 与上级域名actonservice.com#Black_list_tmp.txt第16241行 存在层级冲突
thirdparty.biliapi.com#Black_list_tmp.txt第261707行 与上级域名biliapi.com#Black_list_tmp.txt第40802行 存在层级冲突
thirdparty.bnc.lt#Black_list_tmp.txt第261708行 与上级域名bnc.lt#Black_list_tmp.txt第42478行 存在层级冲突
thomsonreuters.actonservice.com#Black_list_tmp.txt第261797行 与上级域名actonservice.com#Black_list_tmp.txt第16241行 存在层级冲突
thumb.fvs.io#Black_list_tmp.txt第262020行 与上级域名fvs.io#Black_list_tmp.txt第98306行 存在层级冲突
ticks2.bugsense.com#Black_list_tmp.txt第262213行 与上级域名bugsense.com#Black_list_tmp.txt第45378行 存在层级冲突
ticomix.actonservice.com#Black_list_tmp.txt第262219行 与上级域名actonservice.com#Black_list_tmp.txt第16241行 存在层级冲突
timit.mno.link#Black_list_tmp.txt第262588行 与上级域名mno.link#Black_list_tmp.txt第166687行 存在层级冲突
tips.logger.baofeng.com#Black_list_tmp.txt第262779行 与上级域名logger.baofeng.com#Black_list_tmp.txt第151438行 存在层级冲突
titan.guestworld.tripod.lycos.com#Black_list_tmp.txt第262859行 与上级域名guestworld.tripod.lycos.com#Black_list_tmp.txt第112761行 存在层级冲突
tj.ijinshan.com#Black_list_tmp.txt第262982行 与上级域名ijinshan.com#Black_list_tmp.txt第122678行 存在层级冲突
tjlog.easou.com#Black_list_tmp.txt第263057行 与上级域名easou.com#Black_list_tmp.txt第81809行 存在层级冲突
tjlog.ps.easou.com#Black_list_tmp.txt第263058行 与上级域名easou.com#Black_list_tmp.txt第81809行 存在层级冲突
tk.anythinktech.com#Black_list_tmp.txt第263210行 与上级域名anythinktech.com#Black_list_tmp.txt第27990行 存在层级冲突
tk.mossru.com#Black_list_tmp.txt第263292行 与上级域名mossru.com#Black_list_tmp.txt第168079行 存在层级冲突
tk.optaim.com#Black_list_tmp.txt第263297行 与上级域名optaim.com#Black_list_tmp.txt第182168行 存在层级冲突
tkda.anythinktech.com#Black_list_tmp.txt第263364行 与上级域名anythinktech.com#Black_list_tmp.txt第27990行 存在层级冲突
tkda.mossru.com#Black_list_tmp.txt第263365行 与上级域名mossru.com#Black_list_tmp.txt第168079行 存在层级冲突
tm.msgs.jp#Black_list_tmp.txt第263652行 与上级域名msgs.jp#Black_list_tmp.txt第168991行 存在层级冲突
tm.sigmob.cn#Black_list_tmp.txt第263659行 与上级域名sigmob.cn#Black_list_tmp.txt第226374行 存在层级冲突
tmaservice.developer.toutiao.com#Black_list_tmp.txt第263689行 与上级域名developer.toutiao.com#Black_list_tmp.txt第73609行 存在层级冲突
tmlt.actonservice.com#Black_list_tmp.txt第263776行 与上级域名actonservice.com#Black_list_tmp.txt第16241行 存在层级冲突
tnc3-aliec2.snssdk.com#Black_list_tmp.txt第263934行 与上级域名snssdk.com#Black_list_tmp.txt第232155行 存在层级冲突
tnc3-alisc1.snssdk.com#Black_list_tmp.txt第263939行 与上级域名snssdk.com#Black_list_tmp.txt第232155行 存在层级冲突
tnc3-bjlgy.snssdk.com#Black_list_tmp.txt第263946行 与上级域名snssdk.com#Black_list_tmp.txt第232155行 存在层级冲突
tnincvf1d1jl.de.themoneytizer.com#Black_list_tmp.txt第263989行 与上级域名themoneytizer.com#Black_list_tmp.txt第261398行 存在层级冲突
tobapplog.ctobsnssdk.com#Black_list_tmp.txt第264120行 与上级域名ctobsnssdk.com#Black_list_tmp.txt第61634行 存在层级冲突
toblog.ctobsnssdk.com#Black_list_tmp.txt第264126行 与上级域名ctobsnssdk.com#Black_list_tmp.txt第61634行 存在层级冲突
toblog.snssdk.com#Black_list_tmp.txt第264127行 与上级域名snssdk.com#Black_list_tmp.txt第232155行 存在层级冲突
token.rubiconproject.com#Black_list_tmp.txt第264272行 与上级域名rubiconproject.com#Black_list_tmp.txt第209799行 存在层级冲突
tongji.cn.miaozhen.com#Black_list_tmp.txt第264414行 与上级域名cn.miaozhen.com#Black_list_tmp.txt第55705行 存在层级冲突
tongji.cnzz.com#Black_list_tmp.txt第264415行 与上级域名cnzz.com#Black_list_tmp.txt第55958行 存在层级冲突
tongji.duote.com#Black_list_tmp.txt第264416行 与上级域名duote.com#Black_list_tmp.txt第79786行 存在层级冲突
tools.mouseflow.com#Black_list_tmp.txt第264524行 与上级域名mouseflow.com#Black_list_tmp.txt第168236行 存在层级冲突
toonboom.actonservice.com#Black_list_tmp.txt第264547行 与上级域名actonservice.com#Black_list_tmp.txt第16241行 存在层级冲突
toonboomanimation.actonservice.com#Black_list_tmp.txt第264548行 与上级域名actonservice.com#Black_list_tmp.txt第16241行 存在层级冲突
topapi.cp12.ott.cibntv.net#Black_list_tmp.txt第264645行 与上级域名ott.cibntv.net#Black_list_tmp.txt第183322行 存在层级冲突
touch.media-serving.com#Black_list_tmp.txt第264970行 与上级域名media-serving.com#Black_list_tmp.txt第160317行 存在层级冲突
touchtown.actonservice.com#Black_list_tmp.txt第264981行 与上级域名actonservice.com#Black_list_tmp.txt第16241行 存在层级冲突
tours.imlive.com#Black_list_tmp.txt第265025行 与上级域名imlive.com#Black_list_tmp.txt第124228行 存在层级冲突
toutiao-frontier.snssdk.com#Black_list_tmp.txt第265039行 与上级域名snssdk.com#Black_list_tmp.txt第232155行 存在层级冲突
towerfcu.actonservice.com#Black_list_tmp.txt第265077行 与上级域名actonservice.com#Black_list_tmp.txt第16241行 存在层级冲突
townsquareinteractive.actonservice.com#Black_list_tmp.txt第265095行 与上级域名actonservice.com#Black_list_tmp.txt第16241行 存在层级冲突
tp.convertiser.com#Black_list_tmp.txt第265141行 与上级域名convertiser.com#Black_list_tmp.txt第58643行 存在层级冲突
tp.hit.stat24.com#Black_list_tmp.txt第265155行 与上级域名stat24.com#Black_list_tmp.txt第248893行 存在层级冲突
tp4sul.jwzd.com.cn#Black_list_tmp.txt第265191行 与上级域名jwzd.com.cn#Black_list_tmp.txt第134529行 存在层级冲突
tpc.googlesyndication-cn.com#Black_list_tmp.txt第265221行 与上级域名googlesyndication-cn.com#Black_list_tmp.txt第105088行 存在层级冲突
tpc.googlesyndication.com#Black_list_tmp.txt第265222行 与上级域名googlesyndication.com#Black_list_tmp.txt第105089行 存在层级冲突
tpptv.ipdx.cn.miaozhen.com#Black_list_tmp.txt第265303行 与上级域名cn.miaozhen.com#Black_list_tmp.txt第55705行 存在层级冲突
tps-wlb-uswest.dvgtm.akadns.net#Black_list_tmp.txt第265307行 与上级域名dvgtm.akadns.net#Black_list_tmp.txt第79981行 存在层级冲突
tq.adventurefeeds.com#Black_list_tmp.txt第265408行 与上级域名adventurefeeds.com#Black_list_tmp.txt第21578行 存在层级冲突
tq.flowldsb.online#Black_list_tmp.txt第265430行 与上级域名flowldsb.online#Black_list_tmp.txt第94935行 存在层级冲突
tqd.ntpddq.com#Black_list_tmp.txt第265478行 与上级域名ntpddq.com#Black_list_tmp.txt第176903行 存在层级冲突
tr-asia.adsmoloco.com#Black_list_tmp.txt第265543行 与上级域名adsmoloco.com#Black_list_tmp.txt第20933行 存在层级冲突
tr-experiments.parsely.com#Black_list_tmp.txt第265547行 与上级域名parsely.com#Black_list_tmp.txt第186013行 存在层级冲突
tr.aasi.espmp-agfr.net#Black_list_tmp.txt第265564行 与上级域名espmp-agfr.net#Black_list_tmp.txt第87516行 存在层级冲突
tr.actiflip.devisdirect.com#Black_list_tmp.txt第265572行 与上级域名devisdirect.com#Black_list_tmp.txt第73649行 存在层级冲突
tr.afpa.espmp-cufr.net#Black_list_tmp.txt第265586行 与上级域名espmp-cufr.net#Black_list_tmp.txt第87518行 存在层级冲突
tr.alex.espmp-agfr.net#Black_list_tmp.txt第265590行 与上级域名espmp-agfr.net#Black_list_tmp.txt第87516行 存在层级冲突
tr.aoxinshangmao.xyz#Black_list_tmp.txt第265601行 与上级域名aoxinshangmao.xyz#Black_list_tmp.txt第28181行 存在层级冲突
tr.apou032.espmp-agfr.net#Black_list_tmp.txt第265605行 与上级域名espmp-agfr.net#Black_list_tmp.txt第87516行 存在层级冲突
tr.asp0010.espmp-nifr.net#Black_list_tmp.txt第265607行 与上级域名espmp-nifr.net#Black_list_tmp.txt第87519行 存在层级冲突
tr.asp0018.espmp-aufr.net#Black_list_tmp.txt第265608行 与上级域名espmp-aufr.net#Black_list_tmp.txt第87517行 存在层级冲突
tr.asp002q.espmp-aufr.net#Black_list_tmp.txt第265609行 与上级域名espmp-aufr.net#Black_list_tmp.txt第87517行 存在层级冲突
tr.asp002x.espmp-cufr.net#Black_list_tmp.txt第265610行 与上级域名espmp-cufr.net#Black_list_tmp.txt第87518行 存在层级冲突
tr.asp0085.espmp-nifr.net#Black_list_tmp.txt第265611行 与上级域名espmp-nifr.net#Black_list_tmp.txt第87519行 存在层级冲突
tr.asp008y.espmp-nifr.net#Black_list_tmp.txt第265612行 与上级域名espmp-nifr.net#Black_list_tmp.txt第87519行 存在层级冲突
tr.asp009j.espmp-aufr.net#Black_list_tmp.txt第265613行 与上级域名espmp-aufr.net#Black_list_tmp.txt第87517行 存在层级冲突
tr.asp009k.espmp-cufr.net#Black_list_tmp.txt第265614行 与上级域名espmp-cufr.net#Black_list_tmp.txt第87518行 存在层级冲突
tr.asp00a0.espmp-cufr.net#Black_list_tmp.txt第265615行 与上级域名espmp-cufr.net#Black_list_tmp.txt第87518行 存在层级冲突
tr.asp00a1.espmp-agfr.net#Black_list_tmp.txt第265616行 与上级域名espmp-agfr.net#Black_list_tmp.txt第87516行 存在层级冲突
tr.asp00a3.espmp-agfr.net#Black_list_tmp.txt第265617行 与上级域名espmp-agfr.net#Black_list_tmp.txt第87516行 存在层级冲突
tr.asp00a6.espmp-nifr.net#Black_list_tmp.txt第265618行 与上级域名espmp-nifr.net#Black_list_tmp.txt第87519行 存在层级冲突
tr.asp00ah.espmp-nifr.net#Black_list_tmp.txt第265619行 与上级域名espmp-nifr.net#Black_list_tmp.txt第87519行 存在层级冲突
tr.asp00am.espmp-cufr.net#Black_list_tmp.txt第265620行 与上级域名espmp-cufr.net#Black_list_tmp.txt第87518行 存在层级冲突
tr.asp1.espmp-agfr.net#Black_list_tmp.txt第265621行 与上级域名espmp-agfr.net#Black_list_tmp.txt第87516行 存在层级冲突
tr.asp102n.espmp-cufr.net#Black_list_tmp.txt第265622行 与上级域名espmp-cufr.net#Black_list_tmp.txt第87518行 存在层级冲突
tr.asp103z.espmp-nifr.net#Black_list_tmp.txt第265623行 与上级域名espmp-nifr.net#Black_list_tmp.txt第87519行 存在层级冲突
tr.asp104p.espmp-aufr.net#Black_list_tmp.txt第265624行 与上级域名espmp-aufr.net#Black_list_tmp.txt第87517行 存在层级冲突
tr.asp106d.espmp-cufr.net#Black_list_tmp.txt第265625行 与上级域名espmp-cufr.net#Black_list_tmp.txt第87518行 存在层级冲突
tr.asp106g.espmp-nifr.net#Black_list_tmp.txt第265626行 与上级域名espmp-nifr.net#Black_list_tmp.txt第87519行 存在层级冲突
tr.asp106m.espmp-agfr.net#Black_list_tmp.txt第265627行 与上级域名espmp-agfr.net#Black_list_tmp.txt第87516行 存在层级冲突
tr.asp108a.espmp-cufr.net#Black_list_tmp.txt第265628行 与上级域名espmp-cufr.net#Black_list_tmp.txt第87518行 存在层级冲突
tr.asp1098.espmp-cufr.net#Black_list_tmp.txt第265629行 与上级域名espmp-cufr.net#Black_list_tmp.txt第87518行 存在层级冲突
tr.asp109c.espmp-aufr.net#Black_list_tmp.txt第265630行 与上级域名espmp-aufr.net#Black_list_tmp.txt第87517行 存在层级冲突
tr.asp109e.espmp-cufr.net#Black_list_tmp.txt第265631行 与上级域名espmp-cufr.net#Black_list_tmp.txt第87518行 存在层级冲突
tr.asp109y.espmp-agfr.net#Black_list_tmp.txt第265632行 与上级域名espmp-agfr.net#Black_list_tmp.txt第87516行 存在层级冲突
tr.asp10a7.espmp-aufr.net#Black_list_tmp.txt第265633行 与上级域名espmp-aufr.net#Black_list_tmp.txt第87517行 存在层级冲突
tr.asp10ai.espmp-nifr.net#Black_list_tmp.txt第265634行 与上级域名espmp-nifr.net#Black_list_tmp.txt第87519行 存在层级冲突
tr.asp10ap.espmp-nifr.net#Black_list_tmp.txt第265635行 与上级域名espmp-nifr.net#Black_list_tmp.txt第87519行 存在层级冲突
tr.asp10ar.espmp-cufr.net#Black_list_tmp.txt第265636行 与上级域名espmp-cufr.net#Black_list_tmp.txt第87518行 存在层级冲突
tr.asp10b3.espmp-agfr.net#Black_list_tmp.txt第265637行 与上级域名espmp-agfr.net#Black_list_tmp.txt第87516行 存在层级冲突
tr.asp10bq.espmp-nifr.net#Black_list_tmp.txt第265638行 与上级域名espmp-nifr.net#Black_list_tmp.txt第87519行 存在层级冲突
tr.asp10bs.espmp-aufr.net#Black_list_tmp.txt第265639行 与上级域名espmp-aufr.net#Black_list_tmp.txt第87517行 存在层级冲突
tr.asp10c8.espmp-agfr.net#Black_list_tmp.txt第265640行 与上级域名espmp-agfr.net#Black_list_tmp.txt第87516行 存在层级冲突
tr.asp10cc.espmp-nifr.net#Black_list_tmp.txt第265641行 与上级域名espmp-nifr.net#Black_list_tmp.txt第87519行 存在层级冲突
tr.asp10cg.espmp-nifr.net#Black_list_tmp.txt第265642行 与上级域名espmp-nifr.net#Black_list_tmp.txt第87519行 存在层级冲突
tr.asp10ch.espmp-nifr.net#Black_list_tmp.txt第265643行 与上级域名espmp-nifr.net#Black_list_tmp.txt第87519行 存在层级冲突
tr.asp10cr.espmp-nifr.net#Black_list_tmp.txt第265644行 与上级域名espmp-nifr.net#Black_list_tmp.txt第87519行 存在层级冲突
tr.asp10d7.espmp-nifr.net#Black_list_tmp.txt第265645行 与上级域名espmp-nifr.net#Black_list_tmp.txt第87519行 存在层级冲突
tr.asp10de.espmp-agfr.net#Black_list_tmp.txt第265646行 与上级域名espmp-agfr.net#Black_list_tmp.txt第87516行 存在层级冲突
tr.asp10df.espmp-agfr.net#Black_list_tmp.txt第265647行 与上级域名espmp-agfr.net#Black_list_tmp.txt第87516行 存在层级冲突
tr.asp10dq.espmp-nifr.net#Black_list_tmp.txt第265648行 与上级域名espmp-nifr.net#Black_list_tmp.txt第87519行 存在层级冲突
tr.asp10dx.espmp-nifr.net#Black_list_tmp.txt第265649行 与上级域名espmp-nifr.net#Black_list_tmp.txt第87519行 存在层级冲突
tr.asp10ea.espmp-nifr.net#Black_list_tmp.txt第265650行 与上级域名espmp-nifr.net#Black_list_tmp.txt第87519行 存在层级冲突
tr.asp10f5.espmp-agfr.net#Black_list_tmp.txt第265651行 与上级域名espmp-agfr.net#Black_list_tmp.txt第87516行 存在层级冲突
tr.asp10f6.espmp-agfr.net#Black_list_tmp.txt第265652行 与上级域名espmp-agfr.net#Black_list_tmp.txt第87516行 存在层级冲突
tr.asp10fa.espmp-cufr.net#Black_list_tmp.txt第265653行 与上级域名espmp-cufr.net#Black_list_tmp.txt第87518行 存在层级冲突
tr.asp10fg.espmp-aufr.net#Black_list_tmp.txt第265654行 与上级域名espmp-aufr.net#Black_list_tmp.txt第87517行 存在层级冲突
tr.asp10fl.espmp-nifr.net#Black_list_tmp.txt第265655行 与上级域名espmp-nifr.net#Black_list_tmp.txt第87519行 存在层级冲突
tr.asp10fo.espmp-nifr.net#Black_list_tmp.txt第265656行 与上级域名espmp-nifr.net#Black_list_tmp.txt第87519行 存在层级冲突
tr.asp10fp.espmp-nifr.net#Black_list_tmp.txt第265657行 与上级域名espmp-nifr.net#Black_list_tmp.txt第87519行 存在层级冲突
tr.asp10fx.espmp-cufr.net#Black_list_tmp.txt第265658行 与上级域名espmp-cufr.net#Black_list_tmp.txt第87518行 存在层级冲突
tr.asp10ga.espmp-nifr.net#Black_list_tmp.txt第265659行 与上级域名espmp-nifr.net#Black_list_tmp.txt第87519行 存在层级冲突
tr.asp10ge.espmp-nifr.net#Black_list_tmp.txt第265660行 与上级域名espmp-nifr.net#Black_list_tmp.txt第87519行 存在层级冲突
tr.asp10h2.espmp-nifr.net#Black_list_tmp.txt第265661行 与上级域名espmp-nifr.net#Black_list_tmp.txt第87519行 存在层级冲突
tr.asp10hc.espmp-aufr.net#Black_list_tmp.txt第265662行 与上级域名espmp-aufr.net#Black_list_tmp.txt第87517行 存在层级冲突
tr.asp10hg.espmp-cufr.net#Black_list_tmp.txt第265663行 与上级域名espmp-cufr.net#Black_list_tmp.txt第87518行 存在层级冲突
tr.asp10hi.espmp-cufr.net#Black_list_tmp.txt第265664行 与上级域名espmp-cufr.net#Black_list_tmp.txt第87518行 存在层级冲突
tr.asp10hj.espmp-pofr.net#Black_list_tmp.txt第265665行 与上级域名espmp-pofr.net#Black_list_tmp.txt第87520行 存在层级冲突
tr.asp10if.espmp-cufr.net#Black_list_tmp.txt第265666行 与上级域名espmp-cufr.net#Black_list_tmp.txt第87518行 存在层级冲突
tr.asp2.espmp-agfr.net#Black_list_tmp.txt第265667行 与上级域名espmp-agfr.net#Black_list_tmp.txt第87516行 存在层级冲突
tr.asp202u.espmp-cufr.net#Black_list_tmp.txt第265668行 与上级域名espmp-cufr.net#Black_list_tmp.txt第87518行 存在层级冲突
tr.asp2032.espmp-aufr.net#Black_list_tmp.txt第265669行 与上级域名espmp-aufr.net#Black_list_tmp.txt第87517行 存在层级冲突
tr.asp2035.espmp-nifr.net#Black_list_tmp.txt第265670行 与上级域名espmp-nifr.net#Black_list_tmp.txt第87519行 存在层级冲突
tr.asp203m.espmp-cufr.net#Black_list_tmp.txt第265671行 与上级域名espmp-cufr.net#Black_list_tmp.txt第87518行 存在层级冲突
tr.asp2045.espmp-nifr.net#Black_list_tmp.txt第265672行 与上级域名espmp-nifr.net#Black_list_tmp.txt第87519行 存在层级冲突
tr.asp204q.espmp-cufr.net#Black_list_tmp.txt第265673行 与上级域名espmp-cufr.net#Black_list_tmp.txt第87518行 存在层级冲突
tr.asp205a.espmp-cufr.net#Black_list_tmp.txt第265674行 与上级域名espmp-cufr.net#Black_list_tmp.txt第87518行 存在层级冲突
tr.asp2063.espmp-nifr.net#Black_list_tmp.txt第265675行 与上级域名espmp-nifr.net#Black_list_tmp.txt第87519行 存在层级冲突
tr.asp206k.espmp-agfr.net#Black_list_tmp.txt第265676行 与上级域名espmp-agfr.net#Black_list_tmp.txt第87516行 存在层级冲突
tr.asp2070.espmp-aufr.net#Black_list_tmp.txt第265677行 与上级域名espmp-aufr.net#Black_list_tmp.txt第87517行 存在层级冲突
tr.asp2075.espmp-nifr.net#Black_list_tmp.txt第265678行 与上级域名espmp-nifr.net#Black_list_tmp.txt第87519行 存在层级冲突
tr.asp2076.espmp-pofr.net#Black_list_tmp.txt第265679行 与上级域名espmp-pofr.net#Black_list_tmp.txt第87520行 存在层级冲突
tr.asp2077.espmp-nifr.net#Black_list_tmp.txt第265680行 与上级域名espmp-nifr.net#Black_list_tmp.txt第87519行 存在层级冲突
tr.asp2078.espmp-nifr.net#Black_list_tmp.txt第265681行 与上级域名espmp-nifr.net#Black_list_tmp.txt第87519行 存在层级冲突
tr.asp207e.espmp-nifr.net#Black_list_tmp.txt第265682行 与上级域名espmp-nifr.net#Black_list_tmp.txt第87519行 存在层级冲突
tr.asp207f.espmp-cufr.net#Black_list_tmp.txt第265683行 与上级域名espmp-cufr.net#Black_list_tmp.txt第87518行 存在层级冲突
tr.axa-millesimes.espmp-aufr.net#Black_list_tmp.txt第265689行 与上级域名espmp-aufr.net#Black_list_tmp.txt第87517行 存在层级冲突
tr.axa.espmp-aufr.net#Black_list_tmp.txt第265690行 与上级域名espmp-aufr.net#Black_list_tmp.txt第87517行 存在层级冲突
tr.b2d1.espmp-agfr.net#Black_list_tmp.txt第265691行 与上级域名espmp-agfr.net#Black_list_tmp.txt第87516行 存在层级冲突
tr.b2d1068.espmp-nifr.net#Black_list_tmp.txt第265692行 与上级域名espmp-nifr.net#Black_list_tmp.txt第87519行 存在层级冲突
tr.b2d106z.espmp-aufr.net#Black_list_tmp.txt第265693行 与上级域名espmp-aufr.net#Black_list_tmp.txt第87517行 存在层级冲突
tr.b2d107b.espmp-aufr.net#Black_list_tmp.txt第265694行 与上级域名espmp-aufr.net#Black_list_tmp.txt第87517行 存在层级冲突
tr.bern.espmp-nifr.net#Black_list_tmp.txt第265700行 与上级域名espmp-nifr.net#Black_list_tmp.txt第87519行 存在层级冲突
tr.bobo.espmp-cufr.net#Black_list_tmp.txt第265707行 与上级域名espmp-cufr.net#Black_list_tmp.txt第87518行 存在层级冲突
tr.bodet.devisdirect.com#Black_list_tmp.txt第265708行 与上级域名devisdirect.com#Black_list_tmp.txt第73649行 存在层级冲突
tr.bouyguestelecom.espmp-aufr.net#Black_list_tmp.txt第265712行 与上级域名espmp-aufr.net#Black_list_tmp.txt第87517行 存在层级冲突
tr.bureauveritas.espmp-aufr.net#Black_list_tmp.txt第265731行 与上级域名espmp-aufr.net#Black_list_tmp.txt第87517行 存在层级冲突
tr.capu.espmp-agfr.net#Black_list_tmp.txt第265750行 与上级域名espmp-agfr.net#Black_list_tmp.txt第87516行 存在层级冲突
tr.carl.espmp-cufr.net#Black_list_tmp.txt第265751行 与上级域名espmp-cufr.net#Black_list_tmp.txt第87518行 存在层级冲突
tr.cart02d.espmp-agfr.net#Black_list_tmp.txt第265752行 与上级域名espmp-agfr.net#Black_list_tmp.txt第87516行 存在层级冲突
tr.cclx.espmp-agfr.net#Black_list_tmp.txt第265760行 与上级域名espmp-agfr.net#Black_list_tmp.txt第87516行 存在层级冲突
tr.cifa.espmp-nifr.net#Black_list_tmp.txt第265768行 与上级域名espmp-nifr.net#Black_list_tmp.txt第87519行 存在层级冲突
tr.cifa02b.espmp-aufr.net#Black_list_tmp.txt第265769行 与上级域名espmp-aufr.net#Black_list_tmp.txt第87517行 存在层级冲突
tr.cifa02d.espmp-aufr.net#Black_list_tmp.txt第265770行 与上级域名espmp-aufr.net#Black_list_tmp.txt第87517行 存在层级冲突
tr.cifa02k.espmp-aufr.net#Black_list_tmp.txt第265771行 与上级域名espmp-aufr.net#Black_list_tmp.txt第87517行 存在层级冲突
tr.cifa02l.espmp-nifr.net#Black_list_tmp.txt第265772行 与上级域名espmp-nifr.net#Black_list_tmp.txt第87519行 存在层级冲突
tr.cnaf.espmp-nifr.net#Black_list_tmp.txt第265792行 与上级域名espmp-nifr.net#Black_list_tmp.txt第87519行 存在层级冲突
tr.cogedim.espmp-agfr.net#Black_list_tmp.txt第265795行 与上级域名espmp-agfr.net#Black_list_tmp.txt第87516行 存在层级冲突
tr.crtl.espmp-aufr.net#Black_list_tmp.txt第265878行 与上级域名espmp-aufr.net#Black_list_tmp.txt第87517行 存在层级冲突
tr.datacom.espmp-pofr.net#Black_list_tmp.txt第265885行 与上级域名espmp-pofr.net#Black_list_tmp.txt第87520行 存在层级冲突
tr.djay.espmp-agfr.net#Black_list_tmp.txt第265932行 与上级域名espmp-agfr.net#Black_list_tmp.txt第87516行 存在层级冲突
tr.ecologie-shop.espmp-agfr.net#Black_list_tmp.txt第265957行 与上级域名espmp-agfr.net#Black_list_tmp.txt第87516行 存在层级冲突
tr.envie-de-bien-manger.espmp-aufr.net#Black_list_tmp.txt第266034行 与上级域名espmp-aufr.net#Black_list_tmp.txt第87517行 存在层级冲突
tr.espmp-agfr.net#Black_list_tmp.txt第266038行 与上级域名espmp-agfr.net#Black_list_tmp.txt第87516行 存在层级冲突
tr.fg3p.espmp-cufr.net#Black_list_tmp.txt第266052行 与上级域名espmp-cufr.net#Black_list_tmp.txt第87518行 存在层级冲突
tr.gen.espmp-agfr.net#Black_list_tmp.txt第266071行 与上级域名espmp-agfr.net#Black_list_tmp.txt第87516行 存在层级冲突
tr.gplus.espmp-nifr.net#Black_list_tmp.txt第266095行 与上级域名espmp-nifr.net#Black_list_tmp.txt第87519行 存在层级冲突
tr.grez.espmp-nifr.net#Black_list_tmp.txt第266096行 与上级域名espmp-nifr.net#Black_list_tmp.txt第87519行 存在层级冲突
tr.hmut.espmp-agfr.net#Black_list_tmp.txt第266108行 与上级域名espmp-agfr.net#Black_list_tmp.txt第87516行 存在层级冲突
tr.iadsdk.apple.com#Black_list_tmp.txt第266112行 与上级域名iadsdk.apple.com#Black_list_tmp.txt第121201行 存在层级冲突
tr.jend.espmp-pofr.net#Black_list_tmp.txt第266250行 与上级域名espmp-pofr.net#Black_list_tmp.txt第87520行 存在层级冲突
tr.jimb.espmp-cufr.net#Black_list_tmp.txt第266256行 与上级域名espmp-cufr.net#Black_list_tmp.txt第87518行 存在层级冲突
tr.jkcd.espmp-cufr.net#Black_list_tmp.txt第266257行 与上级域名espmp-cufr.net#Black_list_tmp.txt第87518行 存在层级冲突
tr.jkcd.espmp-pofr.net#Black_list_tmp.txt第266258行 与上级域名espmp-pofr.net#Black_list_tmp.txt第87520行 存在层级冲突
tr.jkyg.espmp-cufr.net#Black_list_tmp.txt第266259行 与上级域名espmp-cufr.net#Black_list_tmp.txt第87518行 存在层级冲突
tr.kang.espmp-cufr.net#Black_list_tmp.txt第266263行 与上级域名espmp-cufr.net#Black_list_tmp.txt第87518行 存在层级冲突
tr.kedf.espmp-nifr.net#Black_list_tmp.txt第266264行 与上级域名espmp-nifr.net#Black_list_tmp.txt第87519行 存在层级冲突
tr.klse.espmp-agfr.net#Black_list_tmp.txt第266265行 与上级域名espmp-agfr.net#Black_list_tmp.txt第87516行 存在层级冲突
tr.kpfc.espmp-nifr.net#Black_list_tmp.txt第266268行 与上级域名espmp-nifr.net#Black_list_tmp.txt第87519行 存在层级冲突
tr.kpyn.espmp-cufr.net#Black_list_tmp.txt第266269行 与上级域名espmp-cufr.net#Black_list_tmp.txt第87518行 存在层级冲突
tr.kpyn02a.espmp-cufr.net#Black_list_tmp.txt第266270行 与上级域名espmp-cufr.net#Black_list_tmp.txt第87518行 存在层级冲突
tr.kpyn02f.espmp-cufr.net#Black_list_tmp.txt第266271行 与上级域名espmp-cufr.net#Black_list_tmp.txt第87518行 存在层级冲突
tr.kpyn059.espmp-pofr.net#Black_list_tmp.txt第266272行 与上级域名espmp-pofr.net#Black_list_tmp.txt第87520行 存在层级冲突
tr.krus.espmp-agfr.net#Black_list_tmp.txt第266273行 与上级域名espmp-agfr.net#Black_list_tmp.txt第87516行 存在层级冲突
tr.lbar.espmp-agfr.net#Black_list_tmp.txt第266277行 与上级域名espmp-agfr.net#Black_list_tmp.txt第87516行 存在层级冲突
tr.leyravaud.devisdirect.com#Black_list_tmp.txt第266286行 与上级域名devisdirect.com#Black_list_tmp.txt第73649行 存在层级冲突
tr.liberation.espmp-aufr.net#Black_list_tmp.txt第266287行 与上级域名espmp-aufr.net#Black_list_tmp.txt第87517行 存在层级冲突
tr.livrephoto.espmp-aufr.net#Black_list_tmp.txt第266289行 与上级域名espmp-aufr.net#Black_list_tmp.txt第87517行 存在层级冲突
tr.ltbu.espmp-nifr.net#Black_list_tmp.txt第266294行 与上级域名espmp-nifr.net#Black_list_tmp.txt第87519行 存在层级冲突
tr.ltbu02o.espmp-agfr.net#Black_list_tmp.txt第266295行 与上级域名espmp-agfr.net#Black_list_tmp.txt第87516行 存在层级冲突
tr.marg02n.espmp-agfr.net#Black_list_tmp.txt第266333行 与上级域名espmp-agfr.net#Black_list_tmp.txt第87516行 存在层级冲突
tr.marsflag.com#Black_list_tmp.txt第266342行 与上级域名marsflag.com#Black_list_tmp.txt第158684行 存在层级冲突
tr.mart.espmp-agfr.net#Black_list_tmp.txt第266343行 与上级域名espmp-agfr.net#Black_list_tmp.txt第87516行 存在层级冲突
tr.mcom03b.espmp-aufr.net#Black_list_tmp.txt第266345行 与上级域名espmp-aufr.net#Black_list_tmp.txt第87517行 存在层级冲突
tr.mcom04p.espmp-aufr.net#Black_list_tmp.txt第266346行 与上级域名espmp-aufr.net#Black_list_tmp.txt第87517行 存在层级冲突
tr.medproad.com#Black_list_tmp.txt第266349行 与上级域名medproad.com#Black_list_tmp.txt第160622行 存在层级冲突
tr.mika.espmp-nifr.net#Black_list_tmp.txt第266372行 与上级域名espmp-nifr.net#Black_list_tmp.txt第87519行 存在层级冲突
tr.mnoc.espmp-nifr.net#Black_list_tmp.txt第266378行 与上级域名espmp-nifr.net#Black_list_tmp.txt第87519行 存在层级冲突
tr.mnpd.espmp-agfr.net#Black_list_tmp.txt第266379行 与上级域名espmp-agfr.net#Black_list_tmp.txt第87516行 存在层级冲突
tr.moes.espmp-agfr.net#Black_list_tmp.txt第266381行 与上级域名espmp-agfr.net#Black_list_tmp.txt第87516行 存在层级冲突
tr.mrls.espmp-agfr.net#Black_list_tmp.txt第266395行 与上级域名espmp-agfr.net#Black_list_tmp.txt第87516行 存在层级冲突
tr.nati02d.espmp-aufr.net#Black_list_tmp.txt第266406行 与上级域名espmp-aufr.net#Black_list_tmp.txt第87517行 存在层级冲突
tr.news.devisdirect.com#Black_list_tmp.txt第266475行 与上级域名devisdirect.com#Black_list_tmp.txt第73649行 存在层级冲突
tr.nmcm.espmp-cufr.net#Black_list_tmp.txt第266673行 与上级域名espmp-cufr.net#Black_list_tmp.txt第87518行 存在层级冲突
tr.offre.devisdirect.com#Black_list_tmp.txt第266704行 与上级域名devisdirect.com#Black_list_tmp.txt第73649行 存在层级冲突
tr.ojxm.espmp-aufr.net#Black_list_tmp.txt第266710行 与上级域名espmp-aufr.net#Black_list_tmp.txt第87517行 存在层级冲突
tr.outbrain.com#Black_list_tmp.txt第266719行 与上级域名outbrain.com#Black_list_tmp.txt第183618行 存在层级冲突
tr.oxatis.devisdirect.com#Black_list_tmp.txt第266720行 与上级域名devisdirect.com#Black_list_tmp.txt第73649行 存在层级冲突
tr.p.360.cn#Black_list_tmp.txt第266721行 与上级域名360.cn#Black_list_tmp.txt第4252行 存在层级冲突
tr.phjk.espmp-nifr.net#Black_list_tmp.txt第266732行 与上级域名espmp-nifr.net#Black_list_tmp.txt第87519行 存在层级冲突
tr.pixe.espmp-cufr.net#Black_list_tmp.txt第266733行 与上级域名espmp-cufr.net#Black_list_tmp.txt第87518行 存在层级冲突
tr.ps.espmp-agfr.net#Black_list_tmp.txt第266766行 与上级域名espmp-agfr.net#Black_list_tmp.txt第87516行 存在层级冲突
tr.publicisdrugstore.espmp-agfr.net#Black_list_tmp.txt第266768行 与上级域名espmp-agfr.net#Black_list_tmp.txt第87516行 存在层级冲突
tr.ratm.espmp-agfr.net#Black_list_tmp.txt第266783行 与上级域名espmp-agfr.net#Black_list_tmp.txt第87516行 存在层级冲突
tr.raym.espmp-agfr.net#Black_list_tmp.txt第266784行 与上级域名espmp-agfr.net#Black_list_tmp.txt第87516行 存在层级冲突
tr.roxi02e.espmp-agfr.net#Black_list_tmp.txt第266804行 与上级域名espmp-agfr.net#Black_list_tmp.txt第87516行 存在层级冲突
tr.sash.espmp-aufr.net#Black_list_tmp.txt第266808行 与上级域名espmp-aufr.net#Black_list_tmp.txt第87517行 存在层级冲突
tr.sash02g.espmp-nifr.net#Black_list_tmp.txt第266809行 与上级域名espmp-nifr.net#Black_list_tmp.txt第87519行 存在层级冲突
tr.sfr.espmp-aufr.net#Black_list_tmp.txt第266842行 与上级域名espmp-aufr.net#Black_list_tmp.txt第87517行 存在层级冲突
tr.sgjk.espmp-aufr.net#Black_list_tmp.txt第266843行 与上级域名espmp-aufr.net#Black_list_tmp.txt第87517行 存在层级冲突
tr.skin.espmp-agfr.net#Black_list_tmp.txt第266848行 与上级域名espmp-agfr.net#Black_list_tmp.txt第87516行 存在层级冲突
tr.sort.espmp-nifr.net#Black_list_tmp.txt第266854行 与上级域名espmp-nifr.net#Black_list_tmp.txt第87519行 存在层级冲突
tr.ssp.bance.jp#Black_list_tmp.txt第266858行 与上级域名bance.jp#Black_list_tmp.txt第36950行 存在层级冲突
tr.tdgx.espmp-cufr.net#Black_list_tmp.txt第266871行 与上级域名espmp-cufr.net#Black_list_tmp.txt第87518行 存在层级冲突
tr.ujsv.espmp-agfr.net#Black_list_tmp.txt第266890行 与上级域名espmp-agfr.net#Black_list_tmp.txt第87516行 存在层级冲突
tr.urfk.espmp-agfr.net#Black_list_tmp.txt第266895行 与上级域名espmp-agfr.net#Black_list_tmp.txt第87516行 存在层级冲突
tr.urfk02r.espmp-nifr.net#Black_list_tmp.txt第266896行 与上级域名espmp-nifr.net#Black_list_tmp.txt第87519行 存在层级冲突
tr.urfk02t.espmp-agfr.net#Black_list_tmp.txt第266897行 与上级域名espmp-agfr.net#Black_list_tmp.txt第87516行 存在层级冲突
tr.urfk02v.espmp-cufr.net#Black_list_tmp.txt第266898行 与上级域名espmp-cufr.net#Black_list_tmp.txt第87518行 存在层级冲突
tr.urfk02z.espmp-nifr.net#Black_list_tmp.txt第266899行 与上级域名espmp-nifr.net#Black_list_tmp.txt第87519行 存在层级冲突
tr.urfk03c.espmp-nifr.net#Black_list_tmp.txt第266900行 与上级域名espmp-nifr.net#Black_list_tmp.txt第87519行 存在层级冲突
tr.urfk03h.espmp-nifr.net#Black_list_tmp.txt第266901行 与上级域名espmp-nifr.net#Black_list_tmp.txt第87519行 存在层级冲突
tr.urfk03k.espmp-agfr.net#Black_list_tmp.txt第266902行 与上级域名espmp-agfr.net#Black_list_tmp.txt第87516行 存在层级冲突
tr.urfk03q.espmp-nifr.net#Black_list_tmp.txt第266903行 与上级域名espmp-nifr.net#Black_list_tmp.txt第87519行 存在层级冲突
tr.urfk03u.espmp-nifr.net#Black_list_tmp.txt第266904行 与上级域名espmp-nifr.net#Black_list_tmp.txt第87519行 存在层级冲突
tr.urfk03x.espmp-agfr.net#Black_list_tmp.txt第266905行 与上级域名espmp-agfr.net#Black_list_tmp.txt第87516行 存在层级冲突
tr.urfk041.espmp-cufr.net#Black_list_tmp.txt第266906行 与上级域名espmp-cufr.net#Black_list_tmp.txt第87518行 存在层级冲突
tr.urfk042.espmp-nifr.net#Black_list_tmp.txt第266907行 与上级域名espmp-nifr.net#Black_list_tmp.txt第87519行 存在层级冲突
tr.urfk044.espmp-nifr.net#Black_list_tmp.txt第266908行 与上级域名espmp-nifr.net#Black_list_tmp.txt第87519行 存在层级冲突
tr.urfk050.espmp-cufr.net#Black_list_tmp.txt第266909行 与上级域名espmp-cufr.net#Black_list_tmp.txt第87518行 存在层级冲突
tr.urfk052.espmp-cufr.net#Black_list_tmp.txt第266910行 与上级域名espmp-cufr.net#Black_list_tmp.txt第87518行 存在层级冲突
tr.urfk057.espmp-aufr.net#Black_list_tmp.txt第266911行 与上级域名espmp-aufr.net#Black_list_tmp.txt第87517行 存在层级冲突
tr.urfk05g.espmp-agfr.net#Black_list_tmp.txt第266912行 与上级域名espmp-agfr.net#Black_list_tmp.txt第87516行 存在层级冲突
tr.urfk05l.espmp-nifr.net#Black_list_tmp.txt第266913行 与上级域名espmp-nifr.net#Black_list_tmp.txt第87519行 存在层级冲突
tr.urfk05o.espmp-pofr.net#Black_list_tmp.txt第266914行 与上级域名espmp-pofr.net#Black_list_tmp.txt第87520行 存在层级冲突
tr.urfk06h.espmp-nifr.net#Black_list_tmp.txt第266915行 与上级域名espmp-nifr.net#Black_list_tmp.txt第87519行 存在层级冲突
tr.urfk06n.espmp-nifr.net#Black_list_tmp.txt第266916行 与上级域名espmp-nifr.net#Black_list_tmp.txt第87519行 存在层级冲突
tr.urfk06o.espmp-agfr.net#Black_list_tmp.txt第266917行 与上级域名espmp-agfr.net#Black_list_tmp.txt第87516行 存在层级冲突
tr.urfk06x.espmp-cufr.net#Black_list_tmp.txt第266918行 与上级域名espmp-cufr.net#Black_list_tmp.txt第87518行 存在层级冲突
tr.urfk06y.espmp-nifr.net#Black_list_tmp.txt第266919行 与上级域名espmp-nifr.net#Black_list_tmp.txt第87519行 存在层级冲突
tr.urfk07j.espmp-nifr.net#Black_list_tmp.txt第266920行 与上级域名espmp-nifr.net#Black_list_tmp.txt第87519行 存在层级冲突
tr.urfk07r.espmp-agfr.net#Black_list_tmp.txt第266921行 与上级域名espmp-agfr.net#Black_list_tmp.txt第87516行 存在层级冲突
tr.urfk07s.espmp-nifr.net#Black_list_tmp.txt第266922行 与上级域名espmp-nifr.net#Black_list_tmp.txt第87519行 存在层级冲突
tr.urfk080.espmp-agfr.net#Black_list_tmp.txt第266923行 与上级域名espmp-agfr.net#Black_list_tmp.txt第87516行 存在层级冲突
tr.urfk08c.espmp-cufr.net#Black_list_tmp.txt第266924行 与上级域名espmp-cufr.net#Black_list_tmp.txt第87518行 存在层级冲突
tr.vf7n.espmp-agfr.net#Black_list_tmp.txt第266928行 与上级域名espmp-agfr.net#Black_list_tmp.txt第87516行 存在层级冲突
tr.wuei.espmp-agfr.net#Black_list_tmp.txt第266963行 与上级域名espmp-agfr.net#Black_list_tmp.txt第87516行 存在层级冲突
trace-api.aiclk.com#Black_list_tmp.txt第267035行 与上级域名aiclk.com#Black_list_tmp.txt第23786行 存在层级冲突
trace.aqyad.com#Black_list_tmp.txt第267038行 与上级域名aqyad.com#Black_list_tmp.txt第31886行 存在层级冲突
trace.mediago.io#Black_list_tmp.txt第267045行 与上级域名mediago.io#Black_list_tmp.txt第160457行 存在层级冲突
trace.popin.cc#Black_list_tmp.txt第267047行 与上级域名popin.cc#Black_list_tmp.txt第192466行 存在层级冲突
trace.rtbasia.com#Black_list_tmp.txt第267050行 与上级域名rtbasia.com#Black_list_tmp.txt第209421行 存在层级冲突
tracelog-debug.aiclk.com#Black_list_tmp.txt第267061行 与上级域名aiclk.com#Black_list_tmp.txt第23786行 存在层级冲突
track-dsp.adwangmai.com#Black_list_tmp.txt第267086行 与上级域名adwangmai.com#Black_list_tmp.txt第21764行 存在层级冲突
track-east.mobileadtrading.com#Black_list_tmp.txt第267090行 与上级域名mobileadtrading.com#Black_list_tmp.txt第166982行 存在层级冲突
track.360playvid.info#Black_list_tmp.txt第267115行 与上级域名360playvid.info#Black_list_tmp.txt第4288行 存在层级冲突
track.absoluteclickscom.com#Black_list_tmp.txt第267133行 与上级域名absoluteclickscom.com#Black_list_tmp.txt第15232行 存在层级冲突
track.ad.xiaomi.com#Black_list_tmp.txt第267138行 与上级域名ad.xiaomi.com#Black_list_tmp.txt第17120行 存在层级冲突
track.adoptim.com#Black_list_tmp.txt第267142行 与上级域名adoptim.com#Black_list_tmp.txt第19098行 存在层级冲突
track.appsflyer.com#Black_list_tmp.txt第267174行 与上级域名appsflyer.com#Black_list_tmp.txt第31587行 存在层级冲突
track.bcvc.mobi#Black_list_tmp.txt第267206行 与上级域名bcvc.mobi#Black_list_tmp.txt第38135行 存在层级冲突
track.bcvcmedia.com#Black_list_tmp.txt第267207行 与上级域名bcvcmedia.com#Black_list_tmp.txt第38136行 存在层级冲突
track.cam4tracking.com#Black_list_tmp.txt第267253行 与上级域名cam4tracking.com#Black_list_tmp.txt第47865行 存在层级冲突
track.customer.io#Black_list_tmp.txt第267332行 与上级域名customer.io#Black_list_tmp.txt第62353行 存在层级冲突
track.dragonparking.com#Black_list_tmp.txt第267388行 与上级域名dragonparking.com#Black_list_tmp.txt第78144行 存在层级冲突
track.eadv.it#Black_list_tmp.txt第267399行 与上级域名eadv.it#Black_list_tmp.txt第81620行 存在层级冲突
track.emerse.com#Black_list_tmp.txt第267422行 与上级域名emerse.com#Black_list_tmp.txt第85382行 存在层级冲突
track.gxb.cnzz.com#Black_list_tmp.txt第267532行 与上级域名cnzz.com#Black_list_tmp.txt第55958行 存在层级冲突
track.healthcare-distribution.com#Black_list_tmp.txt第267538行 与上级域名healthcare-distribution.com#Black_list_tmp.txt第115547行 存在层级冲突
track.hg.healthgrades.com#Black_list_tmp.txt第267548行 与上级域名healthgrades.com#Black_list_tmp.txt第115558行 存在层级冲突
track.juzijinke.com#Black_list_tmp.txt第267629行 与上级域名juzijinke.com#Black_list_tmp.txt第134315行 存在层级冲突
track.kinetiksoft.com#Black_list_tmp.txt第267642行 与上级域名kinetiksoft.com#Black_list_tmp.txt第136809行 存在层级冲突
track.loan-ad.cn#Black_list_tmp.txt第267684行 与上级域名loan-ad.cn#Black_list_tmp.txt第150730行 存在层级冲突
track.mailerlite.com#Black_list_tmp.txt第267701行 与上级域名mailerlite.com#Black_list_tmp.txt第155955行 存在层级冲突
track.mediav.com#Black_list_tmp.txt第267720行 与上级域名mediav.com#Black_list_tmp.txt第160540行 存在层级冲突
track.noddus.com#Black_list_tmp.txt第267820行 与上级域名noddus.com#Black_list_tmp.txt第175553行 存在层级冲突
track.pexi.nl#Black_list_tmp.txt第267858行 与上级域名pexi.nl#Black_list_tmp.txt第188535行 存在层级冲突
track.ra.icast.cn#Black_list_tmp.txt第267897行 与上级域名icast.cn#Black_list_tmp.txt第121471行 存在层级冲突
track.ranfenghd.com#Black_list_tmp.txt第267900行 与上级域名ranfenghd.com#Black_list_tmp.txt第202245行 存在层级冲突
track.searchignite.com#Black_list_tmp.txt第267944行 与上级域名searchignite.com#Black_list_tmp.txt第215606行 存在层级冲突
track.sigmob.cn#Black_list_tmp.txt第267969行 与上级域名sigmob.cn#Black_list_tmp.txt第226374行 存在层级冲突
track.sitetag.us#Black_list_tmp.txt第267976行 与上级域名sitetag.us#Black_list_tmp.txt第227022行 存在层级冲突
track.sunmedia.tv#Black_list_tmp.txt第268027行 与上级域名sunmedia.tv#Black_list_tmp.txt第253565行 存在层级冲突
track.swaptrap.live#Black_list_tmp.txt第268030行 与上级域名swaptrap.live#Black_list_tmp.txt第254514行 存在层级冲突
track.tappx.com#Black_list_tmp.txt第268036行 与上级域名tappx.com#Black_list_tmp.txt第258243行 存在层级冲突
track.tel1mekar.com#Black_list_tmp.txt第268044行 与上级域名tel1mekar.com#Black_list_tmp.txt第259981行 存在层级冲突
tracker.adbinead.com#Black_list_tmp.txt第268286行 与上级域名adbinead.com#Black_list_tmp.txt第17521行 存在层级冲突
tracker.adcluster.com.tr#Black_list_tmp.txt第268287行 与上级域名adcluster.com.tr#Black_list_tmp.txt第17748行 存在层级冲突
tracker.digitalcamp.co.kr#Black_list_tmp.txt第268330行 与上级域名digitalcamp.co.kr#Black_list_tmp.txt第74738行 存在层级冲突
tracker.fengkongcloud.com#Black_list_tmp.txt第268344行 与上级域名fengkongcloud.com#Black_list_tmp.txt第92450行 存在层级冲突
tracker.medproad.com#Black_list_tmp.txt第268382行 与上级域名medproad.com#Black_list_tmp.txt第160622行 存在层级冲突
tracker.metricool.com#Black_list_tmp.txt第268383行 与上级域名metricool.com#Black_list_tmp.txt第161695行 存在层级冲突
tracker.nitropay.com#Black_list_tmp.txt第268395行 与上级域名nitropay.com#Black_list_tmp.txt第174769行 存在层级冲突
tracker.nocodelytics.com#Black_list_tmp.txt第268396行 与上级域名nocodelytics.com#Black_list_tmp.txt第175537行 存在层级冲突
trackes.liftyad.xyz#Black_list_tmp.txt第268485行 与上级域名liftyad.xyz#Black_list_tmp.txt第143078行 存在层级冲突
tracking-jmlink.jpush.cn#Black_list_tmp.txt第268521行 与上级域名jpush.cn#Black_list_tmp.txt第133024行 存在层级冲突
tracking-test.esearchvision.com#Black_list_tmp.txt第268536行 与上级域名esearchvision.com#Black_list_tmp.txt第87420行 存在层级冲突
tracking.ad-survey.com#Black_list_tmp.txt第268561行 与上级域名ad-survey.com#Black_list_tmp.txt第16509行 存在层级冲突
tracking.adalyser.com#Black_list_tmp.txt第268563行 与上级域名adalyser.com#Black_list_tmp.txt第17338行 存在层级冲突
tracking.adpinfo.com#Black_list_tmp.txt第268570行 与上级域名adpinfo.com#Black_list_tmp.txt第19167行 存在层级冲突
tracking.badgeville.com#Black_list_tmp.txt第268662行 与上级域名badgeville.com#Black_list_tmp.txt第36493行 存在层级冲突
tracking.cerdmann.com#Black_list_tmp.txt第268800行 与上级域名cerdmann.com#Black_list_tmp.txt第51373行 存在层级冲突
tracking.dsmmadvantage.com#Black_list_tmp.txt第268929行 与上级域名dsmmadvantage.com#Black_list_tmp.txt第78920行 存在层级冲突
tracking.epsilon.com#Black_list_tmp.txt第268970行 与上级域名epsilon.com#Black_list_tmp.txt第86816行 存在层级冲突
tracking.epsilon.postclickmarketing.com#Black_list_tmp.txt第268971行 与上级域名postclickmarketing.com#Black_list_tmp.txt第192854行 存在层级冲突
tracking.feedperfect.com#Black_list_tmp.txt第269055行 与上级域名feedperfect.com#Black_list_tmp.txt第92245行 存在层级冲突
tracking.go.epsilon.com#Black_list_tmp.txt第269114行 与上级域名epsilon.com#Black_list_tmp.txt第86816行 存在层级冲突
tracking.go.onshape.com#Black_list_tmp.txt第269116行 与上级域名go.onshape.com#Black_list_tmp.txt第104230行 存在层级冲突
tracking.hyros.com#Black_list_tmp.txt第269189行 与上级域名hyros.com#Black_list_tmp.txt第120687行 存在层级冲突
tracking.info.rcgt.com#Black_list_tmp.txt第269218行 与上级域名info.rcgt.com#Black_list_tmp.txt第125875行 存在层级冲突
tracking.kdata.fr#Black_list_tmp.txt第269276行 与上级域名kdata.fr#Black_list_tmp.txt第135722行 存在层级冲突
tracking.keywee.co#Black_list_tmp.txt第269281行 与上级域名keywee.co#Black_list_tmp.txt第136206行 存在层级冲突
tracking.netvigie.com#Black_list_tmp.txt第269474行 与上级域名netvigie.com#Black_list_tmp.txt第173257行 存在层级冲突
tracking.nextdoor.com#Black_list_tmp.txt第269483行 与上级域名nextdoor.com#Black_list_tmp.txt第173861行 存在层级冲突
tracking.novem.pl#Black_list_tmp.txt第269498行 与上级域名novem.pl#Black_list_tmp.txt第176131行 存在层级冲突
tracking.pgi.com#Black_list_tmp.txt第269587行 与上级域名pgi.com#Black_list_tmp.txt第188717行 存在层级冲突
tracking.quisma.com#Black_list_tmp.txt第269642行 与上级域名quisma.com#Black_list_tmp.txt第200869行 存在层级冲突
tracking.scenepass.com#Black_list_tmp.txt第269698行 与上级域名scenepass.com#Black_list_tmp.txt第214416行 存在层级冲突
tracking.searchmarketing.com#Black_list_tmp.txt第269704行 与上级域名searchmarketing.com#Black_list_tmp.txt第215610行 存在层级冲突
tracking.sokrati.com#Black_list_tmp.txt第269780行 与上级域名sokrati.com#Black_list_tmp.txt第232575行 存在层级冲突
tracking.synthasite.net#Black_list_tmp.txt第269856行 与上级域名synthasite.net#Black_list_tmp.txt第255399行 存在层级冲突
tracking.target2sell.com#Black_list_tmp.txt第269863行 与上级域名target2sell.com#Black_list_tmp.txt第258602行 存在层级冲突
tracking.thunderhead.com#Black_list_tmp.txt第269900行 与上级域名thunderhead.com#Black_list_tmp.txt第262032行 存在层级冲突
tracking2.channeladvisor.com#Black_list_tmp.txt第270092行 与上级域名channeladvisor.com#Black_list_tmp.txt第52009行 存在层级冲突
tracktp.sigmob.cn#Black_list_tmp.txt第270348行 与上级域名sigmob.cn#Black_list_tmp.txt第226374行 存在层级冲突
trackv-test.esearchvision.com#Black_list_tmp.txt第270352行 与上级域名esearchvision.com#Black_list_tmp.txt第87420行 存在层级冲突
tracy.sadv.dadapro.com#Black_list_tmp.txt第270374行 与上级域名sadv.dadapro.com#Black_list_tmp.txt第212723行 存在层级冲突
traffic.adventurefeeds.com#Black_list_tmp.txt第270454行 与上级域名adventurefeeds.com#Black_list_tmp.txt第21578行 存在层级冲突
traffic.adxprts.com#Black_list_tmp.txt第270455行 与上级域名adxprts.com#Black_list_tmp.txt第21941行 存在层级冲突
traffic.prod.cobaltgroup.com#Black_list_tmp.txt第270469行 与上级域名cobaltgroup.com#Black_list_tmp.txt第56033行 存在层级冲突
traffic.shareaholic.com#Black_list_tmp.txt第270471行 与上级域名shareaholic.com#Black_list_tmp.txt第224617行 存在层级冲突
traffic.tc-clicks.com#Black_list_tmp.txt第270475行 与上级域名tc-clicks.com#Black_list_tmp.txt第259106行 存在层级冲突
trail.53kf.com#Black_list_tmp.txt第270609行 与上级域名53kf.com#Black_list_tmp.txt第5852行 存在层级冲突
training.thunderhead.com#Black_list_tmp.txt第270644行 与上级域名thunderhead.com#Black_list_tmp.txt第262032行 存在层级冲突
tran.mediav.com#Black_list_tmp.txt第270693行 与上级域名mediav.com#Black_list_tmp.txt第160540行 存在层级冲突
trapptech.actonservice.com#Black_list_tmp.txt第270798行 与上级域名actonservice.com#Black_list_tmp.txt第16241行 存在层级冲突
travelmarketreport.actonservice.com#Black_list_tmp.txt第270846行 与上级域名actonservice.com#Black_list_tmp.txt第16241行 存在层级冲突
trc-sdk.inmobi.cn#Black_list_tmp.txt第270884行 与上级域名inmobi.cn#Black_list_tmp.txt第126487行 存在层级冲突
tree.logger.baofeng.com#Black_list_tmp.txt第271167行 与上级域名logger.baofeng.com#Black_list_tmp.txt第151438行 存在层级冲突
treeoflifecenterus.actonservice.com#Black_list_tmp.txt第271176行 与上级域名actonservice.com#Black_list_tmp.txt第16241行 存在层级冲突
trendinsight.oceanengine.com#Black_list_tmp.txt第271229行 与上级域名oceanengine.com#Black_list_tmp.txt第178725行 存在层级冲突
trends.revcontent.com#Black_list_tmp.txt第271237行 与上级域名revcontent.com#Black_list_tmp.txt第205803行 存在层级冲突
triadtechnologies.actonservice.com#Black_list_tmp.txt第271295行 与上级域名actonservice.com#Black_list_tmp.txt第16241行 存在层级冲突
triconah.actonservice.com#Black_list_tmp.txt第271368行 与上级域名actonservice.com#Black_list_tmp.txt第16241行 存在层级冲突
trinity-player.thetimmedia.site#Black_list_tmp.txt第271428行 与上级域名thetimmedia.site#Black_list_tmp.txt第261559行 存在层级冲突
trinityconsultants.actonservice.com#Black_list_tmp.txt第271429行 与上级域名actonservice.com#Black_list_tmp.txt第16241行 存在层级冲突
triton.actonservice.com#Black_list_tmp.txt第271484行 与上级域名actonservice.com#Black_list_tmp.txt第16241行 存在层级冲突
triumph.actonservice.com#Black_list_tmp.txt第271491行 与上级域名actonservice.com#Black_list_tmp.txt第16241行 存在层级冲突
trk.ablogica.com#Black_list_tmp.txt第271535行 与上级域名ablogica.com#Black_list_tmp.txt第15022行 存在层级冲突
trk.e.mailchimp.com#Black_list_tmp.txt第271694行 与上级域名mailchimp.com#Black_list_tmp.txt第155943行 存在层级冲突
trk.elq.mcphersonoil.com#Black_list_tmp.txt第271701行 与上级域名elq.mcphersonoil.com#Black_list_tmp.txt第84616行 存在层级冲突
trk.living.chartwell.com#Black_list_tmp.txt第271857行 与上级域名living.chartwell.com#Black_list_tmp.txt第144818行 存在层级冲突
trk.mailchimp.com#Black_list_tmp.txt第271866行 与上级域名mailchimp.com#Black_list_tmp.txt第155943行 存在层级冲突
trkapi.impact.com#Black_list_tmp.txt第272130行 与上级域名impact.com#Black_list_tmp.txt第124341行 存在层级冲突
trkr.shoppingminds.net#Black_list_tmp.txt第272184行 与上级域名shoppingminds.net#Black_list_tmp.txt第225716行 存在层级冲突
trrs-adp.2345.com#Black_list_tmp.txt第272338行 与上级域名2345.com#Black_list_tmp.txt第3220行 存在层级冲突
truefaced.actonservice.com#Black_list_tmp.txt第272388行 与上级域名actonservice.com#Black_list_tmp.txt第16241行 存在层级冲突
truemfg.actonservice.com#Black_list_tmp.txt第272402行 与上级域名actonservice.com#Black_list_tmp.txt第16241行 存在层级冲突
trustid.actonservice.com#Black_list_tmp.txt第272501行 与上级域名actonservice.com#Black_list_tmp.txt第16241行 存在层级冲突
truth.qchannel01.cn#Black_list_tmp.txt第272531行 与上级域名qchannel01.cn#Black_list_tmp.txt第198305行 存在层级冲突
truth.qchannel03.cn#Black_list_tmp.txt第272532行 与上级域名qchannel03.cn#Black_list_tmp.txt第198307行 存在层级冲突
try.abtasty.com#Black_list_tmp.txt第272581行 与上级域名abtasty.com#Black_list_tmp.txt第15281行 存在层级冲突
ts.crwdcntrl.net#Black_list_tmp.txt第272654行 与上级域名crwdcntrl.net#Black_list_tmp.txt第61121行 存在层级冲突
ts.hivecn.cn#Black_list_tmp.txt第272679行 与上级域名hivecn.cn#Black_list_tmp.txt第117301行 存在层级冲突
ts.tradetracker.net#Black_list_tmp.txt第272723行 与上级域名tradetracker.net#Black_list_tmp.txt第270405行 存在层级冲突
ts1706351603.inlbsid.cn#Black_list_tmp.txt第272736行 与上级域名inlbsid.cn#Black_list_tmp.txt第126470行 存在层级冲突
tsearch.snssdk.com#Black_list_tmp.txt第272782行 与上级域名snssdk.com#Black_list_tmp.txt第232155行 存在层级冲突
tsis-ipv6.jpush.cn#Black_list_tmp.txt第272815行 与上级域名jpush.cn#Black_list_tmp.txt第133024行 存在层级冲突
tsis.jpush.cn#Black_list_tmp.txt第272816行 与上级域名jpush.cn#Black_list_tmp.txt第133024行 存在层级冲突
tt.browser.360.cn#Black_list_tmp.txt第272976行 与上级域名360.cn#Black_list_tmp.txt第4252行 存在层级冲突
tt.douyaobuy.com#Black_list_tmp.txt第272979行 与上级域名douyaobuy.com#Black_list_tmp.txt第77616行 存在层级冲突
tt.shxinjie.cn#Black_list_tmp.txt第272992行 与上级域名shxinjie.cn#Black_list_tmp.txt第226133行 存在层级冲突
ttc.gdt.qq.com#Black_list_tmp.txt第273038行 与上级域名gdt.qq.com#Black_list_tmp.txt第100514行 存在层级冲突
ttcu-union.actonservice.com#Black_list_tmp.txt第273043行 与上级域名actonservice.com#Black_list_tmp.txt第16241行 存在层级冲突
ttm.htfmbt.com#Black_list_tmp.txt第273102行 与上级域名htfmbt.com#Black_list_tmp.txt第119445行 存在层级冲突
ttmc.actonservice.com#Black_list_tmp.txt第273104行 与上级域名actonservice.com#Black_list_tmp.txt第16241行 存在层级冲突
ttts.leztc.com#Black_list_tmp.txt第273210行 与上级域名leztc.com#Black_list_tmp.txt第142375行 存在层级冲突
ttxyajs.data.kuiniuca.com#Black_list_tmp.txt第273233行 与上级域名data.kuiniuca.com#Black_list_tmp.txt第69710行 存在层级冲突
tu.baixing.com#Black_list_tmp.txt第273246行 与上级域名baixing.com#Black_list_tmp.txt第36748行 存在层级冲突
tui.cnzz.com#Black_list_tmp.txt第273412行 与上级域名cnzz.com#Black_list_tmp.txt第55958行 存在层级冲突
tumblrprobes.cedexis.com#Black_list_tmp.txt第273480行 与上级域名cedexis.com#Black_list_tmp.txt第51109行 存在层级冲突
tumblrreports.cedexis.com#Black_list_tmp.txt第273481行 与上级域名cedexis.com#Black_list_tmp.txt第51109行 存在层级冲突
tv.code.jjyx.com#Black_list_tmp.txt第273802行 与上级域名jjyx.com#Black_list_tmp.txt第131966行 存在层级冲突
tv.snssdk.com#Black_list_tmp.txt第273803行 与上级域名snssdk.com#Black_list_tmp.txt第232155行 存在层级冲突
tvapi.kuyun.com#Black_list_tmp.txt第273812行 与上级域名kuyun.com#Black_list_tmp.txt第139127行 存在层级冲突
tvapp.hpplay.cn#Black_list_tmp.txt第273813行 与上级域名hpplay.cn#Black_list_tmp.txt第118998行 存在层级冲突
tvppa.actonservice.com#Black_list_tmp.txt第273888行 与上级域名actonservice.com#Black_list_tmp.txt第16241行 存在层级冲突
tvx.adgrx.com.tech.akadns.net#Black_list_tmp.txt第273936行 与上级域名adgrx.com.tech.akadns.net#Black_list_tmp.txt第18230行 存在层级冲突
tw.alimama.cn#Black_list_tmp.txt第273953行 与上级域名alimama.cn#Black_list_tmp.txt第25087行 存在层级冲突
tw.fgmtv.org#Black_list_tmp.txt第273957行 与上级域名fgmtv.org#Black_list_tmp.txt第92931行 存在层级冲突
tw.juyu.app#Black_list_tmp.txt第273959行 与上级域名juyu.app#Black_list_tmp.txt第134308行 存在层级冲突
txn.ingest.crittercism.com#Black_list_tmp.txt第274305行 与上级域名crittercism.com#Black_list_tmp.txt第60833行 存在层级冲突
txt.go.sohu.com#Black_list_tmp.txt第274333行 与上级域名go.sohu.com#Black_list_tmp.txt第104360行 存在层级冲突
tyaqy.m.cn.miaozhen.com#Black_list_tmp.txt第274386行 与上级域名cn.miaozhen.com#Black_list_tmp.txt第55705行 存在层级冲突
tyrd1.tingyun.com#Black_list_tmp.txt第274497行 与上级域名tingyun.com#Black_list_tmp.txt第262671行 存在层级冲突
tytx.m.cn.miaozhen.com#Black_list_tmp.txt第274521行 与上级域名cn.miaozhen.com#Black_list_tmp.txt第55705行 存在层级冲突
tyu.quanliyouxi.cn#Black_list_tmp.txt第274523行 与上级域名quanliyouxi.cn#Black_list_tmp.txt第200510行 存在层级冲突
u-sdk-track.domob.cn#Black_list_tmp.txt第274650行 与上级域名domob.cn#Black_list_tmp.txt第77243行 存在层级冲突
u.63kc.com#Black_list_tmp.txt第274655行 与上级域名63kc.com#Black_list_tmp.txt第6575行 存在层级冲突
u.api.look.360.cn#Black_list_tmp.txt第274657行 与上级域名360.cn#Black_list_tmp.txt第4252行 存在层级冲突
u.diannaodian.com#Black_list_tmp.txt第274662行 与上级域名diannaodian.com#Black_list_tmp.txt第74386行 存在层级冲突
u.fordprotectplans.com#Black_list_tmp.txt第274664行 与上级域名fordprotectplans.com#Black_list_tmp.txt第95737行 存在层级冲突
u.guannin.com#Black_list_tmp.txt第274666行 与上级域名guannin.com#Black_list_tmp.txt第112677行 存在层级冲突
u.huoying666.com#Black_list_tmp.txt第274667行 与上级域名huoying666.com#Black_list_tmp.txt第120055行 存在层级冲突
u.jimdo.com#Black_list_tmp.txt第274668行 与上级域名jimdo.com#Black_list_tmp.txt第131644行 存在层级冲突
u.l.qq.com#Black_list_tmp.txt第274671行 与上级域名l.qq.com#Black_list_tmp.txt第139821行 存在层级冲突
u.msxf.com#Black_list_tmp.txt第274678行 与上级域名msxf.com#Black_list_tmp.txt第169142行 存在层级冲突
u.ssp.admobile.top#Black_list_tmp.txt第274686行 与上级域名admobile.top#Black_list_tmp.txt第18789行 存在层级冲突
u.talkingdata.net#Black_list_tmp.txt第274687行 与上级域名talkingdata.net#Black_list_tmp.txt第257964行 存在层级冲突
u0.s.minisplat.cn#Black_list_tmp.txt第274702行 与上级域名minisplat.cn#Black_list_tmp.txt第165460行 存在层级冲突
u034024.nr1234.com#Black_list_tmp.txt第274717行 与上级域名nr1234.com#Black_list_tmp.txt第176471行 存在层级冲突
u1.mob.com#Black_list_tmp.txt第274729行 与上级域名mob.com#Black_list_tmp.txt第166827行 存在层级冲突
u1.s.minisplat.cn#Black_list_tmp.txt第274731行 与上级域名minisplat.cn#Black_list_tmp.txt第165460行 存在层级冲突
u2.s.minisplat.cn#Black_list_tmp.txt第274753行 与上级域名minisplat.cn#Black_list_tmp.txt第165460行 存在层级冲突
u291014.nr1234.com#Black_list_tmp.txt第274773行 与上级域名nr1234.com#Black_list_tmp.txt第176471行 存在层级冲突
u3y8v8u4.aucdn.net#Black_list_tmp.txt第274792行 与上级域名aucdn.net#Black_list_tmp.txt第34123行 存在层级冲突
ua.supersonicads.com#Black_list_tmp.txt第274872行 与上级域名supersonicads.com#Black_list_tmp.txt第253714行 存在层级冲突
uapi.ads.heytapmobi.com#Black_list_tmp.txt第274945行 与上级域名ads.heytapmobi.com#Black_list_tmp.txt第19851行 存在层级冲突
uapi.punchbox.org#Black_list_tmp.txt第274946行 与上级域名punchbox.org#Black_list_tmp.txt第196654行 存在层级冲突
uat-demo.pulse.inmobi.com#Black_list_tmp.txt第274970行 与上级域名inmobi.com#Black_list_tmp.txt第126488行 存在层级冲突
uat1.bfsspadserver.8le8le.com#Black_list_tmp.txt第274978行 与上级域名8le8le.com#Black_list_tmp.txt第8534行 存在层级冲突
uberm.bttn.io#Black_list_tmp.txt第275033行 与上级域名bttn.io#Black_list_tmp.txt第45165行 存在层级冲突
ubmcmm.baidustatic.com#Black_list_tmp.txt第275068行 与上级域名baidustatic.com#Black_list_tmp.txt第36672行 存在层级冲突
ubmcvideo.baidustatic.com#Black_list_tmp.txt第275069行 与上级域名baidustatic.com#Black_list_tmp.txt第36672行 存在层级冲突
udata.mixmarket.biz#Black_list_tmp.txt第275333行 与上级域名mixmarket.biz#Black_list_tmp.txt第165842行 存在层级冲突
udm.scorecardresearch.com#Black_list_tmp.txt第275386行 与上级域名scorecardresearch.com#Black_list_tmp.txt第214706行 存在层级冲突
ug.pangolin-dsp-toutiao.com#Black_list_tmp.txt第275674行 与上级域名pangolin-dsp-toutiao.com#Black_list_tmp.txt第185682行 存在层级冲突
ug.snssdk.com#Black_list_tmp.txt第275676行 与上级域名snssdk.com#Black_list_tmp.txt第232155行 存在层级冲突
uh.nakanohito.jp#Black_list_tmp.txt第275829行 与上级域名nakanohito.jp#Black_list_tmp.txt第171548行 存在层级冲突
uimg.27admin.com#Black_list_tmp.txt第275993行 与上级域名27admin.com#Black_list_tmp.txt第3476行 存在层级冲突
ujoy.anythinktech.com#Black_list_tmp.txt第276115行 与上级域名anythinktech.com#Black_list_tmp.txt第27990行 存在层级冲突
uk.adpinfo.com#Black_list_tmp.txt第276155行 与上级域名adpinfo.com#Black_list_tmp.txt第19167行 存在层级冲突
uk.sharpmarketing.eu#Black_list_tmp.txt第276165行 与上级域名sharpmarketing.eu#Black_list_tmp.txt第224683行 存在层级冲突
ul.a.mobimagic.com#Black_list_tmp.txt第276309行 与上级域名a.mobimagic.com#Black_list_tmp.txt第9797行 存在层级冲突
ulink.adjust.com#Black_list_tmp.txt第276367行 与上级域名adjust.com#Black_list_tmp.txt第18430行 存在层级冲突
um.simpli.fi#Black_list_tmp.txt第276522行 与上级域名simpli.fi#Black_list_tmp.txt第226655行 存在层级冲突
um2.eqads.com#Black_list_tmp.txt第276526行 与上级域名eqads.com#Black_list_tmp.txt第86861行 存在层级冲突
umdc.aliapp.org#Black_list_tmp.txt第276568行 与上级域名aliapp.org#Black_list_tmp.txt第25013行 存在层级冲突
umini.shujupie.com#Black_list_tmp.txt第276610行 与上级域名shujupie.com#Black_list_tmp.txt第226072行 存在层级冲突
umwatsonc.events.data.microsoft.com#Black_list_tmp.txt第276689行 与上级域名events.data.microsoft.com#Black_list_tmp.txt第88693行 存在层级冲突
un-acs.cp31.ott.cibntv.net#Black_list_tmp.txt第276712行 与上级域名ott.cibntv.net#Black_list_tmp.txt第183322行 存在层级冲突
un.soarfi.cn#Black_list_tmp.txt第276717行 与上级域名soarfi.cn#Black_list_tmp.txt第232275行 存在层级冲突
unconf.mobad.ijinshan.com#Black_list_tmp.txt第276889行 与上级域名ijinshan.com#Black_list_tmp.txt第122678行 存在层级冲突
unicom.shuzilm.cn#Black_list_tmp.txt第277180行 与上级域名shuzilm.cn#Black_list_tmp.txt第226117行 存在层级冲突
unifilabs.actonservice.com#Black_list_tmp.txt第277200行 与上级域名actonservice.com#Black_list_tmp.txt第16241行 存在层级冲突
union.360.cn#Black_list_tmp.txt第277226行 与上级域名360.cn#Black_list_tmp.txt第4252行 存在层级冲突
union.baidustatic.guannin.com#Black_list_tmp.txt第277231行 与上级域名guannin.com#Black_list_tmp.txt第112677行 存在层级冲突
union.gdtimg.com#Black_list_tmp.txt第277238行 与上级域名gdtimg.com#Black_list_tmp.txt第100517行 存在层级冲突
union.maccms.com#Black_list_tmp.txt第277240行 与上级域名maccms.com#Black_list_tmp.txt第155500行 存在层级冲突
union.star-media.cn#Black_list_tmp.txt第277246行 与上级域名star-media.cn#Black_list_tmp.txt第248370行 存在层级冲突
union.w.inmobi.cn#Black_list_tmp.txt第277247行 与上级域名inmobi.cn#Black_list_tmp.txt第126487行 存在层级冲突
unitedautocredit.actonservice.com#Black_list_tmp.txt第277293行 与上级域名actonservice.com#Black_list_tmp.txt第16241行 存在层级冲突
unitusccu.actonservice.com#Black_list_tmp.txt第277306行 与上级域名actonservice.com#Black_list_tmp.txt第16241行 存在层级冲突
university.inmobi.com#Black_list_tmp.txt第277326行 与上级域名inmobi.com#Black_list_tmp.txt第126488行 存在层级冲突
unpin.hothomefuck.com#Black_list_tmp.txt第277512行 与上级域名hothomefuck.com#Black_list_tmp.txt第118683行 存在层级冲突
uns.soarfi.cn#Black_list_tmp.txt第277591行 与上级域名soarfi.cn#Black_list_tmp.txt第232275行 存在层级冲突
uole.ad.uol.com.br#Black_list_tmp.txt第277897行 与上级域名uol.com.br#Black_list_tmp.txt第277894行 存在层级冲突
uop.umeng.com#Black_list_tmp.txt第277912行 与上级域名umeng.com#Black_list_tmp.txt第276581行 存在层级冲突
up.admoxi.com#Black_list_tmp.txt第277954行 与上级域名admoxi.com#Black_list_tmp.txt第18809行 存在层级冲突
up.mob.com#Black_list_tmp.txt第277959行 与上级域名mob.com#Black_list_tmp.txt第166827行 存在层级冲突
up.sdk.mob.com#Black_list_tmp.txt第277967行 与上级域名mob.com#Black_list_tmp.txt第166827行 存在层级冲突
up.wps.kingsoft.com#Black_list_tmp.txt第277970行 与上级域名kingsoft.com#Black_list_tmp.txt第136844行 存在层级冲突
up1.tj.u2.ucweb.com#Black_list_tmp.txt第277972行 与上级域名ucweb.com#Black_list_tmp.txt第275299行 存在层级冲突
up4.ucweb.com#Black_list_tmp.txt第277973行 与上级域名ucweb.com#Black_list_tmp.txt第275299行 存在层级冲突
upc.flysleep.cn#Black_list_tmp.txt第278009行 与上级域名flysleep.cn#Black_list_tmp.txt第95126行 存在层级冲突
update.123juzi.net#Black_list_tmp.txt第278037行 与上级域名123juzi.net#Black_list_tmp.txt第1385行 存在层级冲突
update.app.2345.com#Black_list_tmp.txt第278040行 与上级域名2345.com#Black_list_tmp.txt第3220行 存在层级冲突
update.minipage.2345.com#Black_list_tmp.txt第278052行 与上级域名2345.com#Black_list_tmp.txt第3220行 存在层级冲突
update.sdk.batmobi.net#Black_list_tmp.txt第278058行 与上级域名sdk.batmobi.net#Black_list_tmp.txt第215258行 存在层级冲突
update.sdk.jiguang.cn#Black_list_tmp.txt第278059行 与上级域名jiguang.cn#Black_list_tmp.txt第131597行 存在层级冲突
update0.aiclk.com#Black_list_tmp.txt第278066行 与上级域名aiclk.com#Black_list_tmp.txt第23786行 存在层级冲突
upgrade.mishop.pandora.xiaomi.com#Black_list_tmp.txt第278136行 与上级域名mishop.pandora.xiaomi.com#Black_list_tmp.txt第165655行 存在层级冲突
upload.aiclk.com#Black_list_tmp.txt第278189行 与上级域名aiclk.com#Black_list_tmp.txt第23786行 存在层级冲突
upload.euleriancdn.net#Black_list_tmp.txt第278191行 与上级域名euleriancdn.net#Black_list_tmp.txt第88198行 存在层级冲突
upload.juxiao.mediav.com#Black_list_tmp.txt第278192行 与上级域名juxiao.mediav.com#Black_list_tmp.txt第134299行 存在层级冲突
upload.luckyorange.net#Black_list_tmp.txt第278194行 与上级域名luckyorange.net#Black_list_tmp.txt第153318行 存在层级冲突
upoll.umengcloud.com#Black_list_tmp.txt第278222行 与上级域名umengcloud.com#Black_list_tmp.txt第276584行 存在层级冲突
ups.analytics.yahoo.com#Black_list_tmp.txt第278280行 与上级域名analytics.yahoo.com#Black_list_tmp.txt第27160行 存在层级冲突
ups.cp31.ott.cibntv.net#Black_list_tmp.txt第278281行 与上级域名ott.cibntv.net#Black_list_tmp.txt第183322行 存在层级冲突
upush.umeng.com#Black_list_tmp.txt第278371行 与上级域名umeng.com#Black_list_tmp.txt第276581行 存在层级冲突
urchin.lstat.youku.com#Black_list_tmp.txt第278543行 与上级域名lstat.youku.com#Black_list_tmp.txt第153070行 存在层级冲突
urh.tylll.com#Black_list_tmp.txt第278597行 与上级域名tylll.com#Black_list_tmp.txt第274443行 存在层级冲突
url.tudown.com#Black_list_tmp.txt第278631行 与上级域名tudown.com#Black_list_tmp.txt第273367行 存在层级冲突
url6013.qa-app11-sendgrid.branch.rocks#Black_list_tmp.txt第278650行 与上级域名branch.rocks#Black_list_tmp.txt第44001行 存在层级冲突
url6035.clay-sendgrid-test.branch.rocks#Black_list_tmp.txt第278651行 与上级域名branch.rocks#Black_list_tmp.txt第44001行 存在层级冲突
url6143.branch.rocks#Black_list_tmp.txt第278652行 与上级域名branch.rocks#Black_list_tmp.txt第44001行 存在层级冲突
url8258.jshek.branch.rocks#Black_list_tmp.txt第278661行 与上级域名branch.rocks#Black_list_tmp.txt第44001行 存在层级冲突
us-ads.openx.net#Black_list_tmp.txt第278765行 与上级域名openx.net#Black_list_tmp.txt第181989行 存在层级冲突
us-api-d.dutils.com#Black_list_tmp.txt第278766行 与上级域名dutils.com#Black_list_tmp.txt第79899行 存在层级冲突
us-api-fc.dutils.com#Black_list_tmp.txt第278767行 与上级域名dutils.com#Black_list_tmp.txt第79899行 存在层级冲突
us-devs-data.dutils.com#Black_list_tmp.txt第278771行 与上级域名dutils.com#Black_list_tmp.txt第79899行 存在层级冲突
us-ma.sam4m.com#Black_list_tmp.txt第278774行 与上级域名sam4m.com#Black_list_tmp.txt第213083行 存在层级冲突
us-pub.dengage.com#Black_list_tmp.txt第278778行 与上级域名dengage.com#Black_list_tmp.txt第73062行 存在层级冲突
us-tracking.nextdoor.com#Black_list_tmp.txt第278779行 与上级域名nextdoor.com#Black_list_tmp.txt第173861行 存在层级冲突
us-v10.events.data.microsoft.com#Black_list_tmp.txt第278780行 与上级域名events.data.microsoft.com#Black_list_tmp.txt第88693行 存在层级冲突
us.adserver.yahoo.com#Black_list_tmp.txt第278782行 与上级域名adserver.yahoo.com#Black_list_tmp.txt第20727行 存在层级冲突
us.bs.serving-sys.com#Black_list_tmp.txt第278785行 与上级域名bs.serving-sys.com#Black_list_tmp.txt第44847行 存在层级冲突
us.cfcdist.loan#Black_list_tmp.txt第278787行 与上级域名cfcdist.loan#Black_list_tmp.txt第51548行 存在层级冲突
us.edge.rms.media.net#Black_list_tmp.txt第278789行 与上级域名media.net#Black_list_tmp.txt第160370行 存在层级冲突
us.l.qq.com#Black_list_tmp.txt第278791行 与上级域名l.qq.com#Black_list_tmp.txt第139821行 存在层级冲突
us.onkyo.actonservice.com#Black_list_tmp.txt第278797行 与上级域名actonservice.com#Black_list_tmp.txt第16241行 存在层级冲突
usage.trackjs.com#Black_list_tmp.txt第278834行 与上级域名trackjs.com#Black_list_tmp.txt第270162行 存在层级冲突
usaoptimizedby.increasingly.co#Black_list_tmp.txt第278843行 与上级域名increasingly.co#Black_list_tmp.txt第124844行 存在层级冲突
usaprogrip.actonservice.com#Black_list_tmp.txt第278845行 与上级域名actonservice.com#Black_list_tmp.txt第16241行 存在层级冲突
usc.adserver.snapads.com#Black_list_tmp.txt第278856行 与上级域名adserver.snapads.com#Black_list_tmp.txt第20723行 存在层级冲突
uscollector.tealeaf.ibmcloud.com#Black_list_tmp.txt第278863行 与上级域名tealeaf.ibmcloud.com#Black_list_tmp.txt第259633行 存在层级冲突
user.jpush.cn#Black_list_tmp.txt第278946行 与上级域名jpush.cn#Black_list_tmp.txt第133024行 存在层级冲突
user.tiankongzudui.com#Black_list_tmp.txt第278952行 与上级域名tiankongzudui.com#Black_list_tmp.txt第262132行 存在层级冲突
userflows.ingest.crittercism.com#Black_list_tmp.txt第278971行 与上级域名crittercism.com#Black_list_tmp.txt第60833行 存在层级冲突
usersync.krxd.net#Black_list_tmp.txt第278999行 与上级域名krxd.net#Black_list_tmp.txt第138648行 存在层级冲突
ush.adspecs.yahoo.com#Black_list_tmp.txt第279015行 与上级域名adspecs.yahoo.com#Black_list_tmp.txt第20972行 存在层级冲突
usr-api.aiclk.com#Black_list_tmp.txt第279088行 与上级域名aiclk.com#Black_list_tmp.txt第23786行 存在层级冲突
usr.mgid.com#Black_list_tmp.txt第279091行 与上级域名mgid.com#Black_list_tmp.txt第164671行 存在层级冲突
ussco-dev.actonservice.com#Black_list_tmp.txt第279101行 与上级域名actonservice.com#Black_list_tmp.txt第16241行 存在层级冲突
usw18-268-pdb.net.mydays.de#Black_list_tmp.txt第279151行 与上级域名net.mydays.de#Black_list_tmp.txt第173147行 存在层级冲突
usync.aws.rubiconproject.com#Black_list_tmp.txt第279161行 与上级域名rubiconproject.com#Black_list_tmp.txt第209799行 存在层级冲突
ut.iadsdk.apple.com#Black_list_tmp.txt第279174行 与上级域名iadsdk.apple.com#Black_list_tmp.txt第121201行 存在层级冲突
ut2.shuqistat.com#Black_list_tmp.txt第279183行 与上级域名shuqistat.com#Black_list_tmp.txt第226086行 存在层级冲突
utag.ijinshan.com#Black_list_tmp.txt第279186行 与上级域名ijinshan.com#Black_list_tmp.txt第122678行 存在层级冲突
utexas.actonservice.com#Black_list_tmp.txt第279214行 与上级域名actonservice.com#Black_list_tmp.txt第16241行 存在层级冲突
utiq.atf-tagmanager.de#Black_list_tmp.txt第279283行 与上级域名atf-tagmanager.de#Black_list_tmp.txt第33655行 存在层级冲突
utiq.mno.link#Black_list_tmp.txt第279573行 与上级域名mno.link#Black_list_tmp.txt第166687行 存在层级冲突
utmconfig.umeng.com#Black_list_tmp.txt第279799行 与上级域名umeng.com#Black_list_tmp.txt第276581行 存在层级冲突
utoken.umeng.com#Black_list_tmp.txt第279814行 与上级域名umeng.com#Black_list_tmp.txt第276581行 存在层级冲突
utop.umengcloud.com#Black_list_tmp.txt第279816行 与上级域名umengcloud.com#Black_list_tmp.txt第276584行 存在层级冲突
utp-dmp.ucweb.com#Black_list_tmp.txt第279821行 与上级域名ucweb.com#Black_list_tmp.txt第275299行 存在层级冲突
utp.ucweb.com#Black_list_tmp.txt第279822行 与上级域名ucweb.com#Black_list_tmp.txt第275299行 存在层级冲突
uu1.3gu.com#Black_list_tmp.txt第279901行 与上级域名3gu.com#Black_list_tmp.txt第4653行 存在层级冲突
uweb.umeng.com#Black_list_tmp.txt第280168行 与上级域名umeng.com#Black_list_tmp.txt第276581行 存在层级冲突
v-sence.gentags.net#Black_list_tmp.txt第280522行 与上级域名gentags.net#Black_list_tmp.txt第100829行 存在层级冲突
v.adintl.cn#Black_list_tmp.txt第280531行 与上级域名adintl.cn#Black_list_tmp.txt第18362行 存在层级冲突
v.admaster.com.cn#Black_list_tmp.txt第280532行 与上级域名admaster.com.cn#Black_list_tmp.txt第18622行 存在层级冲突
v.adx.hubcloud.com.cn#Black_list_tmp.txt第280533行 与上级域名hubcloud.com.cn#Black_list_tmp.txt第119726行 存在层级冲突
v.aty.sohu.com#Black_list_tmp.txt第280535行 与上级域名aty.sohu.com#Black_list_tmp.txt第34072行 存在层级冲突
v.cf.ssacdn.com#Black_list_tmp.txt第280539行 与上级域名cf.ssacdn.com#Black_list_tmp.txt第51514行 存在层级冲突
v.data.mob.com#Black_list_tmp.txt第280541行 与上级域名data.mob.com#Black_list_tmp.txt第70052行 存在层级冲突
v.dbncp.com#Black_list_tmp.txt第280542行 与上级域名dbncp.com#Black_list_tmp.txt第71553行 存在层级冲突
v.e7002.com#Black_list_tmp.txt第280545行 与上级域名e7002.com#Black_list_tmp.txt第81388行 存在层级冲突
v.gdt.qq.com#Black_list_tmp.txt第280547行 与上级域名gdt.qq.com#Black_list_tmp.txt第100514行 存在层级冲突
v.ipinfo.io#Black_list_tmp.txt第280549行 与上级域名ipinfo.io#Black_list_tmp.txt第128025行 存在层级冲突
v.irs01.com#Black_list_tmp.txt第280550行 与上级域名irs01.com#Black_list_tmp.txt第128509行 存在层级冲突
v.l.youku.com#Black_list_tmp.txt第280553行 与上级域名l.youku.com#Black_list_tmp.txt第139868行 存在层级冲突
v.oq68.com#Black_list_tmp.txt第280560行 与上级域名oq68.com#Black_list_tmp.txt第182310行 存在层级冲突
v.rmbn.net#Black_list_tmp.txt第280566行 与上级域名rmbn.net#Black_list_tmp.txt第207292行 存在层级冲突
v.sixiuwl.cn#Black_list_tmp.txt第280568行 与上级域名sixiuwl.cn#Black_list_tmp.txt第227084行 存在层级冲突
v002.aiclk.com#Black_list_tmp.txt第280589行 与上级域名aiclk.com#Black_list_tmp.txt第23786行 存在层级冲突
v1-be-pack.pglstatp-toutiao.com#Black_list_tmp.txt第280602行 与上级域名pglstatp-toutiao.com#Black_list_tmp.txt第188734行 存在层级冲突
v1-fe-pack.pglstatp-toutiao.com#Black_list_tmp.txt第280604行 与上级域名pglstatp-toutiao.com#Black_list_tmp.txt第188734行 存在层级冲突
v1-lm.adukwai.com#Black_list_tmp.txt第280607行 与上级域名adukwai.com#Black_list_tmp.txt第21382行 存在层级冲突
v1.0594529.com#Black_list_tmp.txt第280608行 与上级域名0594529.com#Black_list_tmp.txt第243行 存在层级冲突
v1.cnzz.com#Black_list_tmp.txt第280614行 与上级域名cnzz.com#Black_list_tmp.txt第55958行 存在层级冲突
v1.gdt.qq.com#Black_list_tmp.txt第280616行 与上级域名gdt.qq.com#Black_list_tmp.txt第100514行 存在层级冲突
v1.log.moji.com#Black_list_tmp.txt第280621行 与上级域名log.moji.com#Black_list_tmp.txt第151189行 存在层级冲突
v1.ujian.cc#Black_list_tmp.txt第280626行 与上级域名ujian.cc#Black_list_tmp.txt第276085行 存在层级冲突
v10.events.data.microsoft.com#Black_list_tmp.txt第280631行 与上级域名events.data.microsoft.com#Black_list_tmp.txt第88693行 存在层级冲突
v10c.events.data.microsoft.com#Black_list_tmp.txt第280634行 与上级域名events.data.microsoft.com#Black_list_tmp.txt第88693行 存在层级冲突
v11.cnzz.com#Black_list_tmp.txt第280636行 与上级域名cnzz.com#Black_list_tmp.txt第55958行 存在层级冲突
v12-d00344a6e9w.z.irs01.com#Black_list_tmp.txt第280638行 与上级域名irs01.com#Black_list_tmp.txt第128509行 存在层级冲突
v12-j0954dl1xdl.z.irs01.com#Black_list_tmp.txt第280639行 与上级域名irs01.com#Black_list_tmp.txt第128509行 存在层级冲突
v12-j3110dfspsv.z.irs01.com#Black_list_tmp.txt第280640行 与上级域名irs01.com#Black_list_tmp.txt第128509行 存在层级冲突
v12-r0566gbscjw.z.irs01.com#Black_list_tmp.txt第280641行 与上级域名irs01.com#Black_list_tmp.txt第128509行 存在层级冲突
v12-r3001zjrmka.z.irs01.com#Black_list_tmp.txt第280642行 与上级域名irs01.com#Black_list_tmp.txt第128509行 存在层级冲突
v12-s33249urk70.z.irs01.com#Black_list_tmp.txt第280643行 与上级域名irs01.com#Black_list_tmp.txt第128509行 存在层级冲突
v12-t0036kis46j.z.irs01.com#Black_list_tmp.txt第280644行 与上级域名irs01.com#Black_list_tmp.txt第128509行 存在层级冲突
v12-t08569q8qf7.z.irs01.com#Black_list_tmp.txt第280645行 与上级域名irs01.com#Black_list_tmp.txt第128509行 存在层级冲突
v12-x0024nwonyn.z.irs01.com#Black_list_tmp.txt第280646行 与上级域名irs01.com#Black_list_tmp.txt第128509行 存在层级冲突
v12-y0742s0wu11.z.irs01.com#Black_list_tmp.txt第280647行 与上级域名irs01.com#Black_list_tmp.txt第128509行 存在层级冲突
v12.cnzz.com#Black_list_tmp.txt第280648行 与上级域名cnzz.com#Black_list_tmp.txt第55958行 存在层级冲突
v13.cnzz.com#Black_list_tmp.txt第280651行 与上级域名cnzz.com#Black_list_tmp.txt第55958行 存在层级冲突
v14-1519001304070617.z.irs01.com#Black_list_tmp.txt第280653行 与上级域名irs01.com#Black_list_tmp.txt第128509行 存在层级冲突
v14.cnzz.com#Black_list_tmp.txt第280654行 与上级域名cnzz.com#Black_list_tmp.txt第55958行 存在层级冲突
v17-11166822100.z.irs01.com#Black_list_tmp.txt第280661行 与上级域名irs01.com#Black_list_tmp.txt第128509行 存在层级冲突
v1d.szbdyd.com#Black_list_tmp.txt第280663行 与上级域名szbdyd.com#Black_list_tmp.txt第255534行 存在层级冲突
v2-lm.adukwai.com#Black_list_tmp.txt第280671行 与上级域名adukwai.com#Black_list_tmp.txt第21382行 存在层级冲突
v2.aiclk.com#Black_list_tmp.txt第280672行 与上级域名aiclk.com#Black_list_tmp.txt第23786行 存在层级冲突
v2.cnzz.com#Black_list_tmp.txt第280673行 与上级域名cnzz.com#Black_list_tmp.txt第55958行 存在层级冲突
v2.da.mgtv.com#Black_list_tmp.txt第280674行 与上级域名da.mgtv.com#Black_list_tmp.txt第65334行 存在层级冲突
v2.dakang-energy.com#Black_list_tmp.txt第280675行 与上级域名dakang-energy.com#Black_list_tmp.txt第65765行 存在层级冲突
v2.gdt.qq.com#Black_list_tmp.txt第280679行 与上级域名gdt.qq.com#Black_list_tmp.txt第100514行 存在层级冲突
v2.jiathis.com#Black_list_tmp.txt第280681行 与上级域名jiathis.com#Black_list_tmp.txt第131508行 存在层级冲突
v2.log.hunantv.com#Black_list_tmp.txt第280683行 与上级域名log.hunantv.com#Black_list_tmp.txt第151148行 存在层级冲突
v2.reachmax.cn#Black_list_tmp.txt第280686行 与上级域名reachmax.cn#Black_list_tmp.txt第203115行 存在层级冲突
v20.events.data.microsoft.com#Black_list_tmp.txt第280692行 与上级域名events.data.microsoft.com#Black_list_tmp.txt第88693行 存在层级冲突
v26-be-pack.pglstatp-toutiao.com#Black_list_tmp.txt第280695行 与上级域名pglstatp-toutiao.com#Black_list_tmp.txt第188734行 存在层级冲突
v26-cc.oceanengine.com#Black_list_tmp.txt第280696行 与上级域名oceanengine.com#Black_list_tmp.txt第178725行 存在层级冲突
v2mi.gdt.qq.com#Black_list_tmp.txt第280705行 与上级域名gdt.qq.com#Black_list_tmp.txt第100514行 存在层级冲突
v3-be-pack.pglstatp-toutiao.com#Black_list_tmp.txt第280714行 与上级域名pglstatp-toutiao.com#Black_list_tmp.txt第188734行 存在层级冲突
v3-cc.oceanengine.com#Black_list_tmp.txt第280715行 与上级域名oceanengine.com#Black_list_tmp.txt第178725行 存在层级冲突
v3-fe-pack.pglstatp-toutiao.com#Black_list_tmp.txt第280718行 与上级域名pglstatp-toutiao.com#Black_list_tmp.txt第188734行 存在层级冲突
v3-linkchat.oceanengine.com#Black_list_tmp.txt第280719行 与上级域名oceanengine.com#Black_list_tmp.txt第178725行 存在层级冲突
v3.fstats.xyz#Black_list_tmp.txt第280721行 与上级域名fstats.xyz#Black_list_tmp.txt第97553行 存在层级冲突
v3.gdt.qq.com#Black_list_tmp.txt第280722行 与上级域名gdt.qq.com#Black_list_tmp.txt第100514行 存在层级冲突
v3.jiathis.com#Black_list_tmp.txt第280723行 与上级域名jiathis.com#Black_list_tmp.txt第131508行 存在层级冲突
v3zo.getnewsupdate.info#Black_list_tmp.txt第280735行 与上级域名getnewsupdate.info#Black_list_tmp.txt第101412行 存在层级冲突
v4-lm.adukwai.com#Black_list_tmp.txt第280736行 与上级域名adukwai.com#Black_list_tmp.txt第21382行 存在层级冲突
v4.cnzz.com#Black_list_tmp.txt第280737行 与上级域名cnzz.com#Black_list_tmp.txt第55958行 存在层级冲突
v5-be-pack.pglstatp-toutiao.com#Black_list_tmp.txt第280753行 与上级域名pglstatp-toutiao.com#Black_list_tmp.txt第188734行 存在层级冲突
v6-api-c.dutils.com#Black_list_tmp.txt第280773行 与上级域名dutils.com#Black_list_tmp.txt第79899行 存在层级冲突
v6-api-d.dutils.com#Black_list_tmp.txt第280774行 与上级域名dutils.com#Black_list_tmp.txt第79899行 存在层级冲突
v6-api-fc.dutils.com#Black_list_tmp.txt第280775行 与上级域名dutils.com#Black_list_tmp.txt第79899行 存在层级冲突
v6-api-p0.mobsurl.com#Black_list_tmp.txt第280776行 与上级域名mobsurl.com#Black_list_tmp.txt第167057行 存在层级冲突
v6-api-p1.mobsurl.com#Black_list_tmp.txt第280778行 与上级域名mobsurl.com#Black_list_tmp.txt第167057行 存在层级冲突
v6-api-p2.mobsurl.com#Black_list_tmp.txt第280780行 与上级域名mobsurl.com#Black_list_tmp.txt第167057行 存在层级冲突
v6-api-p3.mobsurl.com#Black_list_tmp.txt第280782行 与上级域名mobsurl.com#Black_list_tmp.txt第167057行 存在层级冲突
v6-api-p4.mobsurl.com#Black_list_tmp.txt第280784行 与上级域名mobsurl.com#Black_list_tmp.txt第167057行 存在层级冲突
v6-api-share.mob.com#Black_list_tmp.txt第280786行 与上级域名mob.com#Black_list_tmp.txt第166827行 存在层级冲突
v6-api.share.mob.com#Black_list_tmp.txt第280787行 与上级域名mob.com#Black_list_tmp.txt第166827行 存在层级冲突
v6-be-pack.pglstatp-toutiao.com#Black_list_tmp.txt第280788行 与上级域名pglstatp-toutiao.com#Black_list_tmp.txt第188734行 存在层级冲突
v6-cc.oceanengine.com#Black_list_tmp.txt第280789行 与上级域名oceanengine.com#Black_list_tmp.txt第178725行 存在层级冲突
v6-devs-data.dutils.com#Black_list_tmp.txt第280792行 与上级域名dutils.com#Black_list_tmp.txt第79899行 存在层级冲突
v6-fe-pack.pglstatp-toutiao.com#Black_list_tmp.txt第280793行 与上级域名pglstatp-toutiao.com#Black_list_tmp.txt第188734行 存在层级冲突
v6-linkchat.oceanengine.com#Black_list_tmp.txt第280795行 与上级域名oceanengine.com#Black_list_tmp.txt第178725行 存在层级冲突
v6-m.mpl.dutils.com#Black_list_tmp.txt第280796行 与上级域名dutils.com#Black_list_tmp.txt第79899行 存在层级冲突
v6.cnzz.com#Black_list_tmp.txt第280800行 与上级域名cnzz.com#Black_list_tmp.txt第55958行 存在层级冲突
v6awsnf8ejjjsefh.sjucaie2.top#Black_list_tmp.txt第280805行 与上级域名sjucaie2.top#Black_list_tmp.txt第227227行 存在层级冲突
v6ii.gdt.qq.com#Black_list_tmp.txt第280806行 与上级域名gdt.qq.com#Black_list_tmp.txt第100514行 存在层级冲突
v7.cnzz.com#Black_list_tmp.txt第280810行 与上级域名cnzz.com#Black_list_tmp.txt第55958行 存在层级冲突
v7.kawinhome.com#Black_list_tmp.txt第280811行 与上级域名kawinhome.com#Black_list_tmp.txt第135453行 存在层级冲突
v8.cnzz.com#Black_list_tmp.txt第280818行 与上级域名cnzz.com#Black_list_tmp.txt第55958行 存在层级冲突
v88.live800.com#Black_list_tmp.txt第280823行 与上级域名live800.com#Black_list_tmp.txt第144712行 存在层级冲突
v9-be-pack.pglstatp-toutiao.com#Black_list_tmp.txt第280834行 与上级域名pglstatp-toutiao.com#Black_list_tmp.txt第188734行 存在层级冲突
v9-linkchat.oceanengine.com#Black_list_tmp.txt第280836行 与上级域名oceanengine.com#Black_list_tmp.txt第178725行 存在层级冲突
v9.cnzz.com#Black_list_tmp.txt第280838行 与上级域名cnzz.com#Black_list_tmp.txt第55958行 存在层级冲突
vaas.junion.jiguang.cn#Black_list_tmp.txt第280862行 与上级域名jiguang.cn#Black_list_tmp.txt第131597行 存在层级冲突
val.atm.cp31.ott.cibntv.net#Black_list_tmp.txt第280990行 与上级域名atm.cp31.ott.cibntv.net#Black_list_tmp.txt第33779行 存在层级冲突
val.atm.youku.com#Black_list_tmp.txt第280991行 与上级域名atm.youku.com#Black_list_tmp.txt第33782行 存在层级冲突
valf.atm.cp31.ott.cibntv.net#Black_list_tmp.txt第281018行 与上级域名atm.cp31.ott.cibntv.net#Black_list_tmp.txt第33779行 存在层级冲突
vali-dns.cp31.ott.cibntv.net#Black_list_tmp.txt第281022行 与上级域名ott.cibntv.net#Black_list_tmp.txt第183322行 存在层级冲突
vali-g1.cp31.ott.cibntv.net#Black_list_tmp.txt第281023行 与上级域名ott.cibntv.net#Black_list_tmp.txt第183322行 存在层级冲突
vali-ugc.cp31.ott.cibntv.net#Black_list_tmp.txt第281024行 与上级域名ott.cibntv.net#Black_list_tmp.txt第183322行 存在层级冲突
vali.cp31.ott.cibntv.net#Black_list_tmp.txt第281026行 与上级域名ott.cibntv.net#Black_list_tmp.txt第183322行 存在层级冲突
validate.appsflyer.com#Black_list_tmp.txt第281032行 与上级域名appsflyer.com#Black_list_tmp.txt第31587行 存在层级冲突
validate.onecount.net#Black_list_tmp.txt第281033行 与上级域名onecount.net#Black_list_tmp.txt第181147行 存在层级冲突
valipl.cp31.ott.cibntv.net#Black_list_tmp.txt第281038行 与上级域名ott.cibntv.net#Black_list_tmp.txt第183322行 存在层级冲突
vas-hl-x.snssdk.com#Black_list_tmp.txt第281261行 与上级域名snssdk.com#Black_list_tmp.txt第232155行 存在层级冲突
vas-lf-x.snssdk.com#Black_list_tmp.txt第281262行 与上级域名snssdk.com#Black_list_tmp.txt第232155行 存在层级冲突
vast.w.inmobi.com#Black_list_tmp.txt第281285行 与上级域名inmobi.com#Black_list_tmp.txt第126488行 存在层级冲突
vayh.msxf.com#Black_list_tmp.txt第281395行 与上级域名msxf.com#Black_list_tmp.txt第169142行 存在层级冲突
vc-brain.snssdk.com#Black_list_tmp.txt第281673行 与上级域名snssdk.com#Black_list_tmp.txt第232155行 存在层级冲突
vc-mirror.snssdk.com#Black_list_tmp.txt第281675行 与上级域名snssdk.com#Black_list_tmp.txt第232155行 存在层级冲突
vc.hotjar.io#Black_list_tmp.txt第281676行 与上级域名hotjar.io#Black_list_tmp.txt第118689行 存在层级冲突
vcdn.adnxs.com#Black_list_tmp.txt第281708行 与上级域名adnxs.com#Black_list_tmp.txt第18901行 存在层级冲突
vcl-brain.snssdk.com#Black_list_tmp.txt第281746行 与上级域名snssdk.com#Black_list_tmp.txt第232155行 存在层级冲突
vconf.f.360.cn#Black_list_tmp.txt第281763行 与上级域名360.cn#Black_list_tmp.txt第4252行 存在层级冲突
vcs-hl.snssdk.com#Black_list_tmp.txt第281773行 与上级域名snssdk.com#Black_list_tmp.txt第232155行 存在层级冲突
vcs.snssdk.com#Black_list_tmp.txt第281775行 与上级域名snssdk.com#Black_list_tmp.txt第232155行 存在层级冲突
vd.l.qq.com#Black_list_tmp.txt第281809行 与上级域名l.qq.com#Black_list_tmp.txt第139821行 存在层级冲突
vd6.l.qq.com#Black_list_tmp.txt第281811行 与上级域名l.qq.com#Black_list_tmp.txt第139821行 存在层级冲突
ve.tsdlp.com#Black_list_tmp.txt第281946行 与上级域名tsdlp.com#Black_list_tmp.txt第272776行 存在层级冲突
veenmedia-ads.reviveservers.com#Black_list_tmp.txt第282001行 与上级域名reviveservers.com#Black_list_tmp.txt第205901行 存在层级冲突
velocitypartners.actonservice.com#Black_list_tmp.txt第282092行 与上级域名actonservice.com#Black_list_tmp.txt第16241行 存在层级冲突
veoci.actonservice.com#Black_list_tmp.txt第282212行 与上级域名actonservice.com#Black_list_tmp.txt第16241行 存在层级冲突
ver.touclick.com#Black_list_tmp.txt第282243行 与上级域名touclick.com#Black_list_tmp.txt第264983行 存在层级冲突
verify.snssdk.com#Black_list_tmp.txt第282312行 与上级域名snssdk.com#Black_list_tmp.txt第232155行 存在层级冲突
vertexcs.actonservice.com#Black_list_tmp.txt第282375行 与上级域名actonservice.com#Black_list_tmp.txt第16241行 存在层级冲突
vetsource.actonservice.com#Black_list_tmp.txt第282440行 与上级域名actonservice.com#Black_list_tmp.txt第16241行 存在层级冲突
vfdemsp.mno.link#Black_list_tmp.txt第282499行 与上级域名mno.link#Black_list_tmp.txt第166687行 存在层级冲突
vfes.mno.link#Black_list_tmp.txt第282507行 与上级域名mno.link#Black_list_tmp.txt第166687行 存在层级冲突
vfesmsp.mno.link#Black_list_tmp.txt第282508行 与上级域名mno.link#Black_list_tmp.txt第166687行 存在层级冲突
vfit.mno.link#Black_list_tmp.txt第282525行 与上级域名mno.link#Black_list_tmp.txt第166687行 存在层级冲突
vfuk.mno.link#Black_list_tmp.txt第282584行 与上级域名mno.link#Black_list_tmp.txt第166687行 存在层级冲突
vg.aty.sohu.com#Black_list_tmp.txt第282608行 与上级域名aty.sohu.com#Black_list_tmp.txt第34072行 存在层级冲突
vi.l.qq.com#Black_list_tmp.txt第282825行 与上级域名l.qq.com#Black_list_tmp.txt第139821行 存在层级冲突
vi0.mzy2014.com#Black_list_tmp.txt第282828行 与上级域名mzy2014.com#Black_list_tmp.txt第171176行 存在层级冲突
vi1.mzy2014.com#Black_list_tmp.txt第282830行 与上级域名mzy2014.com#Black_list_tmp.txt第171176行 存在层级冲突
vi1.souid.com#Black_list_tmp.txt第282831行 与上级域名souid.com#Black_list_tmp.txt第233498行 存在层级冲突
vid.applovin.com#Black_list_tmp.txt第282992行 与上级域名applovin.com#Black_list_tmp.txt第31454行 存在层级冲突
vid.springserve.com#Black_list_tmp.txt第282994行 与上级域名springserve.com#Black_list_tmp.txt第234742行 存在层级冲突
video-ad-stats.googlesyndication.com#Black_list_tmp.txt第283029行 与上级域名googlesyndication.com#Black_list_tmp.txt第105089行 存在层级冲突
video-ads-module.ad-tech.nbcuni.com#Black_list_tmp.txt第283032行 与上级域名ad-tech.nbcuni.com#Black_list_tmp.txt第16514行 存在层级冲突
video-ads.rubiconproject.com-v1.edgekey.net#Black_list_tmp.txt第283034行 与上级域名rubiconproject.com-v1.edgekey.net#Black_list_tmp.txt第209800行 存在层级冲突
video-cn.oceanengine.com#Black_list_tmp.txt第283038行 与上级域名oceanengine.com#Black_list_tmp.txt第178725行 存在层级冲突
video-cn.snssdk.com#Black_list_tmp.txt第283039行 与上级域名snssdk.com#Black_list_tmp.txt第232155行 存在层级冲突
video.adsninja.ca#Black_list_tmp.txt第283051行 与上级域名adsninja.ca#Black_list_tmp.txt第20942行 存在层级冲突
video.cdnako.com#Black_list_tmp.txt第283054行 与上级域名cdnako.com#Black_list_tmp.txt第50827行 存在层级冲突
video.cooguo.com#Black_list_tmp.txt第283055行 与上级域名cooguo.com#Black_list_tmp.txt第58688行 存在层级冲突
video.dmmjp.cc#Black_list_tmp.txt第283058行 与上级域名dmmjp.cc#Black_list_tmp.txt第76570行 存在层级冲突
video.mediav.com#Black_list_tmp.txt第283064行 与上级域名mediav.com#Black_list_tmp.txt第160540行 存在层级冲突
video.missav001.lol#Black_list_tmp.txt第283065行 与上级域名missav001.lol#Black_list_tmp.txt第165676行 存在层级冲突
video.mnaspm.com#Black_list_tmp.txt第283066行 与上级域名mnaspm.com#Black_list_tmp.txt第166625行 存在层级冲突
video.streaming.estream.to#Black_list_tmp.txt第283071行 与上级域名estream.to#Black_list_tmp.txt第87608行 存在层级冲突
video.streamtape.com#Black_list_tmp.txt第283072行 与上级域名streamtape.com#Black_list_tmp.txt第252377行 存在层级冲突
video.umeng.com#Black_list_tmp.txt第283073行 与上级域名umeng.com#Black_list_tmp.txt第276581行 存在层级冲突
videoproxy.tanx.com#Black_list_tmp.txt第283127行 与上级域名tanx.com#Black_list_tmp.txt第258128行 存在层级冲突
vidfiles.net.mydays.de#Black_list_tmp.txt第283159行 与上级域名net.mydays.de#Black_list_tmp.txt第173147行 存在层级冲突
view.adjust.com#Black_list_tmp.txt第283439行 与上级域名adjust.com#Black_list_tmp.txt第18430行 存在层级冲突
vip.hyz86.com#Black_list_tmp.txt第283808行 与上级域名hyz86.com#Black_list_tmp.txt第120728行 存在层级冲突
vip.id528.com#Black_list_tmp.txt第283809行 与上级域名id528.com#Black_list_tmp.txt第121722行 存在层级冲突
vip.jindu179.com#Black_list_tmp.txt第283810行 与上级域名jindu179.com#Black_list_tmp.txt第131671行 存在层级冲突
vip.k3l.cn#Black_list_tmp.txt第283811行 与上级域名k3l.cn#Black_list_tmp.txt第134971行 存在层级冲突
vip.mall044.com#Black_list_tmp.txt第283813行 与上级域名mall044.com#Black_list_tmp.txt第156208行 存在层级冲突
vip.media8.cn#Black_list_tmp.txt第283815行 与上级域名media8.cn#Black_list_tmp.txt第160412行 存在层级冲突
vipauth.hpplay.cn#Black_list_tmp.txt第283831行 与上级域名hpplay.cn#Black_list_tmp.txt第118998行 存在层级冲突
vipgslb.hpplay.cn#Black_list_tmp.txt第283850行 与上级域名hpplay.cn#Black_list_tmp.txt第118998行 存在层级冲突
vipxyajs.data.kuiniuca.com#Black_list_tmp.txt第283882行 与上级域名data.kuiniuca.com#Black_list_tmp.txt第69710行 存在层级冲突
viqiyi.admaster.com.cn#Black_list_tmp.txt第283884行 与上级域名admaster.com.cn#Black_list_tmp.txt第18622行 存在层级冲突
visit.oschina.net#Black_list_tmp.txt第284034行 与上级域名oschina.net#Black_list_tmp.txt第182912行 存在层级冲突
visitor.omnitagjs.com#Black_list_tmp.txt第284072行 与上级域名omnitagjs.com#Black_list_tmp.txt第180797行 存在层级冲突
visitorlando.actonsoftware.com#Black_list_tmp.txt第284083行 与上级域名actonsoftware.com#Black_list_tmp.txt第16242行 存在层级冲突
vitalimages.actonservice.com#Black_list_tmp.txt第284135行 与上级域名actonservice.com#Black_list_tmp.txt第16241行 存在层级冲突
vitalmedia.actonservice.com#Black_list_tmp.txt第284138行 与上级域名actonservice.com#Black_list_tmp.txt第16241行 存在层级冲突
viu.actonservice.com#Black_list_tmp.txt第284164行 与上级域名actonservice.com#Black_list_tmp.txt第16241行 存在层级冲突
vividcortex.actonservice.com#Black_list_tmp.txt第284197行 与上级域名actonservice.com#Black_list_tmp.txt第16241行 存在层级冲突
vm.aty.sohu.com#Black_list_tmp.txt第284541行 与上级域名aty.sohu.com#Black_list_tmp.txt第34072行 存在层级冲突
vmi503011.contaboserver.net#Black_list_tmp.txt第284584行 与上级域名contaboserver.net#Black_list_tmp.txt第58178行 存在层级冲突
vo1r.getnewsupdate.info#Black_list_tmp.txt第284985行 与上级域名getnewsupdate.info#Black_list_tmp.txt第101412行 存在层级冲突
voila.refr.adgtw.orangeads.fr#Black_list_tmp.txt第285094行 与上级域名orangeads.fr#Black_list_tmp.txt第182428行 存在层级冲突
voiply.actonservice.com#Black_list_tmp.txt第285096行 与上级域名actonservice.com#Black_list_tmp.txt第16241行 存在层级冲突
vol.lflili.com#Black_list_tmp.txt第285116行 与上级域名lflili.com#Black_list_tmp.txt第142476行 存在层级冲突
volc.bj.ad.track.66mobi.com#Black_list_tmp.txt第285128行 与上级域名bj.ad.track.66mobi.com#Black_list_tmp.txt第41260行 存在层级冲突
vonazon.actonservice.com#Black_list_tmp.txt第285197行 与上级域名actonservice.com#Black_list_tmp.txt第16241行 存在层级冲突
vpn1.ga.mob.com#Black_list_tmp.txt第285502行 与上级域名mob.com#Black_list_tmp.txt第166827行 存在层级冲突
vpn2.ga.mob.com#Black_list_tmp.txt第285503行 与上级域名mob.com#Black_list_tmp.txt第166827行 存在层级冲突
vpptv.admaster.com.cn#Black_list_tmp.txt第285520行 与上级域名admaster.com.cn#Black_list_tmp.txt第18622行 存在层级冲突
vps.inte.sogou.com#Black_list_tmp.txt第285532行 与上级域名inte.sogou.com#Black_list_tmp.txt第127167行 存在层级冲突
vqq.admaster.com.cn#Black_list_tmp.txt第285632行 与上级域名admaster.com.cn#Black_list_tmp.txt第18622行 存在层级冲突
vr.gdt.qq.com#Black_list_tmp.txt第285669行 与上级域名gdt.qq.com#Black_list_tmp.txt第100514行 存在层级冲突
vs1.szcu.u3.ucweb.com#Black_list_tmp.txt第285801行 与上级域名u3.ucweb.com#Black_list_tmp.txt第274781行 存在层级冲突
vs19.gzcu.u3.ucweb.com#Black_list_tmp.txt第285802行 与上级域名u3.ucweb.com#Black_list_tmp.txt第274781行 存在层级冲突
vs2.bjct.u3.ucweb.com#Black_list_tmp.txt第285803行 与上级域名u3.ucweb.com#Black_list_tmp.txt第274781行 存在层级冲突
vs2.gzcu.u3.ucweb.com#Black_list_tmp.txt第285804行 与上级域名u3.ucweb.com#Black_list_tmp.txt第274781行 存在层级冲突
vs6.gzct.uc.ucweb.com#Black_list_tmp.txt第285807行 与上级域名uc.ucweb.com#Black_list_tmp.txt第275140行 存在层级冲突
vs7.gzcu.u3.ucweb.com#Black_list_tmp.txt第285808行 与上级域名u3.ucweb.com#Black_list_tmp.txt第274781行 存在层级冲突
vs8.gzct.u3.ucweb.com#Black_list_tmp.txt第285809行 与上级域名u3.ucweb.com#Black_list_tmp.txt第274781行 存在层级冲突
vs8.gzcu.u3.ucweb.com#Black_list_tmp.txt第285810行 与上级域名u3.ucweb.com#Black_list_tmp.txt第274781行 存在层级冲突
vsv-val.looksmart.com#Black_list_tmp.txt第285933行 与上级域名looksmart.com#Black_list_tmp.txt第151945行 存在层级冲突
vt.ipinyou.com#Black_list_tmp.txt第285952行 与上级域名ipinyou.com#Black_list_tmp.txt第128028行 存在层级冲突
vulcan1.branch.io#Black_list_tmp.txt第286162行 与上级域名branch.io#Black_list_tmp.txt第43978行 存在层级冲突
vulcan5.branch.io#Black_list_tmp.txt第286163行 与上级域名branch.io#Black_list_tmp.txt第43978行 存在层级冲突
vv.adintl.cn#Black_list_tmp.txt第286245行 与上级域名adintl.cn#Black_list_tmp.txt第18362行 存在层级冲突
vvip.cnzz.com#Black_list_tmp.txt第286298行 与上级域名cnzz.com#Black_list_tmp.txt第55958行 存在层级冲突
vvv.dingouqc.com#Black_list_tmp.txt第286359行 与上级域名dingouqc.com#Black_list_tmp.txt第75075行 存在层级冲突
vz-cdn.contentabc.com#Black_list_tmp.txt第286708行 与上级域名contentabc.com#Black_list_tmp.txt第58396行 存在层级冲突
vz-cdn.trafficjunky.net#Black_list_tmp.txt第286709行 与上级域名trafficjunky.net#Black_list_tmp.txt第270510行 存在层级冲突
vzttq.brfvyrrp.com#Black_list_tmp.txt第286785行 与上级域名brfvyrrp.com#Black_list_tmp.txt第44298行 存在层级冲突
w.cnzz.com#Black_list_tmp.txt第286823行 与上级域名cnzz.com#Black_list_tmp.txt第55958行 存在层级冲突
w.inmobi.com#Black_list_tmp.txt第286830行 与上级域名inmobi.com#Black_list_tmp.txt第126488行 存在层级冲突
w.irs03.com#Black_list_tmp.txt第286831行 与上级域名irs03.com#Black_list_tmp.txt第128511行 存在层级冲突
w.jscsd.cn#Black_list_tmp.txt第286832行 与上级域名jscsd.cn#Black_list_tmp.txt第133604行 存在层级冲突
w.l.qq.com#Black_list_tmp.txt第286834行 与上级域名l.qq.com#Black_list_tmp.txt第139821行 存在层级冲突
w.punchbox.org#Black_list_tmp.txt第286838行 与上级域名punchbox.org#Black_list_tmp.txt第196654行 存在层级冲突
w.sharethis.com#Black_list_tmp.txt第286841行 与上级域名sharethis.com#Black_list_tmp.txt第224660行 存在层级冲突
w.uptolike.com#Black_list_tmp.txt第286846行 与上级域名uptolike.com#Black_list_tmp.txt第278349行 存在层级冲突
w1.kskwai.com#Black_list_tmp.txt第286876行 与上级域名kskwai.com#Black_list_tmp.txt第138724行 存在层级冲突
w1.luckyorange.com#Black_list_tmp.txt第286877行 与上级域名luckyorange.com#Black_list_tmp.txt第153317行 存在层级冲突
w12.j8inn1zektoe.com#Black_list_tmp.txt第286883行 与上级域名j8inn1zektoe.com#Black_list_tmp.txt第129887行 存在层级冲突
w2.kskwai.com#Black_list_tmp.txt第286894行 与上级域名kskwai.com#Black_list_tmp.txt第138724行 存在层级冲突
wa.appsflyer.com#Black_list_tmp.txt第287076行 与上级域名appsflyer.com#Black_list_tmp.txt第31587行 存在层级冲突
wa.appsflyersdk.com#Black_list_tmp.txt第287077行 与上级域名appsflyersdk.com#Black_list_tmp.txt第31588行 存在层级冲突
walle.bayescom.com#Black_list_tmp.txt第287355行 与上级域名bayescom.com#Black_list_tmp.txt第37744行 存在层级冲突
wallet.advcash.com#Black_list_tmp.txt第287357行 与上级域名advcash.com#Black_list_tmp.txt第21565行 存在层级冲突
wallpaper.apc.360.cn#Black_list_tmp.txt第287368行 与上级域名360.cn#Black_list_tmp.txt第4252行 存在层级冲突
wallpapergyd.j8inn1zektoe.com#Black_list_tmp.txt第287369行 与上级域名j8inn1zektoe.com#Black_list_tmp.txt第129887行 存在层级冲突
wallpaperjunctiondownload.j8inn1zektoe.com#Black_list_tmp.txt第287370行 与上级域名j8inn1zektoe.com#Black_list_tmp.txt第129887行 存在层级冲突
wan.2345.com#Black_list_tmp.txt第287398行 与上级域名2345.com#Black_list_tmp.txt第3220行 存在层级冲突
wan.360.cn#Black_list_tmp.txt第287399行 与上级域名360.cn#Black_list_tmp.txt第4252行 存在层级冲突
wap.114so.cn#Black_list_tmp.txt第287502行 与上级域名114so.cn#Black_list_tmp.txt第1094行 存在层级冲突
wap.138lm.com#Black_list_tmp.txt第287503行 与上级域名138lm.com#Black_list_tmp.txt第1546行 存在层级冲突
wap.2f.com#Black_list_tmp.txt第287504行 与上级域名2f.com#Black_list_tmp.txt第3657行 存在层级冲突
wap.duxiaoman.com#Black_list_tmp.txt第287508行 与上级域名duxiaoman.com#Black_list_tmp.txt第79917行 存在层级冲突
wap.gxzhshop.com#Black_list_tmp.txt第287509行 与上级域名gxzhshop.com#Black_list_tmp.txt第113446行 存在层级冲突
wap.j8inn1zektoe.com#Black_list_tmp.txt第287510行 与上级域名j8inn1zektoe.com#Black_list_tmp.txt第129887行 存在层级冲突
wap.moad.cn#Black_list_tmp.txt第287511行 与上级域名moad.cn#Black_list_tmp.txt第166797行 存在层级冲突
wap3.ucweb.com#Black_list_tmp.txt第287523行 与上级域名ucweb.com#Black_list_tmp.txt第275299行 存在层级冲突
warfieldtech.actonservice.com#Black_list_tmp.txt第287580行 与上级域名actonservice.com#Black_list_tmp.txt第16241行 存在层级冲突
warrenfcu.actonservice.com#Black_list_tmp.txt第287637行 与上级域名actonservice.com#Black_list_tmp.txt第16241行 存在层级冲突
washington.j8inn1zektoe.com#Black_list_tmp.txt第287704行 与上级域名j8inn1zektoe.com#Black_list_tmp.txt第129887行 存在层级冲突
washlaundry.actonservice.com#Black_list_tmp.txt第287706行 与上级域名actonservice.com#Black_list_tmp.txt第16241行 存在层级冲突
watchingmoviesfree.j8inn1zektoe.com#Black_list_tmp.txt第287783行 与上级域名j8inn1zektoe.com#Black_list_tmp.txt第129887行 存在层级冲突
watchkbsmbcsbs.j8inn1zektoe.com#Black_list_tmp.txt第287788行 与上级域名j8inn1zektoe.com#Black_list_tmp.txt第129887行 存在层级冲突
watchmedaddy.j8inn1zektoe.com#Black_list_tmp.txt第287791行 与上级域名j8inn1zektoe.com#Black_list_tmp.txt第129887行 存在层级冲突
watchmpacquiaovsjmmarquez3livestream.j8inn1zektoe.com#Black_list_tmp.txt第287792行 与上级域名j8inn1zektoe.com#Black_list_tmp.txt第129887行 存在层级冲突
watchnewmoviesonline.j8inn1zektoe.com#Black_list_tmp.txt第287799行 与上级域名j8inn1zektoe.com#Black_list_tmp.txt第129887行 存在层级冲突
watchthecradle.j8inn1zektoe.com#Black_list_tmp.txt第287811行 与上级域名j8inn1zektoe.com#Black_list_tmp.txt第129887行 存在层级冲突
watson.ppe.telemetry.microsoft.com#Black_list_tmp.txt第287858行 与上级域名telemetry.microsoft.com#Black_list_tmp.txt第260074行 存在层级冲突
watson.telemetry.microsoft.com#Black_list_tmp.txt第287859行 与上级域名telemetry.microsoft.com#Black_list_tmp.txt第260074行 存在层级冲突
wawafinanceessais.j8inn1zektoe.com#Black_list_tmp.txt第287931行 与上级域名j8inn1zektoe.com#Black_list_tmp.txt第129887行 存在层级冲突
way2earner.j8inn1zektoe.com#Black_list_tmp.txt第287956行 与上级域名j8inn1zektoe.com#Black_list_tmp.txt第129887行 存在层级冲突
wb-ezapi.getui.cn#Black_list_tmp.txt第287999行 与上级域名getui.cn#Black_list_tmp.txt第101494行 存在层级冲突
wb-talk.nz4.getui.cn#Black_list_tmp.txt第288000行 与上级域名getui.cn#Black_list_tmp.txt第101494行 存在层级冲突
wb-talk.nz4.getui.com#Black_list_tmp.txt第288001行 与上级域名getui.com#Black_list_tmp.txt第101495行 存在层级冲突
wbapp.uve.weibo.com#Black_list_tmp.txt第288015行 与上级域名uve.weibo.com#Black_list_tmp.txt第280068行 存在层级冲突
wbwl.houyi.baofeng.net#Black_list_tmp.txt第288134行 与上级域名houyi.baofeng.net#Black_list_tmp.txt第118826行 存在层级冲突
wc.51.la#Black_list_tmp.txt第288145行 与上级域名51.la#Black_list_tmp.txt第5675行 存在层级冲突
wd-edge.sharethis.com#Black_list_tmp.txt第288287行 与上级域名sharethis.com#Black_list_tmp.txt第224660行 存在层级冲突
wd.adcolony.com#Black_list_tmp.txt第288288行 与上级域名adcolony.com#Black_list_tmp.txt第17753行 存在层级冲突
wdaa.shuzilm.cn#Black_list_tmp.txt第288292行 与上级域名shuzilm.cn#Black_list_tmp.txt第226117行 存在层级冲突
wdb.cn.miaozhen.com#Black_list_tmp.txt第288301行 与上级域名cn.miaozhen.com#Black_list_tmp.txt第55705行 存在层级冲突
wdpro-mkt-prod2-lb.campaign.adobe.com#Black_list_tmp.txt第288353行 与上级域名campaign.adobe.com#Black_list_tmp.txt第47940行 存在层级冲突
wds.inte.sogoucdn.com#Black_list_tmp.txt第288363行 与上级域名inte.sogoucdn.com#Black_list_tmp.txt第127168行 存在层级冲突
wealthcarecapital.actonservice.com#Black_list_tmp.txt第288445行 与上级域名actonservice.com#Black_list_tmp.txt第16241行 存在层级冲突
wearethebest.j8inn1zektoe.com#Black_list_tmp.txt第288475行 与上级域名j8inn1zektoe.com#Black_list_tmp.txt第129887行 存在层级冲突
web-event.tradplusad.com#Black_list_tmp.txt第288532行 与上级域名tradplusad.com#Black_list_tmp.txt第270418行 存在层级冲突
web-nova.j8inn1zektoe.com#Black_list_tmp.txt第288540行 与上级域名j8inn1zektoe.com#Black_list_tmp.txt第129887行 存在层级冲突
web-stat.jiguang.cn#Black_list_tmp.txt第288550行 与上级域名jiguang.cn#Black_list_tmp.txt第131597行 存在层级冲突
web-stat.jpush.cn#Black_list_tmp.txt第288551行 与上级域名jpush.cn#Black_list_tmp.txt第133024行 存在层级冲突
web.adblade.com#Black_list_tmp.txt第288565行 与上级域名adblade.com#Black_list_tmp.txt第17528行 存在层级冲突
web.da.mgtv.com#Black_list_tmp.txt第288610行 与上级域名da.mgtv.com#Black_list_tmp.txt第65334行 存在层级冲突
web.houyi.baofeng.net#Black_list_tmp.txt第288669行 与上级域名houyi.baofeng.net#Black_list_tmp.txt第118826行 存在层级冲突
web.tmearn.com#Black_list_tmp.txt第288801行 与上级域名tmearn.com#Black_list_tmp.txt第263717行 存在层级冲突
web.umeng.com#Black_list_tmp.txt第288814行 与上级域名umeng.com#Black_list_tmp.txt第276581行 存在层级冲突
web1.51.la#Black_list_tmp.txt第288832行 与上级域名51.la#Black_list_tmp.txt第5675行 存在层级冲突
web2magazine.j8inn1zektoe.com#Black_list_tmp.txt第288840行 与上级域名j8inn1zektoe.com#Black_list_tmp.txt第129887行 存在层级冲突
webapi.salamantex.com#Black_list_tmp.txt第288875行 与上级域名salamantex.com#Black_list_tmp.txt第212953行 存在层级冲突
webapi.sms.mob.com#Black_list_tmp.txt第288876行 与上级域名mob.com#Black_list_tmp.txt第166827行 存在层级冲突
webapi.staging.salamantex.com#Black_list_tmp.txt第288877行 与上级域名salamantex.com#Black_list_tmp.txt第212953行 存在层级冲突
webcasts.partnermcafee.com#Black_list_tmp.txt第288916行 与上级域名partnermcafee.com#Black_list_tmp.txt第186658行 存在层级冲突
webdevelopmentcompany.j8inn1zektoe.com#Black_list_tmp.txt第289037行 与上级域名j8inn1zektoe.com#Black_list_tmp.txt第129887行 存在层级冲突
webforbiz.j8inn1zektoe.com#Black_list_tmp.txt第289053行 与上级域名j8inn1zektoe.com#Black_list_tmp.txt第129887行 存在层级冲突
webmail.miaozhen.com#Black_list_tmp.txt第289117行 与上级域名miaozhen.com#Black_list_tmp.txt第164918行 存在层级冲突
webpush.adqva.com#Black_list_tmp.txt第289180行 与上级域名adqva.com#Black_list_tmp.txt第19260行 存在层级冲突
webpushstat.api.engagelab.cc#Black_list_tmp.txt第289190行 与上级域名engagelab.cc#Black_list_tmp.txt第86024行 存在层级冲突
webreporting.j8inn1zektoe.com#Black_list_tmp.txt第289193行 与上级域名j8inn1zektoe.com#Black_list_tmp.txt第129887行 存在层级冲突
websdk.appsflyer.com#Black_list_tmp.txt第289203行 与上级域名appsflyer.com#Black_list_tmp.txt第31587行 存在层级冲突
websdk.appsflyersdk.com#Black_list_tmp.txt第289204行 与上级域名appsflyersdk.com#Black_list_tmp.txt第31588行 存在层级冲突
webtool-delivery.reviveservers.com#Black_list_tmp.txt第289381行 与上级域名reviveservers.com#Black_list_tmp.txt第205901行 存在层级冲突
webview.unityads.unity3d.com#Black_list_tmp.txt第289445行 与上级域名unityads.unity3d.com#Black_list_tmp.txt第277309行 存在层级冲突
wedlock.j8inn1zektoe.com#Black_list_tmp.txt第289492行 与上级域名j8inn1zektoe.com#Black_list_tmp.txt第129887行 存在层级冲突
weidenhammer.actonservice.com#Black_list_tmp.txt第289591行 与上级域名actonservice.com#Black_list_tmp.txt第16241行 存在层级冲突
weixin.miaozhen.com#Black_list_tmp.txt第289638行 与上级域名miaozhen.com#Black_list_tmp.txt第164918行 存在层级冲突
welcome.j8inn1zektoe.com#Black_list_tmp.txt第289692行 与上级域名j8inn1zektoe.com#Black_list_tmp.txt第129887行 存在层级冲突
wen.jshbyn.com#Black_list_tmp.txt第289799行 与上级域名jshbyn.com#Black_list_tmp.txt第133628行 存在层级冲突
wendisbookcorner.j8inn1zektoe.com#Black_list_tmp.txt第289809行 与上级域名j8inn1zektoe.com#Black_list_tmp.txt第129887行 存在层级冲突
wernerelectric.actonservice.com#Black_list_tmp.txt第289861行 与上级域名actonservice.com#Black_list_tmp.txt第16241行 存在层级冲突
wgie.0z5jn.cn#Black_list_tmp.txt第290099行 与上级域名0z5jn.cn#Black_list_tmp.txt第613行 存在层级冲突
wgo.mmstat.com#Black_list_tmp.txt第290113行 与上级域名mmstat.com#Black_list_tmp.txt第166579行 存在层级冲突
whale-api.aiclk.com#Black_list_tmp.txt第290188行 与上级域名aiclk.com#Black_list_tmp.txt第23786行 存在层级冲突
whatcounts.branch.rocks#Black_list_tmp.txt第290226行 与上级域名branch.rocks#Black_list_tmp.txt第44001行 存在层级冲突
whatsforsupper-juno.j8inn1zektoe.com#Black_list_tmp.txt第290248行 与上级域名j8inn1zektoe.com#Black_list_tmp.txt第129887行 存在层级冲突
whatsonthebookshelf-jen.j8inn1zektoe.com#Black_list_tmp.txt第290250行 与上级域名j8inn1zektoe.com#Black_list_tmp.txt第129887行 存在层级冲突
whirlwindofsurprises.j8inn1zektoe.com#Black_list_tmp.txt第290477行 与上级域名j8inn1zektoe.com#Black_list_tmp.txt第129887行 存在层级冲突
whispers-shadow.j8inn1zektoe.com#Black_list_tmp.txt第290498行 与上级域名j8inn1zektoe.com#Black_list_tmp.txt第129887行 存在层级冲突
whispersintheloggia.j8inn1zektoe.com#Black_list_tmp.txt第290499行 与上级域名j8inn1zektoe.com#Black_list_tmp.txt第129887行 存在层级冲突
whitelist.admonitor.miaozhen.com#Black_list_tmp.txt第290526行 与上级域名admonitor.miaozhen.com#Black_list_tmp.txt第18801行 存在层级冲突
whn.star-media.cn#Black_list_tmp.txt第290569行 与上级域名star-media.cn#Black_list_tmp.txt第248370行 存在层级冲突
whu.cwpush.com#Black_list_tmp.txt第290725行 与上级域名cwpush.com#Black_list_tmp.txt第62693行 存在层级冲突
widget.criteo.com#Black_list_tmp.txt第290858行 与上级域名criteo.com#Black_list_tmp.txt第60821行 存在层级冲突
widget.crowdignite.com#Black_list_tmp.txt第290859行 与上级域名crowdignite.com#Black_list_tmp.txt第60978行 存在层级冲突
widget.oncustomer.asia#Black_list_tmp.txt第290874行 与上级域名oncustomer.asia#Black_list_tmp.txt第181101行 存在层级冲突
widget.spoods.io#Black_list_tmp.txt第290887行 与上级域名spoods.io#Black_list_tmp.txt第234569行 存在层级冲突
widgets.amung.us#Black_list_tmp.txt第290904行 与上级域名amung.us#Black_list_tmp.txt第26231行 存在层级冲突
widgets.jobbio.com#Black_list_tmp.txt第290920行 与上级域名jobbio.com#Black_list_tmp.txt第132448行 存在层级冲突
widgets.outbrain.com#Black_list_tmp.txt第290928行 与上级域名outbrain.com#Black_list_tmp.txt第183618行 存在层级冲突
widgets.spklw.com#Black_list_tmp.txt第290936行 与上级域名spklw.com#Black_list_tmp.txt第234382行 存在层级冲突
widgets.sprinkletxt.com#Black_list_tmp.txt第290937行 与上级域名sprinkletxt.com#Black_list_tmp.txt第234746行 存在层级冲突
wife.goldspring.net#Black_list_tmp.txt第290968行 与上级域名goldspring.net#Black_list_tmp.txt第104897行 存在层级冲突
wifiapi01.51y5.net#Black_list_tmp.txt第290977行 与上级域名51y5.net#Black_list_tmp.txt第5759行 存在层级冲突
wifiapi02.51y5.net#Black_list_tmp.txt第290978行 与上级域名51y5.net#Black_list_tmp.txt第5759行 存在层级冲突
wifishow.ggsafe.com#Black_list_tmp.txt第290982行 与上级域名ggsafe.com#Black_list_tmp.txt第101928行 存在层级冲突
wiki.irs01.com#Black_list_tmp.txt第291032行 与上级域名irs01.com#Black_list_tmp.txt第128509行 存在层级冲突
wiki.mob.com#Black_list_tmp.txt第291033行 与上级域名mob.com#Black_list_tmp.txt第166827行 存在层级冲突
wiki.vlion.cn#Black_list_tmp.txt第291035行 与上级域名vlion.cn#Black_list_tmp.txt第284463行 存在层级冲突
wildcard.aniview.com.edgekey.net#Black_list_tmp.txt第291058行 与上级域名aniview.com.edgekey.net#Black_list_tmp.txt第27542行 存在层级冲突
wildcard.betrad.com.edgekey.net#Black_list_tmp.txt第291059行 与上级域名betrad.com.edgekey.net#Black_list_tmp.txt第39731行 存在层级冲突
wildcard.bkrtx.com.edgekey.net#Black_list_tmp.txt第291060行 与上级域名bkrtx.com.edgekey.net#Black_list_tmp.txt第41535行 存在层级冲突
wildcard.evidon.com.edgekey.net#Black_list_tmp.txt第291061行 与上级域名evidon.com.edgekey.net#Black_list_tmp.txt第88990行 存在层级冲突
wildcard.marketo.com.edgekey.net#Black_list_tmp.txt第291062行 与上级域名marketo.com.edgekey.net#Black_list_tmp.txt第158612行 存在层级冲突
wildcard.marketo.net.edgekey.net#Black_list_tmp.txt第291063行 与上级域名marketo.net.edgekey.net#Black_list_tmp.txt第158614行 存在层级冲突
wildcard.moatads.com.edgekey.net#Black_list_tmp.txt第291064行 与上级域名moatads.com.edgekey.net#Black_list_tmp.txt第166818行 存在层级冲突
wildcard.ntv.io.edgekey.net#Black_list_tmp.txt第291065行 与上级域名ntv.io.edgekey.net#Black_list_tmp.txt第176940行 存在层级冲突
wildcard.outbrain.com.edgekey.net#Black_list_tmp.txt第291066行 与上级域名outbrain.com.edgekey.net#Black_list_tmp.txt第183619行 存在层级冲突
wildcard.outbrainimg.com.edgekey.net#Black_list_tmp.txt第291067行 与上级域名outbrainimg.com.edgekey.net#Black_list_tmp.txt第183622行 存在层级冲突
wildcard.owneriq.net.edgekey.net#Black_list_tmp.txt第291068行 与上级域名owneriq.net.edgekey.net#Black_list_tmp.txt第184168行 存在层级冲突
wildcard46.akstat.io.edgekey.net#Black_list_tmp.txt第291069行 与上级域名akstat.io.edgekey.net#Black_list_tmp.txt第24524行 存在层级冲突
williamlanderson.j8inn1zektoe.com#Black_list_tmp.txt第291112行 与上级域名j8inn1zektoe.com#Black_list_tmp.txt第129887行 存在层级冲突
willowing.j8inn1zektoe.com#Black_list_tmp.txt第291125行 与上级域名j8inn1zektoe.com#Black_list_tmp.txt第129887行 存在层级冲突
win.gdt.qq.com#Black_list_tmp.txt第291180行 与上级域名gdt.qq.com#Black_list_tmp.txt第100514行 存在层级冲突
winnotice.inmobi.cn#Black_list_tmp.txt第291289行 与上级域名inmobi.cn#Black_list_tmp.txt第126487行 存在层级冲突
wj.jpush.cn#Black_list_tmp.txt第291565行 与上级域名jpush.cn#Black_list_tmp.txt第133024行 存在层级冲突
wj.mzvpn.miaozhen.com#Black_list_tmp.txt第291566行 与上级域名miaozhen.com#Black_list_tmp.txt第164918行 存在层级冲突
wkbrs1.tingyun.com#Black_list_tmp.txt第291667行 与上级域名tingyun.com#Black_list_tmp.txt第262671行 存在层级冲突
wkbrs2.tingyun.com#Black_list_tmp.txt第291668行 与上级域名tingyun.com#Black_list_tmp.txt第262671行 存在层级冲突
wkdcm1.tingyun.com#Black_list_tmp.txt第291674行 与上级域名tingyun.com#Black_list_tmp.txt第262671行 存在层级冲突
wkdcm1v6.tingyun.com#Black_list_tmp.txt第291675行 与上级域名tingyun.com#Black_list_tmp.txt第262671行 存在层级冲突
wkdcm2.tingyun.com#Black_list_tmp.txt第291676行 与上级域名tingyun.com#Black_list_tmp.txt第262671行 存在层级冲突
wkdcs1.tingyun.com#Black_list_tmp.txt第291677行 与上级域名tingyun.com#Black_list_tmp.txt第262671行 存在层级冲突
wkmp2.tingyun.com#Black_list_tmp.txt第291707行 与上级域名tingyun.com#Black_list_tmp.txt第262671行 存在层级冲突
wkrd.tingyun.com#Black_list_tmp.txt第291731行 与上级域名tingyun.com#Black_list_tmp.txt第262671行 存在层级冲突
wkrt.tingyun.com#Black_list_tmp.txt第291733行 与上级域名tingyun.com#Black_list_tmp.txt第262671行 存在层级冲突
wl.51taifu.com#Black_list_tmp.txt第291769行 与上级域名51taifu.com#Black_list_tmp.txt第5751行 存在层级冲突
wl.aniview.com.edgekey.net#Black_list_tmp.txt第291770行 与上级域名aniview.com.edgekey.net#Black_list_tmp.txt第27542行 存在层级冲突
wl.houyi.baofeng.net#Black_list_tmp.txt第291775行 与上级域名houyi.baofeng.net#Black_list_tmp.txt第118826行 存在层级冲突
wlad-el3am.j8inn1zektoe.com#Black_list_tmp.txt第291784行 与上级域名j8inn1zektoe.com#Black_list_tmp.txt第129887行 存在层级冲突
wlb1.cdn.stickyadstv.com.akadns.net#Black_list_tmp.txt第291789行 与上级域名cdn.stickyadstv.com.akadns.net#Black_list_tmp.txt第50677行 存在层级冲突
wlb2.cdn.stickyadstv.com.akadns.net#Black_list_tmp.txt第291790行 与上级域名cdn.stickyadstv.com.akadns.net#Black_list_tmp.txt第50677行 存在层级冲突
wlneteller.adsrv.eacdn.com#Black_list_tmp.txt第291849行 与上级域名eacdn.com#Black_list_tmp.txt第81600行 存在层级冲突
wlpinnaclesports.eacdn.com#Black_list_tmp.txt第291860行 与上级域名eacdn.com#Black_list_tmp.txt第81600行 存在层级冲突
wm.lrswl.com#Black_list_tmp.txt第291908行 与上级域名lrswl.com#Black_list_tmp.txt第152959行 存在层级冲突
wmcdn.qtmojo.cn#Black_list_tmp.txt第291937行 与上级域名qtmojo.cn#Black_list_tmp.txt第200346行 存在层级冲突
wn.pos.baidu.com#Black_list_tmp.txt第292038行 与上级域名pos.baidu.com#Black_list_tmp.txt第192763行 存在层级冲突
wnb-net.j8inn1zektoe.com#Black_list_tmp.txt第292053行 与上级域名j8inn1zektoe.com#Black_list_tmp.txt第129887行 存在层级冲突
wondershake-jp.j8inn1zektoe.com#Black_list_tmp.txt第292325行 与上级域名j8inn1zektoe.com#Black_list_tmp.txt第129887行 存在层级冲突
woodruffsweitzer.actonservice.com#Black_list_tmp.txt第292359行 与上级域名actonservice.com#Black_list_tmp.txt第16241行 存在层级冲突
woodtone.actonservice.com#Black_list_tmp.txt第292364行 与上级域名actonservice.com#Black_list_tmp.txt第16241行 存在层级冲突
wooplr.j8inn1zektoe.com#Black_list_tmp.txt第292394行 与上级域名j8inn1zektoe.com#Black_list_tmp.txt第129887行 存在层级冲突
workandincome.j8inn1zektoe.com#Black_list_tmp.txt第292463行 与上级域名j8inn1zektoe.com#Black_list_tmp.txt第129887行 存在层级冲突
workbench.umeng.com#Black_list_tmp.txt第292465行 与上级域名umeng.com#Black_list_tmp.txt第276581行 存在层级冲突
worldmustbecrazy.j8inn1zektoe.com#Black_list_tmp.txt第292536行 与上级域名j8inn1zektoe.com#Black_list_tmp.txt第129887行 存在层级冲突
worldnetpr.actonservice.com#Black_list_tmp.txt第292538行 与上级域名actonservice.com#Black_list_tmp.txt第16241行 存在层级冲突
worldweirdcinema.j8inn1zektoe.com#Black_list_tmp.txt第292550行 与上级域名j8inn1zektoe.com#Black_list_tmp.txt第129887行 存在层级冲突
worldwide-defence.j8inn1zektoe.com#Black_list_tmp.txt第292553行 与上级域名j8inn1zektoe.com#Black_list_tmp.txt第129887行 存在层级冲突
wow-guide.j8inn1zektoe.com#Black_list_tmp.txt第292685行 与上级域名j8inn1zektoe.com#Black_list_tmp.txt第129887行 存在层级冲突
wowgoldqqlove.j8inn1zektoe.com#Black_list_tmp.txt第292695行 与上级域名j8inn1zektoe.com#Black_list_tmp.txt第129887行 存在层级冲突
wowlbjgold.j8inn1zektoe.com#Black_list_tmp.txt第292701行 与上级域名j8inn1zektoe.com#Black_list_tmp.txt第129887行 存在层级冲突
wp.24smi.org#Black_list_tmp.txt第292726行 与上级域名24smi.org#Black_list_tmp.txt第3351行 存在层级冲突
wpb.wgplayer.com#Black_list_tmp.txt第292737行 与上级域名wgplayer.com#Black_list_tmp.txt第290119行 存在层级冲突
wpe-client02-vm4.net.mydays.de#Black_list_tmp.txt第292751行 与上级域名net.mydays.de#Black_list_tmp.txt第173147行 存在层级冲突
wpte.j8inn1zektoe.com#Black_list_tmp.txt第292821行 与上级域名j8inn1zektoe.com#Black_list_tmp.txt第129887行 存在层级冲突
wr.da.netease.com#Black_list_tmp.txt第292935行 与上级域名da.netease.com#Black_list_tmp.txt第65337行 存在层级冲突
wrapper-api.sp-prod.net#Black_list_tmp.txt第292949行 与上级域名sp-prod.net#Black_list_tmp.txt第233658行 存在层级冲突
wrx.lesson99.com#Black_list_tmp.txt第293144行 与上级域名lesson99.com#Black_list_tmp.txt第142175行 存在层级冲突
ws-eu.amazon-adsystem.com#Black_list_tmp.txt第293162行 与上级域名amazon-adsystem.com#Black_list_tmp.txt第25848行 存在层级冲突
ws-na.amazon-adsystem.com#Black_list_tmp.txt第293165行 与上级域名amazon-adsystem.com#Black_list_tmp.txt第25848行 存在层级冲突
ws.im.jiguang.cn#Black_list_tmp.txt第293170行 与上级域名jiguang.cn#Black_list_tmp.txt第131597行 存在层级冲突
ws.mmstat.com#Black_list_tmp.txt第293172行 与上级域名mmstat.com#Black_list_tmp.txt第166579行 存在层级冲突
ws.otherlevels.com#Black_list_tmp.txt第293174行 与上级域名otherlevels.com#Black_list_tmp.txt第183199行 存在层级冲突
ws.tapjoyads.com#Black_list_tmp.txt第293178行 与上级域名tapjoyads.com#Black_list_tmp.txt第258235行 存在层级冲突
ws.voiceads.cn#Black_list_tmp.txt第293179行 与上级域名voiceads.cn#Black_list_tmp.txt第285072行 存在层级冲突
ws1.datouniao.com#Black_list_tmp.txt第293193行 与上级域名datouniao.com#Black_list_tmp.txt第71312行 存在层级冲突
ws2.datouniao.com#Black_list_tmp.txt第293195行 与上级域名datouniao.com#Black_list_tmp.txt第71312行 存在层级冲突
wsandco.actonservice.com#Black_list_tmp.txt第293202行 与上级域名actonservice.com#Black_list_tmp.txt第16241行 存在层级冲突
wshz.getui.net#Black_list_tmp.txt第293235行 与上级域名getui.net#Black_list_tmp.txt第101497行 存在层级冲突
wshzn.gepush.com#Black_list_tmp.txt第293236行 与上级域名gepush.com#Black_list_tmp.txt第101027行 存在层级冲突
wsoe.kwiago.com#Black_list_tmp.txt第293264行 与上级域名kwiago.com#Black_list_tmp.txt第139293行 存在层级冲突
wsp.marketgid.com#Black_list_tmp.txt第293269行 与上级域名marketgid.com#Black_list_tmp.txt第156684行 存在层级冲突
wsq.umeng.com#Black_list_tmp.txt第293275行 与上级域名umeng.com#Black_list_tmp.txt第276581行 存在层级冲突
wss.cnzz.com#Black_list_tmp.txt第293282行 与上级域名cnzz.com#Black_list_tmp.txt第55958行 存在层级冲突
wss.nablabee.com#Black_list_tmp.txt第293284行 与上级域名nablabee.com#Black_list_tmp.txt第171400行 存在层级冲突
wss.rand.com.ru#Black_list_tmp.txt第293285行 与上级域名rand.com.ru#Black_list_tmp.txt第202218行 存在层级冲突
wtm.monitoringservice.co#Black_list_tmp.txt第293399行 与上级域名monitoringservice.co#Black_list_tmp.txt第167649行 存在层级冲突
wuliao.epro.sogou.com#Black_list_tmp.txt第293547行 与上级域名epro.sogou.com#Black_list_tmp.txt第86805行 存在层级冲突
wuploadandfilesonic.j8inn1zektoe.com#Black_list_tmp.txt第293580行 与上级域名j8inn1zektoe.com#Black_list_tmp.txt第129887行 存在层级冲突
wv.inner-active.mobi#Black_list_tmp.txt第293649行 与上级域名inner-active.mobi#Black_list_tmp.txt第126503行 存在层级冲突
ww.cn.miaozhen.com#Black_list_tmp.txt第293734行 与上级域名cn.miaozhen.com#Black_list_tmp.txt第55705行 存在层级冲突
ww10.onetad.com#Black_list_tmp.txt第293744行 与上级域名onetad.com#Black_list_tmp.txt第181240行 存在层级冲突
ww101.onetad.com#Black_list_tmp.txt第293745行 与上级域名onetad.com#Black_list_tmp.txt第181240行 存在层级冲突
ww11.onetad.com#Black_list_tmp.txt第293747行 与上级域名onetad.com#Black_list_tmp.txt第181240行 存在层级冲突
ww12.onetad.com#Black_list_tmp.txt第293749行 与上级域名onetad.com#Black_list_tmp.txt第181240行 存在层级冲突
ww13.onetad.com#Black_list_tmp.txt第293750行 与上级域名onetad.com#Black_list_tmp.txt第181240行 存在层级冲突
ww202.keyyou.net#Black_list_tmp.txt第293760行 与上级域名keyyou.net#Black_list_tmp.txt第136216行 存在层级冲突
ww202.onetad.com#Black_list_tmp.txt第293761行 与上级域名onetad.com#Black_list_tmp.txt第181240行 存在层级冲突
ww251.smartadserver.com#Black_list_tmp.txt第293762行 与上级域名smartadserver.com#Black_list_tmp.txt第228249行 存在层级冲突
ww34.onetad.com#Black_list_tmp.txt第293763行 与上级域名onetad.com#Black_list_tmp.txt第181240行 存在层级冲突
ww346.onetad.com#Black_list_tmp.txt第293764行 与上级域名onetad.com#Black_list_tmp.txt第181240行 存在层级冲突
ww360.onetad.com#Black_list_tmp.txt第293765行 与上级域名onetad.com#Black_list_tmp.txt第181240行 存在层级冲突
ww363.onetad.com#Black_list_tmp.txt第293766行 与上级域名onetad.com#Black_list_tmp.txt第181240行 存在层级冲突
ww366.onetad.com#Black_list_tmp.txt第293767行 与上级域名onetad.com#Black_list_tmp.txt第181240行 存在层级冲突
ww5.j8inn1zektoe.com#Black_list_tmp.txt第293768行 与上级域名j8inn1zektoe.com#Black_list_tmp.txt第129887行 存在层级冲突
ww78.onetad.com#Black_list_tmp.txt第293770行 与上级域名onetad.com#Black_list_tmp.txt第181240行 存在层级冲突
ww8.onetad.com#Black_list_tmp.txt第293772行 与上级域名onetad.com#Black_list_tmp.txt第181240行 存在层级冲突
ww881.smartadserver.com#Black_list_tmp.txt第293773行 与上级域名smartadserver.com#Black_list_tmp.txt第228249行 存在层级冲突
ww9.onetad.com#Black_list_tmp.txt第293775行 与上级域名onetad.com#Black_list_tmp.txt第181240行 存在层级冲突
wwe.cnzz.com#Black_list_tmp.txt第293800行 与上级域名cnzz.com#Black_list_tmp.txt第55958行 存在层级冲突
wwv.onetad.com#Black_list_tmp.txt第293873行 与上级域名onetad.com#Black_list_tmp.txt第181240行 存在层级冲突
www.1-cl0ud.com#Black_list_tmp.txt第293930行 与上级域名1-cl0ud.com#Black_list_tmp.txt第617行 存在层级冲突
www.1-creative-1.com#Black_list_tmp.txt第293931行 与上级域名1-creative-1.com#Black_list_tmp.txt第618行 存在层级冲突
www.100-flannelman.com#Black_list_tmp.txt第293932行 与上级域名100-flannelman.com#Black_list_tmp.txt第736行 存在层级冲突
www.123-tracker.com#Black_list_tmp.txt第293939行 与上级域名123-tracker.com#Black_list_tmp.txt第1320行 存在层级冲突
www.123ad.com#Black_list_tmp.txt第293940行 与上级域名123ad.com#Black_list_tmp.txt第1368行 存在层级冲突
www.123haose.com#Black_list_tmp.txt第293941行 与上级域名123haose.com#Black_list_tmp.txt第1381行 存在层级冲突
www.143nchrtl3.com#Black_list_tmp.txt第293943行 与上级域名143nchrtl3.com#Black_list_tmp.txt第1611行 存在层级冲突
www.16m.cc#Black_list_tmp.txt第293950行 与上级域名16m.cc#Black_list_tmp.txt第1822行 存在层级冲突
www.17c710.com#Black_list_tmp.txt第293954行 与上级域名17c710.com#Black_list_tmp.txt第1980行 存在层级冲突
www.17kxgame.com#Black_list_tmp.txt第293955行 与上级域名17kxgame.com#Black_list_tmp.txt第1990行 存在层级冲突
www.186tl.com#Black_list_tmp.txt第293957行 与上级域名186tl.com#Black_list_tmp.txt第2120行 存在层级冲突
www.199tl.com#Black_list_tmp.txt第293962行 与上级域名199tl.com#Black_list_tmp.txt第2272行 存在层级冲突
www.1h2h54jkw.com#Black_list_tmp.txt第293963行 与上级域名1h2h54jkw.com#Black_list_tmp.txt第2463行 存在层级冲突
www.1y888.cn#Black_list_tmp.txt第293966行 与上级域名1y888.cn#Black_list_tmp.txt第2712行 存在层级冲突
www.200-rockergod.com#Black_list_tmp.txt第293967行 与上级域名200-rockergod.com#Black_list_tmp.txt第2766行 存在层级冲突
www.200summit.com#Black_list_tmp.txt第293969行 与上级域名200summit.com#Black_list_tmp.txt第2785行 存在层级冲突
www.22-trk-srv.com#Black_list_tmp.txt第293975行 与上级域名22-trk-srv.com#Black_list_tmp.txt第3052行 存在层级冲突
www.24-visionaryenterprise.com#Black_list_tmp.txt第293981行 与上级域名24-visionaryenterprise.com#Black_list_tmp.txt第3255行 存在层级冲突
www.2bbb379103988619ef.com#Black_list_tmp.txt第294000行 与上级域名2bbb379103988619ef.com#Black_list_tmp.txt第3578行 存在层级冲突
www.33-trk-srv.com#Black_list_tmp.txt第294010行 与上级域名33-trk-srv.com#Black_list_tmp.txt第4081行 存在层级冲突
www.33infra-strat.com#Black_list_tmp.txt第294014行 与上级域名33infra-strat.com#Black_list_tmp.txt第4135行 存在层级冲突
www.360.cn#Black_list_tmp.txt第294016行 与上级域名360.cn#Black_list_tmp.txt第4252行 存在层级冲突
www.360app.cn#Black_list_tmp.txt第294017行 与上级域名360app.cn#Black_list_tmp.txt第4266行 存在层级冲突
www.360cc.cn#Black_list_tmp.txt第294018行 与上级域名360cc.cn#Black_list_tmp.txt第4269行 存在层级冲突
www.360cdn.cn#Black_list_tmp.txt第294019行 与上级域名360cdn.cn#Black_list_tmp.txt第4270行 存在层级冲突
www.360cluster.cn#Black_list_tmp.txt第294020行 与上级域名360cluster.cn#Black_list_tmp.txt第4271行 存在层级冲突
www.360gtm.cn#Black_list_tmp.txt第294021行 与上级域名360gtm.cn#Black_list_tmp.txt第4279行 存在层级冲突
www.44-trk-srv.com#Black_list_tmp.txt第294043行 与上级域名44-trk-srv.com#Black_list_tmp.txt第5051行 存在层级冲突
www.44tele-infra.com#Black_list_tmp.txt第294046行 与上级域名44tele-infra.com#Black_list_tmp.txt第5102行 存在层级冲突
www.510tl.com#Black_list_tmp.txt第294059行 与上级域名510tl.com#Black_list_tmp.txt第5680行 存在层级冲突
www.517xx.com#Black_list_tmp.txt第294061行 与上级域名517xx.com#Black_list_tmp.txt第5705行 存在层级冲突
www.51huamoo.com#Black_list_tmp.txt第294064行 与上级域名51huamoo.com#Black_list_tmp.txt第5733行 存在层级冲突
www.522.com.cn#Black_list_tmp.txt第294065行 与上级域名522.com.cn#Black_list_tmp.txt第5776行 存在层级冲突
www.538porn.com#Black_list_tmp.txt第294067行 与上级域名538porn.com#Black_list_tmp.txt第5841行 存在层级冲突
www.55-trk-srv.com#Black_list_tmp.txt第294068行 与上级域名55-trk-srv.com#Black_list_tmp.txt第5876行 存在层级冲突
www.567tl.com#Black_list_tmp.txt第294080行 与上级域名567tl.com#Black_list_tmp.txt第5940行 存在层级冲突
www.59cn7.com#Black_list_tmp.txt第294086行 与上级域名59cn7.com#Black_list_tmp.txt第6078行 存在层级冲突
www.66-trk-srv.com#Black_list_tmp.txt第294099行 与上级域名66-trk-srv.com#Black_list_tmp.txt第6672行 存在层级冲突
www.665tl.com#Black_list_tmp.txt第294101行 与上级域名665tl.com#Black_list_tmp.txt第6699行 存在层级冲突
www.66infra-strat.com#Black_list_tmp.txt第294103行 与上级域名66infra-strat.com#Black_list_tmp.txt第6735行 存在层级冲突
www.678tl.com#Black_list_tmp.txt第294104行 与上级域名678tl.com#Black_list_tmp.txt第6765行 存在层级冲突
www.678tube.com#Black_list_tmp.txt第294105行 与上级域名678tube.com#Black_list_tmp.txt第6766行 存在层级冲突
www.7-companycompany.com#Black_list_tmp.txt第294109行 与上级域名7-companycompany.com#Black_list_tmp.txt第7151行 存在层级冲突
www.77tl.com#Black_list_tmp.txt第294129行 与上级域名77tl.com#Black_list_tmp.txt第7456行 存在层级冲突
www.7a6421ee67fdb0f660.com#Black_list_tmp.txt第294133行 与上级域名7a6421ee67fdb0f660.com#Black_list_tmp.txt第7553行 存在层级冲突
www.888poker.com#Black_list_tmp.txt第294156行 与上级域名888poker.com#Black_list_tmp.txt第8257行 存在层级冲突
www.88infra-strat.com#Black_list_tmp.txt第294159行 与上级域名88infra-strat.com#Black_list_tmp.txt第8291行 存在层级冲突
www.8940.com#Black_list_tmp.txt第294160行 与上级域名8940.com#Black_list_tmp.txt第8333行 存在层级冲突
www.8le8le.com#Black_list_tmp.txt第294164行 与上级域名8le8le.com#Black_list_tmp.txt第8534行 存在层级冲突
www.9129666tp.com#Black_list_tmp.txt第294168行 与上级域名9129666tp.com#Black_list_tmp.txt第8706行 存在层级冲突
www.97papa.com#Black_list_tmp.txt第294180行 与上级域名97papa.com#Black_list_tmp.txt第9008行 存在层级冲突
www.98tl.com#Black_list_tmp.txt第294181行 与上级域名98tl.com#Black_list_tmp.txt第9056行 存在层级冲突
www.99tianxin.com#Black_list_tmp.txt第294186行 与上级域名99tianxin.com#Black_list_tmp.txt第9119行 存在层级冲突
www.9k9by.com#Black_list_tmp.txt第294187行 与上级域名9k9by.com#Black_list_tmp.txt第9314行 存在层级冲突
www.9vns8.com#Black_list_tmp.txt第294189行 与上级域名9vns8.com#Black_list_tmp.txt第9393行 存在层级冲突
www.a823.com#Black_list_tmp.txt第294192行 与上级域名a823.com#Black_list_tmp.txt第12991行 存在层级冲突
www.aa93599.com#Black_list_tmp.txt第294193行 与上级域名aa93599.com#Black_list_tmp.txt第14143行 存在层级冲突
www.ab094.com#Black_list_tmp.txt第294198行 与上级域名ab094.com#Black_list_tmp.txt第14439行 存在层级冲突
www.abcu2lk.fun#Black_list_tmp.txt第294202行 与上级域名abcu2lk.fun#Black_list_tmp.txt第14704行 存在层级冲突
www.accede.site#Black_list_tmp.txt第294204行 与上级域名accede.site#Black_list_tmp.txt第15491行 存在层级冲突
www.achdebit.com#Black_list_tmp.txt第294205行 与上级域名achdebit.com#Black_list_tmp.txt第15769行 存在层级冲突
www.acor1sign.com#Black_list_tmp.txt第294207行 与上级域名acor1sign.com#Black_list_tmp.txt第15895行 存在层级冲突
www.acpprograms.org#Black_list_tmp.txt第294208行 与上级域名acpprograms.org#Black_list_tmp.txt第15907行 存在层级冲突
www.active-trk7.com#Black_list_tmp.txt第294211行 与上级域名active-trk7.com#Black_list_tmp.txt第16170行 存在层级冲突
www.activisionnews.com#Black_list_tmp.txt第294213行 与上级域名activisionnews.com#Black_list_tmp.txt第16192行 存在层级冲突
www.ad5lm.net#Black_list_tmp.txt第294216行 与上级域名ad5lm.net#Black_list_tmp.txt第17285行 存在层级冲突
www.adgjl13.com#Black_list_tmp.txt第294220行 与上级域名adgjl13.com#Black_list_tmp.txt第18212行 存在层级冲突
www.adintl.cn#Black_list_tmp.txt第294222行 与上级域名adintl.cn#Black_list_tmp.txt第18362行 存在层级冲突
www.admaji.com#Black_list_tmp.txt第294225行 与上级域名admaji.com#Black_list_tmp.txt第18591行 存在层级冲突
www.admobile.top#Black_list_tmp.txt第294226行 与上级域名admobile.top#Black_list_tmp.txt第18789行 存在层级冲突
www.adnxs.com#Black_list_tmp.txt第294228行 与上级域名adnxs.com#Black_list_tmp.txt第18901行 存在层级冲突
www.adpinfo.com#Black_list_tmp.txt第294229行 与上级域名adpinfo.com#Black_list_tmp.txt第19167行 存在层级冲突
www.adquest3d.com#Black_list_tmp.txt第294231行 与上级域名adquest3d.com#Black_list_tmp.txt第19255行 存在层级冲突
www.adsupplyads.com#Black_list_tmp.txt第294239行 与上级域名adsupplyads.com#Black_list_tmp.txt第21115行 存在层级冲突
www.adverster.com#Black_list_tmp.txt第294244行 与上级域名adverster.com#Black_list_tmp.txt第21608行 存在层级冲突
www.adview.cn#Black_list_tmp.txt第294245行 与上级域名adview.cn#Black_list_tmp.txt第21662行 存在层级冲突
www.advlion.com#Black_list_tmp.txt第294246行 与上级域名advlion.com#Black_list_tmp.txt第21696行 存在层级冲突
www.agile-company-365.com#Black_list_tmp.txt第294257行 与上级域名agile-company-365.com#Black_list_tmp.txt第23260行 存在层级冲突
www.agile-enterprise-365.com#Black_list_tmp.txt第294258行 与上级域名agile-enterprise-365.com#Black_list_tmp.txt第23261行 存在层级冲突
www.agile365enterprise.com#Black_list_tmp.txt第294259行 与上级域名agile365enterprise.com#Black_list_tmp.txt第23263行 存在层级冲突
www.agiledata7.com#Black_list_tmp.txt第294260行 与上级域名agiledata7.com#Black_list_tmp.txt第23265行 存在层级冲突
www.aiea6gaza.com#Black_list_tmp.txt第294264行 与上级域名aiea6gaza.com#Black_list_tmp.txt第23815行 存在层级冲突
www.aitongji.vip#Black_list_tmp.txt第294270行 与上级域名aitongji.vip#Black_list_tmp.txt第24157行 存在层级冲突
www.alda1mure.com#Black_list_tmp.txt第294275行 与上级域名alda1mure.com#Black_list_tmp.txt第24838行 存在层级冲突
www.alea6badb.com#Black_list_tmp.txt第294277行 与上级域名alea6badb.com#Black_list_tmp.txt第24856行 存在层级冲突
www.alga9frog.com#Black_list_tmp.txt第294280行 与上级域名alga9frog.com#Black_list_tmp.txt第24964行 存在层级冲突
www.algocashmaster.com#Black_list_tmp.txt第294281行 与上级域名algocashmaster.com#Black_list_tmp.txt第24981行 存在层级冲突
www.allergodil.cz#Black_list_tmp.txt第294283行 与上级域名allergodil.cz#Black_list_tmp.txt第25239行 存在层级冲突
www.allergodil.hu#Black_list_tmp.txt第294284行 与上级域名allergodil.hu#Black_list_tmp.txt第25240行 存在层级冲突
www.alnw3nsdi.com#Black_list_tmp.txt第294292行 与上级域名alnw3nsdi.com#Black_list_tmp.txt第25442行 存在层级冲突
www.alskd34.com#Black_list_tmp.txt第294295行 与上级域名alskd34.com#Black_list_tmp.txt第25584行 存在层级冲突
www.altabold1.com#Black_list_tmp.txt第294296行 与上级域名altabold1.com#Black_list_tmp.txt第25603行 存在层级冲突
www.amateurpayouts.com#Black_list_tmp.txt第294298行 与上级域名amateurpayouts.com#Black_list_tmp.txt第25821行 存在层级冲突
www.amos5lynn.com#Black_list_tmp.txt第294305行 与上级域名amos5lynn.com#Black_list_tmp.txt第26122行 存在层级冲突
www.anastasiadate.com#Black_list_tmp.txt第294307行 与上级域名anastasiadate.com#Black_list_tmp.txt第27258行 存在层级冲突
www.angorch-cdr7.com#Black_list_tmp.txt第294313行 与上级域名angorch-cdr7.com#Black_list_tmp.txt第27450行 存在层级冲突
www.anpu119.com#Black_list_tmp.txt第294314行 与上级域名anpu119.com#Black_list_tmp.txt第27690行 存在层级冲突
www.antdmn.xyz#Black_list_tmp.txt第294316行 与上级域名antdmn.xyz#Black_list_tmp.txt第27780行 存在层级冲突
www.anythinktech.com#Black_list_tmp.txt第294318行 与上级域名anythinktech.com#Black_list_tmp.txt第27990行 存在层级冲突
www.ape78cn2.com#Black_list_tmp.txt第294321行 与上级域名ape78cn2.com#Black_list_tmp.txt第28276行 存在层级冲突
www.applovin.com#Black_list_tmp.txt第294328行 与上级域名applovin.com#Black_list_tmp.txt第31454行 存在层级冲突
www.appsflyer.com#Black_list_tmp.txt第294330行 与上级域名appsflyer.com#Black_list_tmp.txt第31587行 存在层级冲突
www.aq44.com#Black_list_tmp.txt第294332行 与上级域名aq44.com#Black_list_tmp.txt第31770行 存在层级冲突
www.aqedsw4.com#Black_list_tmp.txt第294333行 与上级域名aqedsw4.com#Black_list_tmp.txt第31792行 存在层级冲突
www.aran9midi.com#Black_list_tmp.txt第294336行 与上级域名aran9midi.com#Black_list_tmp.txt第31958行 存在层级冲突
www.arid5glop.com#Black_list_tmp.txt第294341行 与上级域名arid5glop.com#Black_list_tmp.txt第32189行 存在层级冲突
www.arkinsoftware.in#Black_list_tmp.txt第294342行 与上级域名arkinsoftware.in#Black_list_tmp.txt第32240行 存在层级冲突
www.asdfg23.com#Black_list_tmp.txt第294348行 与上级域名asdfg23.com#Black_list_tmp.txt第32720行 存在层级冲突
www.atl-6-ga.com#Black_list_tmp.txt第294353行 与上级域名atl-6-ga.com#Black_list_tmp.txt第33750行 存在层级冲突
www.avavwz.com#Black_list_tmp.txt第294368行 与上级域名avavwz.com#Black_list_tmp.txt第34702行 存在层级冲突
www.avismarketing.gr#Black_list_tmp.txt第294371行 与上级域名avismarketing.gr#Black_list_tmp.txt第34797行 存在层级冲突
www.awin1.com#Black_list_tmp.txt第294374行 与上级域名awin1.com#Black_list_tmp.txt第35079行 存在层级冲突
www.azera-s014.com#Black_list_tmp.txt第294375行 与上级域名azera-s014.com#Black_list_tmp.txt第35680行 存在层级冲突
www.azhibo.com#Black_list_tmp.txt第294376行 与上级域名azhibo.com#Black_list_tmp.txt第35693行 存在层级冲突
www.b0fe2304c355.com#Black_list_tmp.txt第294378行 与上级域名b0fe2304c355.com#Black_list_tmp.txt第36004行 存在层级冲突
www.b7av.com#Black_list_tmp.txt第294379行 与上级域名b7av.com#Black_list_tmp.txt第36232行 存在层级冲突
www.badb5refl.com#Black_list_tmp.txt第294382行 与上级域名badb5refl.com#Black_list_tmp.txt第36482行 存在层级冲突
www.bae5tracker.com#Black_list_tmp.txt第294383行 与上级域名bae5tracker.com#Black_list_tmp.txt第36529行 存在层级冲突
www.bait4role.com#Black_list_tmp.txt第294388行 与上级域名bait4role.com#Black_list_tmp.txt第36727行 存在层级冲突
www.bali6nora.com#Black_list_tmp.txt第294390行 与上级域名bali6nora.com#Black_list_tmp.txt第36834行 存在层级冲突
www.banging.io#Black_list_tmp.txt第294396行 与上级域名banging.io#Black_list_tmp.txt第36992行 存在层级冲突
www.bank8line.com#Black_list_tmp.txt第294397行 与上级域名bank8line.com#Black_list_tmp.txt第37021行 存在层级冲突
www.bass2poll.com#Black_list_tmp.txt第294405行 与上级域名bass2poll.com#Black_list_tmp.txt第37570行 存在层级冲突
www.baw5tracker.com#Black_list_tmp.txt第294406行 与上级域名baw5tracker.com#Black_list_tmp.txt第37708行 存在层级冲突
www.bayescom.com#Black_list_tmp.txt第294408行 与上级域名bayescom.com#Black_list_tmp.txt第37744行 存在层级冲突
www.bb-503.com#Black_list_tmp.txt第294411行 与上级域名bb-503.com#Black_list_tmp.txt第37781行 存在层级冲突
www.bcaeurope.eu#Black_list_tmp.txt第294413行 与上级域名bcaeurope.eu#Black_list_tmp.txt第38009行 存在层级冲突
www.bcbm24.com#Black_list_tmp.txt第294414行 与上级域名bcbm24.com#Black_list_tmp.txt第38017行 存在层级冲突
www.bcbm55555.com#Black_list_tmp.txt第294415行 与上级域名bcbm55555.com#Black_list_tmp.txt第38018行 存在层级冲突
www.bdg001a.com#Black_list_tmp.txt第294418行 与上级域名bdg001a.com#Black_list_tmp.txt第38328行 存在层级冲突
www.beizi.biz#Black_list_tmp.txt第294423行 与上级域名beizi.biz#Black_list_tmp.txt第39052行 存在层级冲突
www.benn8bord.com#Black_list_tmp.txt第294426行 与上级域名benn8bord.com#Black_list_tmp.txt第39276行 存在层级冲突
www.berg-6-82.com#Black_list_tmp.txt第294427行 与上级域名berg-6-82.com#Black_list_tmp.txt第39382行 存在层级冲突
www.bingads.microsoft.com#Black_list_tmp.txt第294446行 与上级域名bingads.microsoft.com#Black_list_tmp.txt第40889行 存在层级冲突
www.bis-dic15.com#Black_list_tmp.txt第294447行 与上级域名bis-dic15.com#Black_list_tmp.txt第41046行 存在层级冲突
www.bjjabc.com#Black_list_tmp.txt第294451行 与上级域名bjjabc.com#Black_list_tmp.txt第41334行 存在层级冲突
www.blocwhite7.com#Black_list_tmp.txt第294457行 与上级域名blocwhite7.com#Black_list_tmp.txt第41925行 存在层级冲突
www.blr1933.com#Black_list_tmp.txt第294461行 与上级域名blr1933.com#Black_list_tmp.txt第42050行 存在层级冲突
www.blue2fund.com#Black_list_tmp.txt第294462行 与上级域名blue2fund.com#Black_list_tmp.txt第42122行 存在层级冲突
www.blzsnd02.com#Black_list_tmp.txt第294467行 与上级域名blzsnd02.com#Black_list_tmp.txt第42272行 存在层级冲突
www.boat3deer.com#Black_list_tmp.txt第294471行 与上级域名boat3deer.com#Black_list_tmp.txt第42658行 存在层级冲突
www.bogo777.com#Black_list_tmp.txt第294474行 与上级域名bogo777.com#Black_list_tmp.txt第42812行 存在层级冲突
www.bolt8snap.com#Black_list_tmp.txt第294475行 与上级域名bolt8snap.com#Black_list_tmp.txt第42944行 存在层级冲突
www.boma686.com#Black_list_tmp.txt第294476行 与上级域名boma686.com#Black_list_tmp.txt第42951行 存在层级冲突
www.bosctrl32.com#Black_list_tmp.txt第294481行 与上级域名bosctrl32.com#Black_list_tmp.txt第43315行 存在层级冲突
www.branch.io#Black_list_tmp.txt第294484行 与上级域名branch.io#Black_list_tmp.txt第43978行 存在层级冲突
www.branch.rocks#Black_list_tmp.txt第294485行 与上级域名branch.rocks#Black_list_tmp.txt第44001行 存在层级冲突
www.bred4tula.com#Black_list_tmp.txt第294490行 与上级域名bred4tula.com#Black_list_tmp.txt第44234行 存在层级冲突
www.brie5jiff.com#Black_list_tmp.txt第294493行 与上级域名brie5jiff.com#Black_list_tmp.txt第44356行 存在层级冲突
www.brokenteens.com#Black_list_tmp.txt第294500行 与上级域名brokenteens.com#Black_list_tmp.txt第44583行 存在层级冲突
www.bt49.com#Black_list_tmp.txt第294503行 与上级域名bt49.com#Black_list_tmp.txt第45016行 存在层级冲突
www.btjhhb.com#Black_list_tmp.txt第294506行 与上级域名btjhhb.com#Black_list_tmp.txt第45083行 存在层级冲突
www.burn5tilt.com#Black_list_tmp.txt第294515行 与上级域名burn5tilt.com#Black_list_tmp.txt第45652行 存在层级冲突
www.business-path-55.com#Black_list_tmp.txt第294516行 与上级域名business-path-55.com#Black_list_tmp.txt第45732行 存在层级冲突
www.bux1le001.com#Black_list_tmp.txt第294517行 与上级域名bux1le001.com#Black_list_tmp.txt第45875行 存在层级冲突
www.buyu013.com#Black_list_tmp.txt第294520行 与上级域名buyu013.com#Black_list_tmp.txt第45974行 存在层级冲突
www.buyu1234.com#Black_list_tmp.txt第294521行 与上级域名buyu1234.com#Black_list_tmp.txt第45975行 存在层级冲突
www.buyu9999.com#Black_list_tmp.txt第294522行 与上级域名buyu9999.com#Black_list_tmp.txt第46060行 存在层级冲突
www.bwin2599.com#Black_list_tmp.txt第294524行 与上级域名bwin2599.com#Black_list_tmp.txt第46232行 存在层级冲突
www.cable-cen-01.com#Black_list_tmp.txt第294527行 与上级域名cable-cen-01.com#Black_list_tmp.txt第47454行 存在层级冲突
www.cage6west.com#Black_list_tmp.txt第294530行 与上级域名cage6west.com#Black_list_tmp.txt第47623行 存在层级冲突
www.caoshunv.com#Black_list_tmp.txt第294539行 与上级域名caoshunv.com#Black_list_tmp.txt第48256行 存在层级冲突
www.care5alea.com#Black_list_tmp.txt第294543行 与上级域名care5alea.com#Black_list_tmp.txt第49023行 存在层级冲突
www.cart8draw.com#Black_list_tmp.txt第294547行 与上级域名cart8draw.com#Black_list_tmp.txt第49197行 存在层级冲突
www.cast9half.com#Black_list_tmp.txt第294553行 与上级域名cast9half.com#Black_list_tmp.txt第49387行 存在层级冲突
www.cavy9soho.com#Black_list_tmp.txt第294558行 与上级域名cavy9soho.com#Black_list_tmp.txt第49640行 存在层级冲突
www.cben9a9s1.com#Black_list_tmp.txt第294559行 与上级域名cben9a9s1.com#Black_list_tmp.txt第49715行 存在层级冲突
www.cdbgmj12.com#Black_list_tmp.txt第294560行 与上级域名cdbgmj12.com#Black_list_tmp.txt第50110行 存在层级冲突
www.cdert34.com#Black_list_tmp.txt第294561行 与上级域名cdert34.com#Black_list_tmp.txt第50135行 存在层级冲突
www.cdn.3b82.com#Black_list_tmp.txt第294564行 与上级域名cdn.3b82.com#Black_list_tmp.txt第50273行 存在层级冲突
www.central-core-7.com#Black_list_tmp.txt第294570行 与上级域名central-core-7.com#Black_list_tmp.txt第51307行 存在层级冲突
www.centralcore7.com#Black_list_tmp.txt第294571行 与上级域名centralcore7.com#Black_list_tmp.txt第51312行 存在层级冲突
www.chengzijianzhan.com#Black_list_tmp.txt第294580行 与上级域名chengzijianzhan.com#Black_list_tmp.txt第52385行 存在层级冲突
www.ches5sort.com#Black_list_tmp.txt第294581行 与上级域名ches5sort.com#Black_list_tmp.txt第52425行 存在层级冲突
www.chic9usia.com#Black_list_tmp.txt第294583行 与上级域名chic9usia.com#Black_list_tmp.txt第52483行 存在层级冲突
www.chinanews93.com#Black_list_tmp.txt第294587行 与上级域名chinanews93.com#Black_list_tmp.txt第52609行 存在层级冲突
www.chinemiss.com#Black_list_tmp.txt第294588行 与上级域名chinemiss.com#Black_list_tmp.txt第52631行 存在层级冲突
www.chip2gift.com#Black_list_tmp.txt第294590行 与上级域名chip2gift.com#Black_list_tmp.txt第52650行 存在层级冲突
www.chntdnc.cn#Black_list_tmp.txt第294592行 与上级域名chntdnc.cn#Black_list_tmp.txt第52733行 存在层级冲突
www.chop8live.com#Black_list_tmp.txt第294593行 与上级域名chop8live.com#Black_list_tmp.txt第52825行 存在层级冲突
www.chronischepancreatitis.nl#Black_list_tmp.txt第294594行 与上级域名chronischepancreatitis.nl#Black_list_tmp.txt第52931行 存在层级冲突
www.ckstatic.com#Black_list_tmp.txt第294605行 与上级域名ckstatic.com#Black_list_tmp.txt第53671行 存在层级冲突
www.claiks.com#Black_list_tmp.txt第294606行 与上级域名claiks.com#Black_list_tmp.txt第53754行 存在层级冲突
www.clarity.ms#Black_list_tmp.txt第294608行 与上级域名clarity.ms#Black_list_tmp.txt第53803行 存在层级冲突
www.click-to-trace.com#Black_list_tmp.txt第294614行 与上级域名click-to-trace.com#Black_list_tmp.txt第54111行 存在层级冲突
www.clients.net.anwalt.de#Black_list_tmp.txt第294622行 与上级域名clients.net.anwalt.de#Black_list_tmp.txt第54710行 存在层级冲突
www.cloud-9751.com#Black_list_tmp.txt第294626行 与上级域名cloud-9751.com#Black_list_tmp.txt第55044行 存在层级冲突
www.cloud-exploration.com#Black_list_tmp.txt第294627行 与上级域名cloud-exploration.com#Black_list_tmp.txt第55045行 存在层级冲突
www.cloud-ingenuity.com#Black_list_tmp.txt第294628行 与上级域名cloud-ingenuity.com#Black_list_tmp.txt第55046行 存在层级冲突
www.cloud-trail.com#Black_list_tmp.txt第294629行 与上级域名cloud-trail.com#Black_list_tmp.txt第55053行 存在层级冲突
www.cloudflane.com#Black_list_tmp.txt第294630行 与上级域名cloudflane.com#Black_list_tmp.txt第55138行 存在层级冲突
www.cloudpath82.com#Black_list_tmp.txt第294631行 与上级域名cloudpath82.com#Black_list_tmp.txt第55164行 存在层级冲突
www.cloudtracer101.com#Black_list_tmp.txt第294632行 与上级域名cloudtracer101.com#Black_list_tmp.txt第55181行 存在层级冲突
www.clue6load.com#Black_list_tmp.txt第294636行 与上级域名clue6load.com#Black_list_tmp.txt第55258行 存在层级冲突
www.cnej4912jks.com#Black_list_tmp.txt第294637行 与上级域名cnej4912jks.com#Black_list_tmp.txt第55793行 存在层级冲突
www.cnt-tm-1.com#Black_list_tmp.txt第294638行 与上级域名cnt-tm-1.com#Black_list_tmp.txt第55881行 存在层级冲突
www.cntr-di5.com#Black_list_tmp.txt第294639行 与上级域名cntr-di5.com#Black_list_tmp.txt第55916行 存在层级冲突
www.cntr-di7.com#Black_list_tmp.txt第294640行 与上级域名cntr-di7.com#Black_list_tmp.txt第55917行 存在层级冲突
www.cnzz.com#Black_list_tmp.txt第294641行 与上级域名cnzz.com#Black_list_tmp.txt第55958行 存在层级冲突
www.co85264.com#Black_list_tmp.txt第294642行 与上级域名co85264.com#Black_list_tmp.txt第55977行 存在层级冲突
www.coat0tire.com#Black_list_tmp.txt第294643行 与上级域名coat0tire.com#Black_list_tmp.txt第56012行 存在层级冲突
www.coax7nice.com#Black_list_tmp.txt第294644行 与上级域名coax7nice.com#Black_list_tmp.txt第56022行 存在层级冲突
www.coinimp.com#Black_list_tmp.txt第294647行 与上级域名coinimp.com#Black_list_tmp.txt第56367行 存在层级冲突
www.coinimp.net#Black_list_tmp.txt第294648行 与上级域名coinimp.net#Black_list_tmp.txt第56368行 存在层级冲突
www.comwgi.com#Black_list_tmp.txt第294660行 与上级域名comwgi.com#Black_list_tmp.txt第57395行 存在层级冲突
www.connct-9.com#Black_list_tmp.txt第294662行 与上级域名connct-9.com#Black_list_tmp.txt第57691行 存在层级冲突
www.connect.johndorys.co.za#Black_list_tmp.txt第294665行 与上级域名connect.johndorys.co.za#Black_list_tmp.txt第57793行 存在层级冲突
www.connect.panarottis.co.za#Black_list_tmp.txt第294666行 与上级域名connect.panarottis.co.za#Black_list_tmp.txt第57845行 存在层级冲突
www.consulting.ramboll.com#Black_list_tmp.txt第294670行 与上级域名consulting.ramboll.com#Black_list_tmp.txt第58159行 存在层级冲突
www.cool18.com#Black_list_tmp.txt第294678行 与上级域名cool18.com#Black_list_tmp.txt第58848行 存在层级冲突
www.copy9loom.com#Black_list_tmp.txt第294681行 与上级域名copy9loom.com#Black_list_tmp.txt第59005行 存在层级冲突
www.core-cen-54.com#Black_list_tmp.txt第294682行 与上级域名core-cen-54.com#Black_list_tmp.txt第59066行 存在层级冲突
www.coup7cold.com#Black_list_tmp.txt第294691行 与上级域名coup7cold.com#Black_list_tmp.txt第59701行 存在层级冲突
www.cp10com.com#Black_list_tmp.txt第294694行 与上级域名cp10com.com#Black_list_tmp.txt第59884行 存在层级冲突
www.cqllgg.com#Black_list_tmp.txt第294699行 与上级域名cqllgg.com#Black_list_tmp.txt第60244行 存在层级冲突
www.crb-frm-71.com#Black_list_tmp.txt第294702行 与上级域名crb-frm-71.com#Black_list_tmp.txt第60504行 存在层级冲突
www.create-tracking.com#Black_list_tmp.txt第294703行 与上级域名create-tracking.com#Black_list_tmp.txt第60550行 存在层级冲突
www.csktv98.com#Black_list_tmp.txt第294715行 与上级域名csktv98.com#Black_list_tmp.txt第61350行 存在层级冲突
www.csr31.net.anwalt.de#Black_list_tmp.txt第294716行 与上级域名csr31.net.anwalt.de#Black_list_tmp.txt第61399行 存在层级冲突
www.cten10010.com#Black_list_tmp.txt第294718行 与上级域名cten10010.com#Black_list_tmp.txt第61587行 存在层级冲突
www.cuba7tilt.com#Black_list_tmp.txt第294720行 与上级域名cuba7tilt.com#Black_list_tmp.txt第61811行 存在层级冲突
www.cube-78.com#Black_list_tmp.txt第294721行 与上级域名cube-78.com#Black_list_tmp.txt第61817行 存在层级冲突
www.curl7bike.com#Black_list_tmp.txt第294724行 与上级域名curl7bike.com#Black_list_tmp.txt第62162行 存在层级冲突
www.dagfs.com#Black_list_tmp.txt第294726行 与上级域名dagfs.com#Black_list_tmp.txt第65609行 存在层级冲突
www.dakic-ia-300.com#Black_list_tmp.txt第294729行 与上级域名dakic-ia-300.com#Black_list_tmp.txt第65768行 存在层级冲突
www.dana8herb.com#Black_list_tmp.txt第294732行 与上级域名dana8herb.com#Black_list_tmp.txt第65865行 存在层级冲突
www.data-ingenuity.com#Black_list_tmp.txt第294738行 与上级域名data-ingenuity.com#Black_list_tmp.txt第68180行 存在层级冲突
www.data-insight365.com#Black_list_tmp.txt第294739行 与上级域名data-insight365.com#Black_list_tmp.txt第68183行 存在层级冲突
www.dataholics.tech#Black_list_tmp.txt第294744行 与上级域名dataholics.tech#Black_list_tmp.txt第71131行 存在层级冲突
www.dbrtkwaa81.com#Black_list_tmp.txt第294754行 与上级域名dbrtkwaa81.com#Black_list_tmp.txt第71580行 存在层级冲突
www.deifei.com#Black_list_tmp.txt第294764行 与上级域名deifei.com#Black_list_tmp.txt第72722行 存在层级冲突
www.deng3rada.com#Black_list_tmp.txt第294768行 与上级域名deng3rada.com#Black_list_tmp.txt第73061行 存在层级冲突
www.dens1raec.com#Black_list_tmp.txt第294769行 与上级域名dens1raec.com#Black_list_tmp.txt第73082行 存在层级冲突
www.destinationurl.com#Black_list_tmp.txt第294774行 与上级域名destinationurl.com#Black_list_tmp.txt第73364行 存在层级冲突
www.dh61677.com#Black_list_tmp.txt第294783行 与上级域名dh61677.com#Black_list_tmp.txt第74097行 存在层级冲突
www.dhenr54m.com#Black_list_tmp.txt第294784行 与上级域名dhenr54m.com#Black_list_tmp.txt第74144行 存在层级冲突
www.dial4gwyn.com#Black_list_tmp.txt第294785行 与上级域名dial4gwyn.com#Black_list_tmp.txt第74321行 存在层级冲突
www.direct-aws-a1.com#Black_list_tmp.txt第294798行 与上级域名direct-aws-a1.com#Black_list_tmp.txt第75178行 存在层级冲突
www.direct-azr-78.com#Black_list_tmp.txt第294799行 与上级域名direct-azr-78.com#Black_list_tmp.txt第75179行 存在层级冲突
www.discover-path.com#Black_list_tmp.txt第294801行 与上级域名discover-path.com#Black_list_tmp.txt第75373行 存在层级冲突
www.discovertrail.net#Black_list_tmp.txt第294802行 与上级域名discovertrail.net#Black_list_tmp.txt第75411行 存在层级冲突
www.djkeun1bal.com#Black_list_tmp.txt第294805行 与上级域名djkeun1bal.com#Black_list_tmp.txt第75912行 存在层级冲突
www.dkjn1bal2.com#Black_list_tmp.txt第294806行 与上级域名dkjn1bal2.com#Black_list_tmp.txt第76043行 存在层级冲突
www.doll8tune.com#Black_list_tmp.txt第294813行 与上级域名doll8tune.com#Black_list_tmp.txt第77135行 存在层级冲突
www.doll9jiva.com#Black_list_tmp.txt第294814行 与上级域名doll9jiva.com#Black_list_tmp.txt第77136行 存在层级冲突
www.domob.cn#Black_list_tmp.txt第294816行 与上级域名domob.cn#Black_list_tmp.txt第77243行 存在层级冲突
www.doubleclick.com#Black_list_tmp.txt第294819行 与上级域名doubleclick.com#Black_list_tmp.txt第77547行 存在层级冲突
www.dtc-330d.com#Black_list_tmp.txt第294828行 与上级域名dtc-330d.com#Black_list_tmp.txt第79354行 存在层级冲突
www.dtc-v6t.com#Black_list_tmp.txt第294829行 与上级域名dtc-v6t.com#Black_list_tmp.txt第79355行 存在层级冲突
www.dthvdr9.com#Black_list_tmp.txt第294830行 与上级域名dthvdr9.com#Black_list_tmp.txt第79390行 存在层级冲突
www.dump4barn.com#Black_list_tmp.txt第294832行 与上级域名dump4barn.com#Black_list_tmp.txt第79733行 存在层级冲突
www.dutils.com#Black_list_tmp.txt第294838行 与上级域名dutils.com#Black_list_tmp.txt第79899行 存在层级冲突
www.east2pony.com#Black_list_tmp.txt第294852行 与上级域名east2pony.com#Black_list_tmp.txt第81811行 存在层级冲突
www.easy0bark.com#Black_list_tmp.txt第294854行 与上级域名easy0bark.com#Black_list_tmp.txt第81835行 存在层级冲突
www.ed-clr-01.com#Black_list_tmp.txt第294859行 与上级域名ed-clr-01.com#Black_list_tmp.txt第82563行 存在层级冲突
www.eee771.com#Black_list_tmp.txt第294863行 与上级域名eee771.com#Black_list_tmp.txt第83161行 存在层级冲突
www.efvrgb12.com#Black_list_tmp.txt第294864行 与上级域名efvrgb12.com#Black_list_tmp.txt第83536行 存在层级冲突
www.ehousewife.net#Black_list_tmp.txt第294865行 与上级域名ehousewife.net#Black_list_tmp.txt第83766行 存在层级冲突
www.ejynyf.cn#Black_list_tmp.txt第294867行 与上级域名ejynyf.cn#Black_list_tmp.txt第84068行 存在层级冲突
www.ela-3-tnk.com#Black_list_tmp.txt第294869行 与上级域名ela-3-tnk.com#Black_list_tmp.txt第84200行 存在层级冲突
www.elite-s001.com#Black_list_tmp.txt第294874行 与上级域名elite-s001.com#Black_list_tmp.txt第84405行 存在层级冲突
www.emeu0circ.com#Black_list_tmp.txt第294882行 与上级域名emeu0circ.com#Black_list_tmp.txt第85391行 存在层级冲突
www.enterpriseforesight247.com#Black_list_tmp.txt第294890行 与上级域名enterpriseforesight247.com#Black_list_tmp.txt第86356行 存在层级冲突
www.enterprisingoperation-7.com#Black_list_tmp.txt第294892行 与上级域名enterprisingoperation-7.com#Black_list_tmp.txt第86364行 存在层级冲突
www.epipenexpiryservice.com#Black_list_tmp.txt第294894行 与上级域名epipenexpiryservice.com#Black_list_tmp.txt第86738行 存在层级冲突
www.epoch.com#Black_list_tmp.txt第294895行 与上级域名epoch.com#Black_list_tmp.txt第86768行 存在层级冲突
www.ess.tis.co.jp#Black_list_tmp.txt第294904行 与上级域名ess.tis.co.jp#Black_list_tmp.txt第87537行 存在层级冲突
www.etym6cero.com#Black_list_tmp.txt第294906行 与上级域名etym6cero.com#Black_list_tmp.txt第88020行 存在层级冲突
www.eue21east.com#Black_list_tmp.txt第294908行 与上级域名eue21east.com#Black_list_tmp.txt第88124行 存在层级冲突
www.eue27west.com#Black_list_tmp.txt第294909行 与上级域名eue27west.com#Black_list_tmp.txt第88125行 存在层级冲突
www.eventcapture03.com#Black_list_tmp.txt第294914行 与上级域名eventcapture03.com#Black_list_tmp.txt第88552行 存在层级冲突
www.eventcapture06.com#Black_list_tmp.txt第294915行 与上级域名eventcapture06.com#Black_list_tmp.txt第88553行 存在层级冲突
www.ever-track-51.com#Black_list_tmp.txt第294917行 与上级域名ever-track-51.com#Black_list_tmp.txt第88931行 存在层级冲突
www.exaapi.com#Black_list_tmp.txt第294920行 与上级域名exaapi.com#Black_list_tmp.txt第89262行 存在层级冲突
www.expedia.com.hk#Black_list_tmp.txt第294927行 与上级域名expedia.com.hk#Black_list_tmp.txt第89640行 存在层级冲突
www.explore-123.com#Black_list_tmp.txt第294928行 与上级域名explore-123.com#Black_list_tmp.txt第89724行 存在层级冲突
www.fasttrack.fr#Black_list_tmp.txt第294948行 与上级域名fasttrack.fr#Black_list_tmp.txt第91406行 存在层级冲突
www.fasttracker.fr#Black_list_tmp.txt第294949行 与上级域名fasttracker.fr#Black_list_tmp.txt第91407行 存在层级冲突
www.fear7calk.com#Black_list_tmp.txt第294950行 与上级域名fear7calk.com#Black_list_tmp.txt第92083行 存在层级冲突
www.feed5baby.com#Black_list_tmp.txt第294951行 与上级域名feed5baby.com#Black_list_tmp.txt第92207行 存在层级冲突
www.feed5mown.com#Black_list_tmp.txt第294952行 与上级域名feed5mown.com#Black_list_tmp.txt第92208行 存在层级冲突
www.fengwanwl.com#Black_list_tmp.txt第294956行 与上级域名fengwanwl.com#Black_list_tmp.txt第92452行 存在层级冲突
www.fi11aa198.com#Black_list_tmp.txt第294963行 与上级域名fi11aa198.com#Black_list_tmp.txt第93094行 存在层级冲突
www.file3size.com#Black_list_tmp.txt第294967行 与上级域名file3size.com#Black_list_tmp.txt第93279行 存在层级冲突
www.final-aws-01.com#Black_list_tmp.txt第294968行 与上级域名final-aws-01.com#Black_list_tmp.txt第93637行 存在层级冲突
www.final-azr-01.com#Black_list_tmp.txt第294969行 与上级域名final-azr-01.com#Black_list_tmp.txt第93638行 存在层级冲突
www.finger-info.net#Black_list_tmp.txt第294976行 与上级域名finger-info.net#Black_list_tmp.txt第93832行 存在层级冲突
www.fire2333.com#Black_list_tmp.txt第294978行 与上级域名fire2333.com#Black_list_tmp.txt第93922行 存在层级冲突
www.flow8free.com#Black_list_tmp.txt第294988行 与上级域名flow8free.com#Black_list_tmp.txt第94909行 存在层级冲突
www.flurry.com#Black_list_tmp.txt第294993行 与上级域名flurry.com#Black_list_tmp.txt第95034行 存在层级冲突
www.fmiphone-apple.com#Black_list_tmp.txt第294995行 与上级域名fmiphone-apple.com#Black_list_tmp.txt第95188行 存在层级冲突
www.focustimeshk.com#Black_list_tmp.txt第294997行 与上级域名focustimeshk.com#Black_list_tmp.txt第95441行 存在层级冲突
www.fodgfip.fr#Black_list_tmp.txt第294998行 与上级域名fodgfip.fr#Black_list_tmp.txt第95446行 存在层级冲突
www.food9wave.com#Black_list_tmp.txt第294999行 与上级域名food9wave.com#Black_list_tmp.txt第95621行 存在层级冲突
www.fordprotectplans.com#Black_list_tmp.txt第295001行 与上级域名fordprotectplans.com#Black_list_tmp.txt第95737行 存在层级冲突
www.forensics1000.com#Black_list_tmp.txt第295002行 与上级域名forensics1000.com#Black_list_tmp.txt第95758行 存在层级冲突
www.free-adult-games.com#Black_list_tmp.txt第295016行 与上级域名free-adult-games.com#Black_list_tmp.txt第96852行 存在层级冲突
www.freecontent.date#Black_list_tmp.txt第295021行 与上级域名freecontent.date#Black_list_tmp.txt第96894行 存在层级冲突
www.freecontent.science#Black_list_tmp.txt第295022行 与上级域名freecontent.science#Black_list_tmp.txt第96897行 存在层级冲突
www.freecontent.stream#Black_list_tmp.txt第295023行 与上级域名freecontent.stream#Black_list_tmp.txt第96898行 存在层级冲突
www.freeteen.com#Black_list_tmp.txt第295027行 与上级域名freeteen.com#Black_list_tmp.txt第96992行 存在层级冲突
www.frog9alea.com#Black_list_tmp.txt第295039行 与上级域名frog9alea.com#Black_list_tmp.txt第97267行 存在层级冲突
www.fsb-bearing.com#Black_list_tmp.txt第295042行 与上级域名fsb-bearing.com#Black_list_tmp.txt第97463行 存在层级冲突
www.game9time.com#Black_list_tmp.txt第295056行 与上级域名game9time.com#Black_list_tmp.txt第99484行 存在层级冲突
www.gard4mass.com#Black_list_tmp.txt第295066行 与上级域名gard4mass.com#Black_list_tmp.txt第99674行 存在层级冲突
www.garm9yuma.com#Black_list_tmp.txt第295068行 与上级域名garm9yuma.com#Black_list_tmp.txt第99757行 存在层级冲突
www.gaylordhotelsnews.com#Black_list_tmp.txt第295072行 与上级域名gaylordhotelsnews.com#Black_list_tmp.txt第100030行 存在层级冲突
www.gaza2lote.com#Black_list_tmp.txt第295073行 与上级域名gaza2lote.com#Black_list_tmp.txt第100037行 存在层级冲突
www.gbl007.com#Black_list_tmp.txt第295078行 与上级域名gbl007.com#Black_list_tmp.txt第100133行 存在层级冲突
www.gblwebcen.com#Black_list_tmp.txt第295079行 与上级域名gblwebcen.com#Black_list_tmp.txt第100137行 存在层级冲突
www.gcwdq.com#Black_list_tmp.txt第295080行 与上级域名gcwdq.com#Black_list_tmp.txt第100358行 存在层级冲突
www.gepush.com#Black_list_tmp.txt第295089行 与上级域名gepush.com#Black_list_tmp.txt第101027行 存在层级冲突
www.getone.today#Black_list_tmp.txt第295093行 与上级域名getone.today#Black_list_tmp.txt第101419行 存在层级冲突
www.getui.com#Black_list_tmp.txt第295094行 与上级域名getui.com#Black_list_tmp.txt第101495行 存在层级冲突
www.gg333js.com#Black_list_tmp.txt第295095行 与上级域名gg333js.com#Black_list_tmp.txt第101725行 存在层级冲突
www.ggxpj5.com#Black_list_tmp.txt第295098行 与上级域名ggxpj5.com#Black_list_tmp.txt第101966行 存在层级冲突
www.gift2pair.com#Black_list_tmp.txt第295100行 与上级域名gift2pair.com#Black_list_tmp.txt第102206行 存在层级冲突
www.glb12pkgr.com#Black_list_tmp.txt第295106行 与上级域名glb12pkgr.com#Black_list_tmp.txt第102861行 存在层级冲突
www.glb21pkgr.com#Black_list_tmp.txt第295107行 与上级域名glb21pkgr.com#Black_list_tmp.txt第102862行 存在层级冲突
www.gldsta-02-or.com#Black_list_tmp.txt第295108行 与上级域名gldsta-02-or.com#Black_list_tmp.txt第102884行 存在层级冲突
www.glue1lazy.com#Black_list_tmp.txt第295112行 与上级域名glue1lazy.com#Black_list_tmp.txt第103272行 存在层级冲突
www.goldspring.net#Black_list_tmp.txt第295118行 与上级域名goldspring.net#Black_list_tmp.txt第104897行 存在层级冲突
www.golp4elik.com#Black_list_tmp.txt第295119行 与上级域名golp4elik.com#Black_list_tmp.txt第104922行 存在层级冲突
www.google-analytics.com#Black_list_tmp.txt第295122行 与上级域名google-analytics.com#Black_list_tmp.txt第105044行 存在层级冲突
www.googleadservices.com#Black_list_tmp.txt第295123行 与上级域名googleadservices.com#Black_list_tmp.txt第105064行 存在层级冲突
www.googletagmanager.com#Black_list_tmp.txt第295124行 与上级域名googletagmanager.com#Black_list_tmp.txt第105091行 存在层级冲突
www.googletagservices.com#Black_list_tmp.txt第295125行 与上级域名googletagservices.com#Black_list_tmp.txt第105093行 存在层级冲突
www.govchengdu.cn#Black_list_tmp.txt第295127行 与上级域名govchengdu.cn#Black_list_tmp.txt第105356行 存在层级冲突
www.govhebie.cn#Black_list_tmp.txt第295133行 与上级域名govhebie.cn#Black_list_tmp.txt第105368行 存在层级冲突
www.grow1maid.com#Black_list_tmp.txt第295155行 与上级域名grow1maid.com#Black_list_tmp.txt第106404行 存在层级冲突
www.gtcslt-di2.com#Black_list_tmp.txt第295159行 与上级域名gtcslt-di2.com#Black_list_tmp.txt第106897行 存在层级冲突
www.guangyukeji.com#Black_list_tmp.txt第295162行 与上级域名guangyukeji.com#Black_list_tmp.txt第112670行 存在层级冲突
www.guowaidiaocha.com#Black_list_tmp.txt第295167行 与上级域名guowaidiaocha.com#Black_list_tmp.txt第112954行 存在层级冲突
www.gw100-10.com#Black_list_tmp.txt第295168行 与上级域名gw100-10.com#Black_list_tmp.txt第113216行 存在层级冲突
www.h163e.com#Black_list_tmp.txt第295171行 与上级域名h163e.com#Black_list_tmp.txt第113768行 存在层级冲突
www.h99998888.com#Black_list_tmp.txt第295172行 与上级域名h99998888.com#Black_list_tmp.txt第113903行 存在层级冲突
www.h99999999.com#Black_list_tmp.txt第295173行 与上级域名h99999999.com#Black_list_tmp.txt第113904行 存在层级冲突
www.haag0some.com#Black_list_tmp.txt第295174行 与上级域名haag0some.com#Black_list_tmp.txt第113915行 存在层级冲突
www.haig7anax.com#Black_list_tmp.txt第295175行 与上级域名haig7anax.com#Black_list_tmp.txt第114061行 存在层级冲突
www.haixiutv.com#Black_list_tmp.txt第295178行 与上级域名haixiutv.com#Black_list_tmp.txt第114123行 存在层级冲突
www.half1hell.com#Black_list_tmp.txt第295179行 与上级域名half1hell.com#Black_list_tmp.txt第114160行 存在层级冲突
www.hall3hook.com#Black_list_tmp.txt第295180行 与上级域名hall3hook.com#Black_list_tmp.txt第114187行 存在层级冲突
www.haotl.com#Black_list_tmp.txt第295183行 与上级域名haotl.com#Black_list_tmp.txt第114464行 存在层级冲突
www.harm6stop.com#Black_list_tmp.txt第295187行 与上级域名harm6stop.com#Black_list_tmp.txt第114603行 存在层级冲突
www.hauwzm.com#Black_list_tmp.txt第295191行 与上级域名hauwzm.com#Black_list_tmp.txt第114906行 存在层级冲突
www.hazy4cant.com#Black_list_tmp.txt第295192行 与上级域名hazy4cant.com#Black_list_tmp.txt第115016行 存在层级冲突
www.head3high.com#Black_list_tmp.txt第295193行 与上级域名head3high.com#Black_list_tmp.txt第115500行 存在层级冲突
www.healthcare-distribution.com#Black_list_tmp.txt第295194行 与上级域名healthcare-distribution.com#Black_list_tmp.txt第115547行 存在层级冲突
www.hear8crew.com#Black_list_tmp.txt第295196行 与上级域名hear8crew.com#Black_list_tmp.txt第115588行 存在层级冲突
www.heat6have.com#Black_list_tmp.txt第295197行 与上级域名heat6have.com#Black_list_tmp.txt第115628行 存在层级冲突
www.heatexperience.com#Black_list_tmp.txt第295198行 与上级域名heatexperience.com#Black_list_tmp.txt第115635行 存在层级冲突
www.hebeixingfei.com#Black_list_tmp.txt第295199行 与上级域名hebeixingfei.com#Black_list_tmp.txt第115687行 存在层级冲突
www.herb2warn.com#Black_list_tmp.txt第295203行 与上级域名herb2warn.com#Black_list_tmp.txt第116075行 存在层级冲突
www.herb7calk.com#Black_list_tmp.txt第295204行 与上级域名herb7calk.com#Black_list_tmp.txt第116076行 存在层级冲突
www.hero6bell.com#Black_list_tmp.txt第295205行 与上级域名hero6bell.com#Black_list_tmp.txt第116140行 存在层级冲突
www.hfcp10.com#Black_list_tmp.txt第295208行 与上级域名hfcp10.com#Black_list_tmp.txt第116332行 存在层级冲突
www.hicpm5.com#Black_list_tmp.txt第295209行 与上级域名hicpm5.com#Black_list_tmp.txt第116762行 存在层级冲突
www.hims1nice.com#Black_list_tmp.txt第295213行 与上级域名hims1nice.com#Black_list_tmp.txt第116983行 存在层级冲突
www.hiss3lark.com#Black_list_tmp.txt第295216行 与上级域名hiss3lark.com#Black_list_tmp.txt第117123行 存在层级冲突
www.hntongwang.com#Black_list_tmp.txt第295224行 与上级域名hntongwang.com#Black_list_tmp.txt第117934行 存在层级冲突
www.hook6vein.com#Black_list_tmp.txt第295228行 与上级域名hook6vein.com#Black_list_tmp.txt第118392行 存在层级冲突
www.hotkeys.com#Black_list_tmp.txt第295231行 与上级域名hotkeys.com#Black_list_tmp.txt第118691行 存在层级冲突
www.houxingfu.com#Black_list_tmp.txt第295235行 与上级域名houxingfu.com#Black_list_tmp.txt第118825行 存在层级冲突
www.hrb1tng0.com#Black_list_tmp.txt第295237行 与上级域名hrb1tng0.com#Black_list_tmp.txt第119169行 存在层级冲突
www.hunt-leads.com#Black_list_tmp.txt第295240行 与上级域名hunt-leads.com#Black_list_tmp.txt第120012行 存在层级冲突
www.hunter-details.com#Black_list_tmp.txt第295241行 与上级域名hunter-details.com#Black_list_tmp.txt第120015行 存在层级冲突
www.hvgcfx1.com#Black_list_tmp.txt第295243行 与上级域名hvgcfx1.com#Black_list_tmp.txt第120215行 存在层级冲突
www.hzs360.com#Black_list_tmp.txt第295247行 与上级域名hzs360.com#Black_list_tmp.txt第120829行 存在层级冲突
www.i32689.net#Black_list_tmp.txt第295249行 与上级域名i32689.net#Black_list_tmp.txt第121057行 存在层级冲突
www.iaccede.net.jumia.ug#Black_list_tmp.txt第295250行 与上级域名net.jumia.ug#Black_list_tmp.txt第173144行 存在层级冲突
www.igexin.com#Black_list_tmp.txt第295265行 与上级域名igexin.com#Black_list_tmp.txt第122271行 存在层级冲突
www.ijinshan.com#Black_list_tmp.txt第295267行 与上级域名ijinshan.com#Black_list_tmp.txt第122678行 存在层级冲突
www.ili100.cn#Black_list_tmp.txt第295271行 与上级域名ili100.cn#Black_list_tmp.txt第122897行 存在层级冲突
www.inb967.com#Black_list_tmp.txt第295276行 与上级域名inb967.com#Black_list_tmp.txt第124713行 存在层级冲突
www.inc9lineedge.com#Black_list_tmp.txt第295277行 与上级域名inc9lineedge.com#Black_list_tmp.txt第124739行 存在层级冲突
www.incline9edge.com#Black_list_tmp.txt第295278行 与上级域名incline9edge.com#Black_list_tmp.txt第124774行 存在层级冲突
www.indiads.com#Black_list_tmp.txt第295280行 与上级域名indiads.com#Black_list_tmp.txt第124899行 存在层级冲突
www.indpcr1.com#Black_list_tmp.txt第295281行 与上级域名indpcr1.com#Black_list_tmp.txt第124981行 存在层级冲突
www.infineon-community.com#Black_list_tmp.txt第295282行 与上级域名infineon-community.com#Black_list_tmp.txt第125099行 存在层级冲突
www.inmobi.cn#Black_list_tmp.txt第295290行 与上级域名inmobi.cn#Black_list_tmp.txt第126487行 存在层级冲突
www.inmobi.com#Black_list_tmp.txt第295291行 与上级域名inmobi.com#Black_list_tmp.txt第126488行 存在层级冲突
www.ins-mercadeo.com#Black_list_tmp.txt第295293行 与上级域名ins-mercadeo.com#Black_list_tmp.txt第126658行 存在层级冲突
www.insightful-company-52.com#Black_list_tmp.txt第295295行 与上级域名insightful-company-52.com#Black_list_tmp.txt第126796行 存在层级冲突
www.insightfulbusinesswisdom.com#Black_list_tmp.txt第295296行 与上级域名insightfulbusinesswisdom.com#Black_list_tmp.txt第126797行 存在层级冲突
www.insightfulcompanyinsight.com#Black_list_tmp.txt第295297行 与上级域名insightfulcompanyinsight.com#Black_list_tmp.txt第126798行 存在层级冲突
www.instv729.com#Black_list_tmp.txt第295300行 与上级域名instv729.com#Black_list_tmp.txt第127092行 存在层级冲突
www.intelligence-enterprise.com#Black_list_tmp.txt第295301行 与上级域名intelligence-enterprise.com#Black_list_tmp.txt第127209行 存在层级冲突
www.intelligent-company-foresight.com#Black_list_tmp.txt第295302行 与上级域名intelligent-company-foresight.com#Black_list_tmp.txt第127218行 存在层级冲突
www.intelligent-data-247.com#Black_list_tmp.txt第295303行 与上级域名intelligent-data-247.com#Black_list_tmp.txt第127219行 存在层级冲突
www.intelligentcompanywisdom.com#Black_list_tmp.txt第295304行 与上级域名intelligentcompanywisdom.com#Black_list_tmp.txt第127221行 存在层级冲突
www.intelligentdatawisdom.com#Black_list_tmp.txt第295305行 与上级域名intelligentdatawisdom.com#Black_list_tmp.txt第127222行 存在层级冲突
www.ip-a-box.com#Black_list_tmp.txt第295312行 与上级域名ip-a-box.com#Black_list_tmp.txt第127899行 存在层级冲突
www.ip-route.net#Black_list_tmp.txt第295313行 与上级域名ip-route.net#Black_list_tmp.txt第127904行 存在层级冲突
www.iproute66.com#Black_list_tmp.txt第295314行 与上级域名iproute66.com#Black_list_tmp.txt第128105行 存在层级冲突
www.iron0walk.com#Black_list_tmp.txt第295316行 与上级域名iron0walk.com#Black_list_tmp.txt第128430行 存在层级冲突
www.ivjkkq.xyz#Black_list_tmp.txt第295323行 与上级域名ivjkkq.xyz#Black_list_tmp.txt第129265行 存在层级冲突
www.j77777777.com#Black_list_tmp.txt第295327行 与上级域名j77777777.com#Black_list_tmp.txt第129878行 存在层级冲突
www.jaup0lake.com#Black_list_tmp.txt第295334行 与上级域名jaup0lake.com#Black_list_tmp.txt第130254行 存在层级冲突
www.jd-mail.co.uk#Black_list_tmp.txt第295337行 与上级域名jd-mail.co.uk#Black_list_tmp.txt第130607行 存在层级冲突
www.jebb8hurt.com#Black_list_tmp.txt第295339行 与上级域名jebb8hurt.com#Black_list_tmp.txt第130825行 存在层级冲突
www.jenxsw21lb.com#Black_list_tmp.txt第295341行 与上级域名jenxsw21lb.com#Black_list_tmp.txt第130956行 存在层级冲突
www.jfjw4cxr.com#Black_list_tmp.txt第295350行 与上级域名jfjw4cxr.com#Black_list_tmp.txt第131175行 存在层级冲突
www.jianpian.vip#Black_list_tmp.txt第295352行 与上级域名jianpian.vip#Black_list_tmp.txt第131486行 存在层级冲突
www.jiguang.cn#Black_list_tmp.txt第295353行 与上级域名jiguang.cn#Black_list_tmp.txt第131597行 存在层级冲突
www.jinyidianzi.com#Black_list_tmp.txt第295355行 与上级域名jinyidianzi.com#Black_list_tmp.txt第131724行 存在层级冲突
www.jipinyouwu.com#Black_list_tmp.txt第295356行 与上级域名jipinyouwu.com#Black_list_tmp.txt第131739行 存在层级冲突
www.jj9293.com#Black_list_tmp.txt第295357行 与上级域名jj9293.com#Black_list_tmp.txt第131863行 存在层级冲突
www.jody0sora.com#Black_list_tmp.txt第295362行 与上级域名jody0sora.com#Black_list_tmp.txt第132502行 存在层级冲突
www.jolic2.com#Black_list_tmp.txt第295365行 与上级域名jolic2.com#Black_list_tmp.txt第132678行 存在层级冲突
www.josh7cuba.com#Black_list_tmp.txt第295367行 与上级域名josh7cuba.com#Black_list_tmp.txt第132790行 存在层级冲突
www.jpush.cn#Black_list_tmp.txt第295369行 与上级域名jpush.cn#Black_list_tmp.txt第133024行 存在层级冲突
www.jquery-cdn.download#Black_list_tmp.txt第295370行 与上级域名jquery-cdn.download#Black_list_tmp.txt第133156行 存在层级冲突
www.jqwww.download#Black_list_tmp.txt第295371行 与上级域名jqwww.download#Black_list_tmp.txt第133175行 存在层级冲突
www.js7xc.com#Black_list_tmp.txt第295373行 与上级域名js7xc.com#Black_list_tmp.txt第133565行 存在层级冲突
www.jsnzoe301m.com#Black_list_tmp.txt第295374行 与上级域名jsnzoe301m.com#Black_list_tmp.txt第133678行 存在层级冲突
www.jsshen.com#Black_list_tmp.txt第295375行 与上级域名jsshen.com#Black_list_tmp.txt第133716行 存在层级冲突
www.jxteerte.net#Black_list_tmp.txt第295381行 与上级域名jxteerte.net#Black_list_tmp.txt第134623行 存在层级冲突
www.k0398.com#Black_list_tmp.txt第295383行 与上级域名k0398.com#Black_list_tmp.txt第134922行 存在层级冲突
www.kanglingjiu.com#Black_list_tmp.txt第295385行 与上级域名kanglingjiu.com#Black_list_tmp.txt第135269行 存在层级冲突
www.kb2323.com#Black_list_tmp.txt第295389行 与上级域名kb2323.com#Black_list_tmp.txt第135491行 存在层级冲突
www.kc75.com#Black_list_tmp.txt第295390行 与上级域名kc75.com#Black_list_tmp.txt第135623行 存在层级冲突
www.keet1liod.com#Black_list_tmp.txt第295396行 与上级域名keet1liod.com#Black_list_tmp.txt第135922行 存在层级冲突
www.keyade.fr#Black_list_tmp.txt第295400行 与上级域名keyade.fr#Black_list_tmp.txt第136169行 存在层级冲突
www.kick1pore.com#Black_list_tmp.txt第295403行 与上级域名kick1pore.com#Black_list_tmp.txt第136610行 存在层级冲突
www.kilo6alga.com#Black_list_tmp.txt第295404行 与上级域名kilo6alga.com#Black_list_tmp.txt第136739行 存在层级冲突
www.kota3chat.com#Black_list_tmp.txt第295425行 与上级域名kota3chat.com#Black_list_tmp.txt第138223行 存在层级冲突
www.kowqd9.top#Black_list_tmp.txt第295427行 与上级域名kowqd9.top#Black_list_tmp.txt第138273行 存在层级冲突
www.kp12a.top#Black_list_tmp.txt第295428行 与上级域名kp12a.top#Black_list_tmp.txt第138290行 存在层级冲突
www.kpr2exp21.com#Black_list_tmp.txt第295429行 与上级域名kpr2exp21.com#Black_list_tmp.txt第138365行 存在层级冲突
www.kprbexp21.com#Black_list_tmp.txt第295430行 与上级域名kprbexp21.com#Black_list_tmp.txt第138366行 存在层级冲突
www.kqjtj.com#Black_list_tmp.txt第295431行 与上级域名kqjtj.com#Black_list_tmp.txt第138447行 存在层级冲突
www.ksk-mjto-001.com#Black_list_tmp.txt第295434行 与上级域名ksk-mjto-001.com#Black_list_tmp.txt第138717行 存在层级冲突
www.ksyrium0014.com#Black_list_tmp.txt第295435行 与上级域名ksyrium0014.com#Black_list_tmp.txt第138779行 存在层级冲突
www.kuaizq.com#Black_list_tmp.txt第295436行 与上级域名kuaizq.com#Black_list_tmp.txt第138930行 存在层级冲突
www.kuaso.com#Black_list_tmp.txt第295437行 与上级域名kuaso.com#Black_list_tmp.txt第138938行 存在层级冲突
www.l77777777.com#Black_list_tmp.txt第295442行 与上级域名l77777777.com#Black_list_tmp.txt第139940行 存在层级冲突
www.lack4skip.com#Black_list_tmp.txt第295443行 与上级域名lack4skip.com#Black_list_tmp.txt第140063行 存在层级冲突
www.laksjd4.com#Black_list_tmp.txt第295446行 与上级域名laksjd4.com#Black_list_tmp.txt第140246行 存在层级冲突
www.lane5down.com#Black_list_tmp.txt第295449行 与上级域名lane5down.com#Black_list_tmp.txt第140451行 存在层级冲突
www.lansrv020.com#Black_list_tmp.txt第295451行 与上级域名lansrv020.com#Black_list_tmp.txt第140499行 存在层级冲突
www.lansrv030.com#Black_list_tmp.txt第295452行 与上级域名lansrv030.com#Black_list_tmp.txt第140500行 存在层级冲突
www.lansrv040.com#Black_list_tmp.txt第295453行 与上级域名lansrv040.com#Black_list_tmp.txt第140501行 存在层级冲突
www.lansrv050.com#Black_list_tmp.txt第295454行 与上级域名lansrv050.com#Black_list_tmp.txt第140502行 存在层级冲突
www.lansrv060.com#Black_list_tmp.txt第295455行 与上级域名lansrv060.com#Black_list_tmp.txt第140503行 存在层级冲突
www.lansrv070.com#Black_list_tmp.txt第295456行 与上级域名lansrv070.com#Black_list_tmp.txt第140504行 存在层级冲突
www.lansrv080.com#Black_list_tmp.txt第295457行 与上级域名lansrv080.com#Black_list_tmp.txt第140505行 存在层级冲突
www.lansrv090.com#Black_list_tmp.txt第295458行 与上级域名lansrv090.com#Black_list_tmp.txt第140506行 存在层级冲突
www.late6year.com#Black_list_tmp.txt第295460行 与上级域名late6year.com#Black_list_tmp.txt第140699行 存在层级冲突
www.late8chew.com#Black_list_tmp.txt第295461行 与上级域名late8chew.com#Black_list_tmp.txt第140700行 存在层级冲突
www.lave6loki.com#Black_list_tmp.txt第295465行 与上级域名lave6loki.com#Black_list_tmp.txt第140836行 存在层级冲突
www.lazy8krti.com#Black_list_tmp.txt第295466行 与上级域名lazy8krti.com#Black_list_tmp.txt第141000行 存在层级冲突
www.lc090.com#Black_list_tmp.txt第295467行 与上级域名lc090.com#Black_list_tmp.txt第141141行 存在层级冲突
www.ldfr-cloud.net#Black_list_tmp.txt第295469行 与上级域名ldfr-cloud.net#Black_list_tmp.txt第141321行 存在层级冲突
www.ldrtrack.com#Black_list_tmp.txt第295470行 与上级域名ldrtrack.com#Black_list_tmp.txt第141396行 存在层级冲突
www.lead-123.com#Black_list_tmp.txt第295471行 与上级域名lead-123.com#Black_list_tmp.txt第141458行 存在层级冲突
www.lead-analytics-1000.com#Black_list_tmp.txt第295472行 与上级域名lead-analytics-1000.com#Black_list_tmp.txt第141460行 存在层级冲突
www.lead-watcher.com#Black_list_tmp.txt第295473行 与上级域名lead-watcher.com#Black_list_tmp.txt第141463行 存在层级冲突
www.ledradn.com#Black_list_tmp.txt第295484行 与上级域名ledradn.com#Black_list_tmp.txt第141758行 存在层级冲突
www.left5lock.com#Black_list_tmp.txt第295486行 与上级域名left5lock.com#Black_list_tmp.txt第141830行 存在层级冲突
www.lehaitv.com#Black_list_tmp.txt第295487行 与上级域名lehaitv.com#Black_list_tmp.txt第141916行 存在层级冲突
www.lehu910.com#Black_list_tmp.txt第295488行 与上级域名lehu910.com#Black_list_tmp.txt第141926行 存在层级冲突
www.letterbox-path.com#Black_list_tmp.txt第295493行 与上级域名letterbox-path.com#Black_list_tmp.txt第142250行 存在层级冲突
www.letterboxtrail.com#Black_list_tmp.txt第295494行 与上级域名letterboxtrail.com#Black_list_tmp.txt第142251行 存在层级冲突
www.lforen-cloud-trace.com#Black_list_tmp.txt第295495行 与上级域名lforen-cloud-trace.com#Black_list_tmp.txt第142488行 存在层级冲突
www.line6agar.com#Black_list_tmp.txt第295503行 与上级域名line6agar.com#Black_list_tmp.txt第143339行 存在层级冲突
www.link5view.com#Black_list_tmp.txt第295504行 与上级域名link5view.com#Black_list_tmp.txt第144068行 存在层级冲突
www.liod1ours.com#Black_list_tmp.txt第295506行 与上级域名liod1ours.com#Black_list_tmp.txt第144460行 存在层级冲突
www.list1holp.com#Black_list_tmp.txt第295507行 与上级域名list1holp.com#Black_list_tmp.txt第144543行 存在层级冲突
www.liveinternet.ru#Black_list_tmp.txt第295511行 与上级域名liveinternet.ru#Black_list_tmp.txt第144736行 存在层级冲突
www.ll88y.com#Black_list_tmp.txt第295517行 与上级域名ll88y.com#Black_list_tmp.txt第145154行 存在层级冲突
www.lm661.com#Black_list_tmp.txt第295518行 与上级域名lm661.com#Black_list_tmp.txt第145369行 存在层级冲突
www.lmknjb1.com#Black_list_tmp.txt第295519行 与上级域名lmknjb1.com#Black_list_tmp.txt第145448行 存在层级冲突
www.lmlmvip.com#Black_list_tmp.txt第295520行 与上级域名lmlmvip.com#Black_list_tmp.txt第145456行 存在层级冲突
www.loki8lave.com#Black_list_tmp.txt第295527行 与上级域名loki8lave.com#Black_list_tmp.txt第151803行 存在层级冲突
www.loom3otto.com#Black_list_tmp.txt第295532行 与上级域名loom3otto.com#Black_list_tmp.txt第151961行 存在层级冲突
www.lope4refl.com#Black_list_tmp.txt第295533行 与上级域名lope4refl.com#Black_list_tmp.txt第152031行 存在层级冲突
www.lote1otto.com#Black_list_tmp.txt第295536行 与上级域名lote1otto.com#Black_list_tmp.txt第152134行 存在层级冲突
www.lqsx.net#Black_list_tmp.txt第295544行 与上级域名lqsx.net#Black_list_tmp.txt第152840行 存在层级冲突
www.lucky288.com#Black_list_tmp.txt第295546行 与上级域名lucky288.com#Black_list_tmp.txt第153306行 存在层级冲突
www.luoshenbest.com#Black_list_tmp.txt第295548行 与上级域名luoshenbest.com#Black_list_tmp.txt第153532行 存在层级冲突
www.lutelu.com#Black_list_tmp.txt第295549行 与上级域名lutelu.com#Black_list_tmp.txt第153612行 存在层级冲突
www.lyf.com#Black_list_tmp.txt第295551行 与上级域名lyf.com#Black_list_tmp.txt第154099行 存在层级冲突
www.lzcei.com#Black_list_tmp.txt第295554行 与上级域名lzcei.com#Black_list_tmp.txt第154255行 存在层级冲突
www.m1ll1c4n0.com#Black_list_tmp.txt第295556行 与上级域名m1ll1c4n0.com#Black_list_tmp.txt第155264行 存在层级冲突
www.mack7oyes.com#Black_list_tmp.txt第295560行 与上级域名mack7oyes.com#Black_list_tmp.txt第155525行 存在层级冲突
www.main5poem.com#Black_list_tmp.txt第295564行 与上级域名main5poem.com#Black_list_tmp.txt第156010行 存在层级冲突
www.make6pain.com#Black_list_tmp.txt第295565行 与上级域名make6pain.com#Black_list_tmp.txt第156119行 存在层级冲突
www.mali4blat.com#Black_list_tmp.txt第295569行 与上级域名mali4blat.com#Black_list_tmp.txt第156190行 存在层级冲突
www.malm1coax.com#Black_list_tmp.txt第295570行 与上级域名malm1coax.com#Black_list_tmp.txt第156223行 存在层级冲突
www.maplehaze.cn#Black_list_tmp.txt第295574行 与上级域名maplehaze.cn#Black_list_tmp.txt第156521行 存在层级冲突
www.mari4norm.com#Black_list_tmp.txt第295575行 与上级域名mari4norm.com#Black_list_tmp.txt第156616行 存在层级冲突
www.marx7loki.com#Black_list_tmp.txt第295586行 与上级域名marx7loki.com#Black_list_tmp.txt第158738行 存在层级冲突
www.maserati.info#Black_list_tmp.txt第295587行 与上级域名maserati.info#Black_list_tmp.txt第158761行 存在层级冲突
www.mass1soma.com#Black_list_tmp.txt第295588行 与上级域名mass1soma.com#Black_list_tmp.txt第158794行 存在层级冲突
www.mavic852.com#Black_list_tmp.txt第295593行 与上级域名mavic852.com#Black_list_tmp.txt第159080行 存在层级冲突
www.mbljpu9.com#Black_list_tmp.txt第295594行 与上级域名mbljpu9.com#Black_list_tmp.txt第159354行 存在层级冲突
www.mdfsbn.com#Black_list_tmp.txt第295597行 与上级域名mdfsbn.com#Black_list_tmp.txt第159656行 存在层级冲突
www.me1294hlx.com#Black_list_tmp.txt第295598行 与上级域名me1294hlx.com#Black_list_tmp.txt第159976行 存在层级冲突
www.mean8sigh.com#Black_list_tmp.txt第295599行 与上级域名mean8sigh.com#Black_list_tmp.txt第160003行 存在层级冲突
www.mediaedge-info.com#Black_list_tmp.txt第295602行 与上级域名mediaedge-info.com#Black_list_tmp.txt第160442行 存在层级冲突
www.mediav.com#Black_list_tmp.txt第295604行 与上级域名mediav.com#Black_list_tmp.txt第160540行 存在层级冲突
www.mediwebinars.com#Black_list_tmp.txt第295606行 与上级域名mediwebinars.com#Black_list_tmp.txt第160613行 存在层级冲突
www.meet3monk.com#Black_list_tmp.txt第295611行 与上级域名meet3monk.com#Black_list_tmp.txt第160704行 存在层级冲突
www.menwww.com#Black_list_tmp.txt第295616行 与上级域名menwww.com#Black_list_tmp.txt第161110行 存在层级冲突
www.metalnews.cn#Black_list_tmp.txt第295619行 与上级域名metalnews.cn#Black_list_tmp.txt第161411行 存在层级冲突
www.meuble-design.net.jumia.ug#Black_list_tmp.txt第295623行 与上级域名net.jumia.ug#Black_list_tmp.txt第173144行 存在层级冲突
www.mews2ruck.com#Black_list_tmp.txt第295624行 与上级域名mews2ruck.com#Black_list_tmp.txt第164455行 存在层级冲突
www.mfjegjqb.com#Black_list_tmp.txt第295626行 与上级域名mfjegjqb.com#Black_list_tmp.txt第164539行 存在层级冲突
www.mg58.com#Black_list_tmp.txt第295627行 与上级域名mg58.com#Black_list_tmp.txt第164623行 存在层级冲突
www.mialbj6.com#Black_list_tmp.txt第295628行 与上级域名mialbj6.com#Black_list_tmp.txt第164908行 存在层级冲突
www.miaozhen.com#Black_list_tmp.txt第295629行 与上级域名miaozhen.com#Black_list_tmp.txt第164918行 存在层级冲突
www.mile0tire.com#Black_list_tmp.txt第295636行 与上级域名mile0tire.com#Black_list_tmp.txt第165184行 存在层级冲突
www.mill8grip.com#Black_list_tmp.txt第295639行 与上级域名mill8grip.com#Black_list_tmp.txt第165219行 存在层级冲突
www.misc1bulk.com#Black_list_tmp.txt第295644行 与上级域名misc1bulk.com#Black_list_tmp.txt第165608行 存在层级冲突
www.missweike58.com#Black_list_tmp.txt第295646行 与上级域名missweike58.com#Black_list_tmp.txt第165705行 存在层级冲突
www.missweike9988.com#Black_list_tmp.txt第295647行 与上级域名missweike9988.com#Black_list_tmp.txt第165706行 存在层级冲突
www.mkt.uvg.edu.gt#Black_list_tmp.txt第295652行 与上级域名mkt.uvg.edu.gt#Black_list_tmp.txt第166145行 存在层级冲突
www.mm193.com#Black_list_tmp.txt第295653行 与上级域名mm193.com#Black_list_tmp.txt第166411行 存在层级冲突
www.mmm266.com#Black_list_tmp.txt第295654行 与上级域名mmm266.com#Black_list_tmp.txt第166504行 存在层级冲突
www.mmm733.com#Black_list_tmp.txt第295655行 与上级域名mmm733.com#Black_list_tmp.txt第166506行 存在层级冲突
www.mmstat.com#Black_list_tmp.txt第295656行 与上级域名mmstat.com#Black_list_tmp.txt第166579行 存在层级冲突
www.mnbvc34.com#Black_list_tmp.txt第295658行 与上级域名mnbvc34.com#Black_list_tmp.txt第166630行 存在层级冲突
www.moat4shot.com#Black_list_tmp.txt第295660行 与上级域名moat4shot.com#Black_list_tmp.txt第166816行 存在层级冲突
www.mob.com#Black_list_tmp.txt第295661行 与上级域名mob.com#Black_list_tmp.txt第166827行 存在层级冲突
www.mobsurl.com#Black_list_tmp.txt第295662行 与上级域名mobsurl.com#Black_list_tmp.txt第167057行 存在层级冲突
www.mon-com-01.com#Black_list_tmp.txt第295664行 与上级域名mon-com-01.com#Black_list_tmp.txt第167440行 存在层级冲突
www.mon-com-net.com#Black_list_tmp.txt第295665行 与上级域名mon-com-net.com#Black_list_tmp.txt第167441行 存在层级冲突
www.monero-miner.com#Black_list_tmp.txt第295668行 与上级域名monero-miner.com#Black_list_tmp.txt第167526行 存在层级冲突
www.mown5gaze.com#Black_list_tmp.txt第295679行 与上级域名mown5gaze.com#Black_list_tmp.txt第168337行 存在层级冲突
www.mp8883.com#Black_list_tmp.txt第295680行 与上级域名mp8883.com#Black_list_tmp.txt第168411行 存在层级冲突
www.muvflix.com#Black_list_tmp.txt第295692行 与上级域名muvflix.com#Black_list_tmp.txt第170003行 存在层级冲突
www.mydocusign.com#Black_list_tmp.txt第295700行 与上级域名mydocusign.com#Black_list_tmp.txt第170699行 存在层级冲突
www.myfiltration.eaton.com#Black_list_tmp.txt第295703行 与上级域名myfiltration.eaton.com#Black_list_tmp.txt第170736行 存在层级冲突
www.myvehicle.eaton.com#Black_list_tmp.txt第295715行 与上级域名myvehicle.eaton.com#Black_list_tmp.txt第171040行 存在层级冲突
www.mz30.cn#Black_list_tmp.txt第295716行 与上级域名mz30.cn#Black_list_tmp.txt第171091行 存在层级冲突
www.n-core-pipe.com#Black_list_tmp.txt第295717行 与上级域名n-core-pipe.com#Black_list_tmp.txt第171186行 存在层级冲突
www.n2050.com#Black_list_tmp.txt第295718行 与上级域名n2050.com#Black_list_tmp.txt第171279行 存在层级冲突
www.navy9gear.com#Black_list_tmp.txt第295724行 与上级域名navy9gear.com#Black_list_tmp.txt第172134行 存在层级冲突
www.nb898.com#Black_list_tmp.txt第295725行 与上级域名nb898.com#Black_list_tmp.txt第172172行 存在层级冲突
www.neck6bake.com#Black_list_tmp.txt第295729行 与上级域名neck6bake.com#Black_list_tmp.txt第172690行 存在层级冲突
www.nepinplainsight.com#Black_list_tmp.txt第295734行 与上级域名nepinplainsight.com#Black_list_tmp.txt第173022行 存在层级冲突
www.network-handle.com#Black_list_tmp.txt第295739行 与上级域名network-handle.com#Black_list_tmp.txt第173262行 存在层级冲突
www.newscatalanaoccidente.com#Black_list_tmp.txt第295744行 与上级域名newscatalanaoccidente.com#Black_list_tmp.txt第173691行 存在层级冲突
www.newsgrupocatalanaoccidente.com#Black_list_tmp.txt第295745行 与上级域名newsgrupocatalanaoccidente.com#Black_list_tmp.txt第173713行 存在层级冲突
www.newsplusultra.es#Black_list_tmp.txt第295748行 与上级域名newsplusultra.es#Black_list_tmp.txt第173748行 存在层级冲突
www.nextlnk1.com#Black_list_tmp.txt第295751行 与上级域名nextlnk1.com#Black_list_tmp.txt第173871行 存在层级冲突
www.nextlnk6.com#Black_list_tmp.txt第295753行 与上级域名nextlnk6.com#Black_list_tmp.txt第173873行 存在层级冲突
www.nhyund4.com#Black_list_tmp.txt第295757行 与上级域名nhyund4.com#Black_list_tmp.txt第174335行 存在层级冲突
www.nice3aiea.com#Black_list_tmp.txt第295758行 与上级域名nice3aiea.com#Black_list_tmp.txt第174385行 存在层级冲突
www.nipe4head.com#Black_list_tmp.txt第295760行 与上级域名nipe4head.com#Black_list_tmp.txt第174699行 存在层级冲突
www.node7seat.com#Black_list_tmp.txt第295764行 与上级域名node7seat.com#Black_list_tmp.txt第175573行 存在层级冲突
www.nora7nice.com#Black_list_tmp.txt第295766行 与上级域名nora7nice.com#Black_list_tmp.txt第175822行 存在层级冲突
www.norm0care.com#Black_list_tmp.txt第295767行 与上级域名norm0care.com#Black_list_tmp.txt第175852行 存在层级冲突
www.notmining.org#Black_list_tmp.txt第295776行 与上级域名notmining.org#Black_list_tmp.txt第176042行 存在层级冲突
www.np6.eu#Black_list_tmp.txt第295780行 与上级域名np6.eu#Black_list_tmp.txt第176240行 存在层级冲突
www.nw-rail-03.com#Black_list_tmp.txt第295788行 与上级域名nw-rail-03.com#Black_list_tmp.txt第177385行 存在层级冲突
www.nwww.gkxs.com#Black_list_tmp.txt第295790行 与上级域名nwww.gkxs.com#Black_list_tmp.txt第177497行 存在层级冲突
www.ny79641.com#Black_list_tmp.txt第295792行 与上级域名ny79641.com#Black_list_tmp.txt第177624行 存在层级冲突
www.nyc14ny.com#Black_list_tmp.txt第295793行 与上级域名nyc14ny.com#Black_list_tmp.txt第177642行 存在层级冲突
www.nyctrl32.com#Black_list_tmp.txt第295794行 与上级域名nyctrl32.com#Black_list_tmp.txt第177648行 存在层级冲突
www.oadz.com#Black_list_tmp.txt第295796行 与上级域名oadz.com#Black_list_tmp.txt第178064行 存在层级冲突
www.oboe3broo.com#Black_list_tmp.txt第295802行 与上级域名oboe3broo.com#Black_list_tmp.txt第178501行 存在层级冲突
www.oceanengine.com#Black_list_tmp.txt第295805行 与上级域名oceanengine.com#Black_list_tmp.txt第178725行 存在层级冲突
www.ofnsv69.com#Black_list_tmp.txt第295812行 与上级域名ofnsv69.com#Black_list_tmp.txt第179413行 存在层级冲突
www.oita4bali.com#Black_list_tmp.txt第295818行 与上级域名oita4bali.com#Black_list_tmp.txt第179907行 存在层级冲突
www.ok89okl.com#Black_list_tmp.txt第295819行 与上级域名ok89okl.com#Black_list_tmp.txt第180086行 存在层级冲突
www.okc-5190.com#Black_list_tmp.txt第295820行 与上级域名okc-5190.com#Black_list_tmp.txt第180105行 存在层级冲突
www.okc-5191.com#Black_list_tmp.txt第295821行 与上级域名okc-5191.com#Black_list_tmp.txt第180106行 存在层级冲突
www.online166.com#Black_list_tmp.txt第295829行 与上级域名online166.com#Black_list_tmp.txt第181370行 存在层级冲突
www.operationintelligence7.com#Black_list_tmp.txt第295837行 与上级域名operationintelligence7.com#Black_list_tmp.txt第182004行 存在层级冲突
www.optimum-xyz.com#Black_list_tmp.txt第295841行 与上级域名optimum-xyz.com#Black_list_tmp.txt第182229行 存在层级冲突
www.ostlon.com#Black_list_tmp.txt第295847行 与上级域名ostlon.com#Black_list_tmp.txt第183081行 存在层级冲突
www.otto5loki.com#Black_list_tmp.txt第295849行 与上级域名otto5loki.com#Black_list_tmp.txt第183337行 存在层级冲突
www.p1.3b82.com#Black_list_tmp.txt第295856行 与上级域名p1.3b82.com#Black_list_tmp.txt第184763行 存在层级冲突
www.p2343.com#Black_list_tmp.txt第295857行 与上级域名p2343.com#Black_list_tmp.txt第184817行 存在层级冲突
www.page1monk.com#Black_list_tmp.txt第295858行 与上级域名page1monk.com#Black_list_tmp.txt第185193行 存在层级冲突
www.page9awry.com#Black_list_tmp.txt第295859行 与上级域名page9awry.com#Black_list_tmp.txt第185196行 存在层级冲突
www.pair1tune.com#Black_list_tmp.txt第295865行 与上级域名pair1tune.com#Black_list_tmp.txt第185496行 存在层级冲突
www.pangolin-dsp-toutiao.com#Black_list_tmp.txt第295869行 与上级域名pangolin-dsp-toutiao.com#Black_list_tmp.txt第185682行 存在层级冲突
www.papapa.tv#Black_list_tmp.txt第295870行 与上级域名papapa.tv#Black_list_tmp.txt第185790行 存在层级冲突
www.partnermcafee.com#Black_list_tmp.txt第295878行 与上级域名partnermcafee.com#Black_list_tmp.txt第186658行 存在层级冲突
www.pass-1234.com#Black_list_tmp.txt第295882行 与上级域名pass-1234.com#Black_list_tmp.txt第186786行 存在层级冲突
www.pass8heal.com#Black_list_tmp.txt第295883行 与上级域名pass8heal.com#Black_list_tmp.txt第186789行 存在层级冲突
www.path-follower.com#Black_list_tmp.txt第295885行 与上级域名path-follower.com#Black_list_tmp.txt第186899行 存在层级冲突
www.path-trail.com#Black_list_tmp.txt第295886行 与上级域名path-trail.com#Black_list_tmp.txt第186900行 存在层级冲突
www.path5wall.com#Black_list_tmp.txt第295887行 与上级域名path5wall.com#Black_list_tmp.txt第186909行 存在层级冲突
www.paydashboardinfo.com#Black_list_tmp.txt第295891行 与上级域名paydashboardinfo.com#Black_list_tmp.txt第187103行 存在层级冲突
www.pcstore.com.tw#Black_list_tmp.txt第295894行 与上级域名pcstore.com.tw#Black_list_tmp.txt第187473行 存在层级冲突
www.pdxor02.com#Black_list_tmp.txt第295897行 与上级域名pdxor02.com#Black_list_tmp.txt第187632行 存在层级冲突
www.peak-ip-54.com#Black_list_tmp.txt第295901行 与上级域名peak-ip-54.com#Black_list_tmp.txt第187679行 存在层级冲突
www.peak2poem.com#Black_list_tmp.txt第295902行 与上级域名peak2poem.com#Black_list_tmp.txt第187680行 存在层级冲突
www.peep1alea.com#Black_list_tmp.txt第295905行 与上级域名peep1alea.com#Black_list_tmp.txt第187836行 存在层级冲突
www.perfect-dating.com#Black_list_tmp.txt第295909行 与上级域名perfect-dating.com#Black_list_tmp.txt第188155行 存在层级冲突
www.perfectgirls.es#Black_list_tmp.txt第295910行 与上级域名perfectgirls.es#Black_list_tmp.txt第188161行 存在层级冲突
www.perfectgirls.net#Black_list_tmp.txt第295911行 与上级域名perfectgirls.net#Black_list_tmp.txt第188162行 存在层级冲突
www.perk0mean.com#Black_list_tmp.txt第295913行 与上级域名perk0mean.com#Black_list_tmp.txt第188260行 存在层级冲突
www.pgzs.com#Black_list_tmp.txt第295922行 与上级域名pgzs.com#Black_list_tmp.txt第188796行 存在层级冲突
www.pj88.net#Black_list_tmp.txt第295937行 与上级域名pj88.net#Black_list_tmp.txt第190508行 存在层级冲突
www.pkrchp001.com#Black_list_tmp.txt第295938行 与上级域名pkrchp001.com#Black_list_tmp.txt第190703行 存在层级冲突
www.plokij1.com#Black_list_tmp.txt第295947行 与上级域名plokij1.com#Black_list_tmp.txt第191450行 存在层级冲突
www.plug1luge.com#Black_list_tmp.txt第295948行 与上级域名plug1luge.com#Black_list_tmp.txt第191524行 存在层级冲突
www.plug4norm.com#Black_list_tmp.txt第295949行 与上级域名plug4norm.com#Black_list_tmp.txt第191525行 存在层级冲突
www.pn36.cn#Black_list_tmp.txt第295951行 与上级域名pn36.cn#Black_list_tmp.txt第191767行 存在层级冲突
www.poiuy12.com#Black_list_tmp.txt第295952行 与上级域名poiuy12.com#Black_list_tmp.txt第192090行 存在层级冲突
www.poor5zero.com#Black_list_tmp.txt第295957行 与上级域名poor5zero.com#Black_list_tmp.txt第192385行 存在层级冲突
www.pop.bid#Black_list_tmp.txt第295958行 与上级域名pop.bid#Black_list_tmp.txt第192400行 存在层级冲突
www.popcornvod.com#Black_list_tmp.txt第295959行 与上级域名popcornvod.com#Black_list_tmp.txt第192445行 存在层级冲突
www.poqwo3.com#Black_list_tmp.txt第295962行 与上级域名poqwo3.com#Black_list_tmp.txt第192598行 存在层级冲突
www.pp5200.com#Black_list_tmp.txt第295971行 与上级域名pp5200.com#Black_list_tmp.txt第193123行 存在层级冲突
www.ppqqzkn.com#Black_list_tmp.txt第295972行 与上级域名ppqqzkn.com#Black_list_tmp.txt第193235行 存在层级冲突
www.ppslsa.com#Black_list_tmp.txt第295973行 与上级域名ppslsa.com#Black_list_tmp.txt第193249行 存在层级冲突
www.pri12mel.com#Black_list_tmp.txt第295979行 与上级域名pri12mel.com#Black_list_tmp.txt第194044行 存在层级冲突
www.prt-or-067.com#Black_list_tmp.txt第295997行 与上级域名prt-or-067.com#Black_list_tmp.txt第195382行 存在层级冲突
www.psbxg.net#Black_list_tmp.txt第296000行 与上级域名psbxg.net#Black_list_tmp.txt第195530行 存在层级冲突
www.pt95793.com#Black_list_tmp.txt第296002行 与上级域名pt95793.com#Black_list_tmp.txt第195810行 存在层级冲突
www.pto-slb-09.com#Black_list_tmp.txt第296004行 与上级域名pto-slb-09.com#Black_list_tmp.txt第196006行 存在层级冲突
www.pufren.xyz#Black_list_tmp.txt第296005行 与上级域名pufren.xyz#Black_list_tmp.txt第196420行 存在层级冲突
www.pullcf.com#Black_list_tmp.txt第296006行 与上级域名pullcf.com#Black_list_tmp.txt第196485行 存在层级冲突
www.pump8walk.com#Black_list_tmp.txt第296008行 与上级域名pump8walk.com#Black_list_tmp.txt第196640行 存在层级冲突
www.pureadexchange.com#Black_list_tmp.txt第296013行 与上级域名pureadexchange.com#Black_list_tmp.txt第196784行 存在层级冲突
www.qchannel01.cn#Black_list_tmp.txt第296017行 与上级域名qchannel01.cn#Black_list_tmp.txt第198305行 存在层级冲突
www.qchannel03.cn#Black_list_tmp.txt第296018行 与上级域名qchannel03.cn#Black_list_tmp.txt第198307行 存在层级冲突
www.qczx1.com#Black_list_tmp.txt第296020行 与上级域名qczx1.com#Black_list_tmp.txt第198403行 存在层级冲突
www.qetup12.com#Black_list_tmp.txt第296022行 与上级域名qetup12.com#Black_list_tmp.txt第198596行 存在层级冲突
www.qianka.com#Black_list_tmp.txt第296024行 与上级域名qianka.com#Black_list_tmp.txt第198954行 存在层级冲突
www.qianying208.com#Black_list_tmp.txt第296025行 与上级域名qianying208.com#Black_list_tmp.txt第198959行 存在层级冲突
www.qlspx.com#Black_list_tmp.txt第296028行 与上级域名qlspx.com#Black_list_tmp.txt第199393行 存在层级冲突
www.qlzn6i1l.com#Black_list_tmp.txt第296029行 与上级域名qlzn6i1l.com#Black_list_tmp.txt第199417行 存在层级冲突
www.qooww.com#Black_list_tmp.txt第296030行 与上级域名qooww.com#Black_list_tmp.txt第199707行 存在层级冲突
www.qpwoei2.com#Black_list_tmp.txt第296031行 与上级域名qpwoei2.com#Black_list_tmp.txt第199852行 存在层级冲突
www.qulishi.com#Black_list_tmp.txt第296041行 与上级域名qulishi.com#Black_list_tmp.txt第200908行 存在层级冲突
www.quoteafs.com#Black_list_tmp.txt第296042行 与上级域名quoteafs.com#Black_list_tmp.txt第200948行 存在层级冲突
www.qx9906.com#Black_list_tmp.txt第296045行 与上级域名qx9906.com#Black_list_tmp.txt第201258行 存在层级冲突
www.qygvip410.com#Black_list_tmp.txt第296046行 与上级域名qygvip410.com#Black_list_tmp.txt第201363行 存在层级冲突
www.r45j15.com#Black_list_tmp.txt第296047行 与上级域名r45j15.com#Black_list_tmp.txt第201737行 存在层级冲突
www.r55268.com#Black_list_tmp.txt第296048行 与上级域名r55268.com#Black_list_tmp.txt第201746行 存在层级冲突
www.raab3frog.com#Black_list_tmp.txt第296049行 与上级域名raab3frog.com#Black_list_tmp.txt第201810行 存在层级冲突
www.rals4alum.com#Black_list_tmp.txt第296053行 与上级域名rals4alum.com#Black_list_tmp.txt第202158行 存在层级冲突
www.rate2self.com#Black_list_tmp.txt第296058行 与上级域名rate2self.com#Black_list_tmp.txt第202455行 存在层级冲突
www.rate8deny.com#Black_list_tmp.txt第296059行 与上级域名rate8deny.com#Black_list_tmp.txt第202456行 存在层级冲突
www.rdalpha.net#Black_list_tmp.txt第296069行 与上级域名rdalpha.net#Black_list_tmp.txt第202938行 存在层级冲突
www.rdeswa1.com#Black_list_tmp.txt第296070行 与上级域名rdeswa1.com#Black_list_tmp.txt第202966行 存在层级冲突
www.realasianexposed.com#Black_list_tmp.txt第296074行 与上级域名realasianexposed.com#Black_list_tmp.txt第203186行 存在层级冲突
www.reallatinaexposed.com#Black_list_tmp.txt第296079行 与上级域名reallatinaexposed.com#Black_list_tmp.txt第203229行 存在层级冲突
www.reallesbianexposed.com#Black_list_tmp.txt第296080行 与上级域名reallesbianexposed.com#Black_list_tmp.txt第203230行 存在层级冲突
www.rear9axis.com#Black_list_tmp.txt第296083行 与上级域名rear9axis.com#Black_list_tmp.txt第203308行 存在层级冲突
www.redd7liod.com#Black_list_tmp.txt第296088行 与上级域名redd7liod.com#Black_list_tmp.txt第203752行 存在层级冲突
www.refl3alea.com#Black_list_tmp.txt第296089行 与上级域名refl3alea.com#Black_list_tmp.txt第204109行 存在层级冲突
www.registrocumbresallegro.com#Black_list_tmp.txt第296092行 与上级域名registrocumbresallegro.com#Black_list_tmp.txt第204296行 存在层级冲突
www.registroeventosjaver.com#Black_list_tmp.txt第296093行 与上级域名registroeventosjaver.com#Black_list_tmp.txt第204297行 存在层级冲突
www.registrojardinesdecastalias.com#Black_list_tmp.txt第296094行 与上级域名registrojardinesdecastalias.com#Black_list_tmp.txt第204298行 存在层级冲突
www.registrovalledesantiago.com#Black_list_tmp.txt第296096行 与上级域名registrovalledesantiago.com#Black_list_tmp.txt第204299行 存在层级冲突
www.registrovillaslapiedad.com#Black_list_tmp.txt第296097行 与上级域名registrovillaslapiedad.com#Black_list_tmp.txt第204300行 存在层级冲突
www.rekl1.com#Black_list_tmp.txt第296099行 与上级域名rekl1.com#Black_list_tmp.txt第204429行 存在层级冲突
www.rep0pkgr.com#Black_list_tmp.txt第296108行 与上级域名rep0pkgr.com#Black_list_tmp.txt第204882行 存在层级冲突
www.req12pkg.com#Black_list_tmp.txt第296110行 与上级域名req12pkg.com#Black_list_tmp.txt第205156行 存在层级冲突
www.req12pkgb.com#Black_list_tmp.txt第296111行 与上级域名req12pkgb.com#Black_list_tmp.txt第205157行 存在层级冲突
www.restopascher.net.jumia.sn#Black_list_tmp.txt第296113行 与上级域名net.jumia.sn#Black_list_tmp.txt第173143行 存在层级冲突
www.retirementadvisorinsights.com#Black_list_tmp.txt第296114行 与上级域名retirementadvisorinsights.com#Black_list_tmp.txt第205719行 存在层级冲突
www.rfr-69.com#Black_list_tmp.txt第296118行 与上级域名rfr-69.com#Black_list_tmp.txt第206143行 存在层级冲突
www.rigi9bury.com#Black_list_tmp.txt第296123行 与上级域名rigi9bury.com#Black_list_tmp.txt第206688行 存在层级冲突
www.rime8lope.com#Black_list_tmp.txt第296124行 与上级域名rime8lope.com#Black_list_tmp.txt第206742行 存在层级冲突
www.ripe8book.com#Black_list_tmp.txt第296125行 与上级域名ripe8book.com#Black_list_tmp.txt第206824行 存在层级冲突
www.risk8belt.com#Black_list_tmp.txt第296127行 与上级域名risk8belt.com#Black_list_tmp.txt第206888行 存在层级冲突
www.rng-snp-003.com#Black_list_tmp.txt第296133行 与上级域名rng-snp-003.com#Black_list_tmp.txt第207447行 存在层级冲突
www.roar9beer.com#Black_list_tmp.txt第296136行 与上级域名roar9beer.com#Black_list_tmp.txt第207567行 存在层级冲突
www.rock5rice.com#Black_list_tmp.txt第296140行 与上级域名rock5rice.com#Black_list_tmp.txt第207633行 存在层级冲突
www.rote8mino.com#Black_list_tmp.txt第296147行 与上级域名rote8mino.com#Black_list_tmp.txt第208091行 存在层级冲突
www.roulettebotplus.com#Black_list_tmp.txt第296148行 与上级域名roulettebotplus.com#Black_list_tmp.txt第208145行 存在层级冲突
www.rpxian.com#Black_list_tmp.txt第296152行 与上级域名rpxian.com#Black_list_tmp.txt第208414行 存在层级冲突
www.rr7576.com#Black_list_tmp.txt第296153行 与上级域名rr7576.com#Black_list_tmp.txt第208530行 存在层级冲突
www.rrcai.com#Black_list_tmp.txt第296154行 与上级域名rrcai.com#Black_list_tmp.txt第208550行 存在层级冲突
www.russianwomansite.com#Black_list_tmp.txt第296158行 与上级域名russianwomansite.com#Black_list_tmp.txt第210159行 存在层级冲突
www.ruth8badb.com#Black_list_tmp.txt第296159行 与上级域名ruth8badb.com#Black_list_tmp.txt第210194行 存在层级冲突
www.ryke4peep.com#Black_list_tmp.txt第296160行 与上级域名ryke4peep.com#Black_list_tmp.txt第210664行 存在层级冲突
www.s3network1.com#Black_list_tmp.txt第296163行 与上级域名s3network1.com#Black_list_tmp.txt第212093行 存在层级冲突
www.s5network1.com#Black_list_tmp.txt第296164行 与上级域名s5network1.com#Black_list_tmp.txt第212145行 存在层级冲突
www.saas-eue-1.com#Black_list_tmp.txt第296166行 与上级域名saas-eue-1.com#Black_list_tmp.txt第212425行 存在层级冲突
www.saas-euw-1.com#Black_list_tmp.txt第296167行 与上级域名saas-euw-1.com#Black_list_tmp.txt第212426行 存在层级冲突
www.saemark.is#Black_list_tmp.txt第296168行 与上级域名saemark.is#Black_list_tmp.txt第212730行 存在层级冲突
www.safecoprograms.com#Black_list_tmp.txt第296169行 与上级域名safecoprograms.com#Black_list_tmp.txt第212763行 存在层级冲突
www.safeken.com#Black_list_tmp.txt第296170行 与上级域名safeken.com#Black_list_tmp.txt第212769行 存在层级冲突
www.said3page.com#Black_list_tmp.txt第296171行 与上级域名said3page.com#Black_list_tmp.txt第212863行 存在层级冲突
www.sale0home.com#Black_list_tmp.txt第296175行 与上级域名sale0home.com#Black_list_tmp.txt第212963行 存在层级冲突
www.san-spr-01.net#Black_list_tmp.txt第296179行 与上级域名san-spr-01.net#Black_list_tmp.txt第213192行 存在层级冲突
www.saon6harz.com#Black_list_tmp.txt第296185行 与上级域名saon6harz.com#Black_list_tmp.txt第213533行 存在层级冲突
www.sas15k01.com#Black_list_tmp.txt第296188行 与上级域名sas15k01.com#Black_list_tmp.txt第213655行 存在层级冲突
www.saugellaviso.it#Black_list_tmp.txt第296189行 与上级域名saugellaviso.it#Black_list_tmp.txt第213762行 存在层级冲突
www.sc.pages03.net#Black_list_tmp.txt第296193行 与上级域名sc.pages03.net#Black_list_tmp.txt第214171行 存在层级冲突
www.scan-trail.com#Black_list_tmp.txt第296194行 与上级域名scan-trail.com#Black_list_tmp.txt第214289行 存在层级冲突
www.scan6show.com#Black_list_tmp.txt第296195行 与上级域名scan6show.com#Black_list_tmp.txt第214290行 存在层级冲突
www.sch-alt-91.com#Black_list_tmp.txt第296198行 与上级域名sch-alt-91.com#Black_list_tmp.txt第214453行 存在层级冲突
www.sch-crt-91.com#Black_list_tmp.txt第296199行 与上级域名sch-crt-91.com#Black_list_tmp.txt第214454行 存在层级冲突
www.scienceaaas.org#Black_list_tmp.txt第296203行 与上级域名scienceaaas.org#Black_list_tmp.txt第214544行 存在层级冲突
www.se-core-pipe.com#Black_list_tmp.txt第296206行 与上级域名se-core-pipe.com#Black_list_tmp.txt第215474行 存在层级冲突
www.sea-nov-1.com#Black_list_tmp.txt第296207行 与上级域名sea-nov-1.com#Black_list_tmp.txt第215482行 存在层级冲突
www.seat6worn.com#Black_list_tmp.txt第296213行 与上级域名seat6worn.com#Black_list_tmp.txt第215636行 存在层级冲突
www.seatac15.com#Black_list_tmp.txt第296214行 与上级域名seatac15.com#Black_list_tmp.txt第215637行 存在层级冲突
www.secondmicrosite.com#Black_list_tmp.txt第296215行 与上级域名secondmicrosite.com#Black_list_tmp.txt第215729行 存在层级冲突
www.sexy557.com#Black_list_tmp.txt第296234行 与上级域名sexy557.com#Black_list_tmp.txt第221425行 存在层级冲突
www.sgvac.com#Black_list_tmp.txt第296236行 与上级域名sgvac.com#Black_list_tmp.txt第224277行 存在层级冲突
www.sha2008.com#Black_list_tmp.txt第296237行 与上级域名sha2008.com#Black_list_tmp.txt第224322行 存在层级冲突
www.sha2013.com#Black_list_tmp.txt第296238行 与上级域名sha2013.com#Black_list_tmp.txt第224323行 存在层级冲突
www.sha2021.com#Black_list_tmp.txt第296239行 与上级域名sha2021.com#Black_list_tmp.txt第224324行 存在层级冲突
www.sha2024.com#Black_list_tmp.txt第296240行 与上级域名sha2024.com#Black_list_tmp.txt第224325行 存在层级冲突
www.shoo5woop.com#Black_list_tmp.txt第296245行 与上级域名shoo5woop.com#Black_list_tmp.txt第225195行 存在层级冲突
www.show-786.com#Black_list_tmp.txt第296250行 与上级域名show-786.com#Black_list_tmp.txt第225883行 存在层级冲突
www.shrfbdg004.com#Black_list_tmp.txt第296252行 与上级域名shrfbdg004.com#Black_list_tmp.txt第225977行 存在层级冲突
www.shuzilm.cn#Black_list_tmp.txt第296255行 与上级域名shuzilm.cn#Black_list_tmp.txt第226117行 存在层级冲突
www.sigmob.com#Black_list_tmp.txt第296258行 与上级域名sigmob.com#Black_list_tmp.txt第226375行 存在层级冲突
www.skye6oner.com#Black_list_tmp.txt第296278行 与上级域名skye6oner.com#Black_list_tmp.txt第227615行 存在层级冲突
www.sl-ct5.com#Black_list_tmp.txt第296281行 与上级域名sl-ct5.com#Black_list_tmp.txt第227653行 存在层级冲突
www.slim2disc.com#Black_list_tmp.txt第296284行 与上级域名slim2disc.com#Black_list_tmp.txt第227889行 存在层级冲突
www.smart-business-365.com#Black_list_tmp.txt第296287行 与上级域名smart-business-365.com#Black_list_tmp.txt第228201行 存在层级冲突
www.smart-business-foresight.com#Black_list_tmp.txt第296288行 与上级域名smart-business-foresight.com#Black_list_tmp.txt第228202行 存在层级冲突
www.smart-business-intuition.com#Black_list_tmp.txt第296289行 与上级域名smart-business-intuition.com#Black_list_tmp.txt第228203行 存在层级冲突
www.smart-cloud-intelligence.com#Black_list_tmp.txt第296290行 与上级域名smart-cloud-intelligence.com#Black_list_tmp.txt第228205行 存在层级冲突
www.smart-company-365.com#Black_list_tmp.txt第296291行 与上级域名smart-company-365.com#Black_list_tmp.txt第228206行 存在层级冲突
www.smart-enterprise-365.com#Black_list_tmp.txt第296293行 与上级域名smart-enterprise-365.com#Black_list_tmp.txt第228211行 存在层级冲突
www.smart-enterprise-7.com#Black_list_tmp.txt第296294行 与上级域名smart-enterprise-7.com#Black_list_tmp.txt第228212行 存在层级冲突
www.smart-enterprise-acumen.com#Black_list_tmp.txt第296295行 与上级域名smart-enterprise-acumen.com#Black_list_tmp.txt第228213行 存在层级冲突
www.smarterlifefinance.com#Black_list_tmp.txt第296296行 与上级域名smarterlifefinance.com#Black_list_tmp.txt第228274行 存在层级冲突
www.snta0034.com#Black_list_tmp.txt第296308行 与上级域名snta0034.com#Black_list_tmp.txt第232159行 存在层级冲突
www.softtrack08.com#Black_list_tmp.txt第296316行 与上级域名softtrack08.com#Black_list_tmp.txt第232505行 存在层级冲突
www.soil5hear.com#Black_list_tmp.txt第296319行 与上级域名soil5hear.com#Black_list_tmp.txt第232547行 存在层级冲突
www.soma9vols.com#Black_list_tmp.txt第296321行 与上级域名soma9vols.com#Black_list_tmp.txt第232833行 存在层级冲突
www.sour1bare.com#Black_list_tmp.txt第296324行 与上级域名sour1bare.com#Black_list_tmp.txt第233532行 存在层级冲突
www.sour7will.com#Black_list_tmp.txt第296325行 与上级域名sour7will.com#Black_list_tmp.txt第233533行 存在层级冲突
www.sp-newfunds.com#Black_list_tmp.txt第296327行 与上级域名sp-newfunds.com#Black_list_tmp.txt第233657行 存在层级冲突
www.sparechange.io#Black_list_tmp.txt第296328行 与上级域名sparechange.io#Black_list_tmp.txt第233923行 存在层级冲突
www.spdtrk.com#Black_list_tmp.txt第296329行 与上级域名spdtrk.com#Black_list_tmp.txt第234017行 存在层级冲突
www.spit0stge.com#Black_list_tmp.txt第296336行 与上级域名spit0stge.com#Black_list_tmp.txt第234362行 存在层级冲突
www.spn-twr-14.com#Black_list_tmp.txt第296337行 与上级域名spn-twr-14.com#Black_list_tmp.txt第234442行 存在层级冲突
www.srv00infra.com#Black_list_tmp.txt第296342行 与上级域名srv00infra.com#Black_list_tmp.txt第235493行 存在层级冲突
www.srv1010elan.com#Black_list_tmp.txt第296343行 与上级域名srv1010elan.com#Black_list_tmp.txt第235494行 存在层级冲突
www.srv2020real.com#Black_list_tmp.txt第296344行 与上级域名srv2020real.com#Black_list_tmp.txt第235496行 存在层级冲突
www.srvtrkxx1.com#Black_list_tmp.txt第296345行 与上级域名srvtrkxx1.com#Black_list_tmp.txt第235534行 存在层级冲突
www.srvtrkxx2.com#Black_list_tmp.txt第296346行 与上级域名srvtrkxx2.com#Black_list_tmp.txt第235535行 存在层级冲突
www.ss7778.com#Black_list_tmp.txt第296352行 与上级域名ss7778.com#Black_list_tmp.txt第238471行 存在层级冲突
www.star-cntr-5.com#Black_list_tmp.txt第296363行 与上级域名star-cntr-5.com#Black_list_tmp.txt第248368行 存在层级冲突
www.sugh8yami.com#Black_list_tmp.txt第296388行 与上级域名sugh8yami.com#Black_list_tmp.txt第253291行 存在层级冲突
www.sun0062.com#Black_list_tmp.txt第296391行 与上级域名sun0062.com#Black_list_tmp.txt第253508行 存在层级冲突
www.supersonicads.com#Black_list_tmp.txt第296395行 与上级域名supersonicads.com#Black_list_tmp.txt第253714行 存在层级冲突
www.svr-prc-01.com#Black_list_tmp.txt第296402行 与上级域名svr-prc-01.com#Black_list_tmp.txt第254226行 存在层级冲突
www.svr007phz.com#Black_list_tmp.txt第296403行 与上级域名svr007phz.com#Black_list_tmp.txt第254251行 存在层级冲突
www.sw-rail-7.com#Black_list_tmp.txt第296404行 与上级域名sw-rail-7.com#Black_list_tmp.txt第254299行 存在层级冲突
www.swat8toot.com#Black_list_tmp.txt第296406行 与上级域名swat8toot.com#Black_list_tmp.txt第254541行 存在层级冲突
www.syntace-094.com#Black_list_tmp.txt第296410行 与上级域名syntace-094.com#Black_list_tmp.txt第255396行 存在层级冲突
www.t1213.com#Black_list_tmp.txt第296415行 与上级域名t1213.com#Black_list_tmp.txt第256764行 存在层级冲突
www.t1429.com#Black_list_tmp.txt第296416行 与上级域名t1429.com#Black_list_tmp.txt第256767行 存在层级冲突
www.tagserve.asia#Black_list_tmp.txt第296421行 与上级域名tagserve.asia#Black_list_tmp.txt第257730行 存在层级冲突
www.tank3pull.com#Black_list_tmp.txt第296425行 与上级域名tank3pull.com#Black_list_tmp.txt第258098行 存在层级冲突
www.tbk-app.com#Black_list_tmp.txt第296429行 与上级域名tbk-app.com#Black_list_tmp.txt第259043行 存在层级冲突
www.tctakoh.com#Black_list_tmp.txt第296433行 与上级域名tctakoh.com#Black_list_tmp.txt第259277行 存在层级冲突
www.tent0mown.com#Black_list_tmp.txt第296446行 与上级域名tent0mown.com#Black_list_tmp.txt第260318行 存在层级冲突
www.test92.com#Black_list_tmp.txt第296448行 与上级域名test92.com#Black_list_tmp.txt第260620行 存在层级冲突
www.text6film.com#Black_list_tmp.txt第296450行 与上级域名text6film.com#Black_list_tmp.txt第260772行 存在层级冲突
www.tghbn12.com#Black_list_tmp.txt第296454行 与上级域名tghbn12.com#Black_list_tmp.txt第260970行 存在层级冲突
www.tgvrfc4.com#Black_list_tmp.txt第296455行 与上级域名tgvrfc4.com#Black_list_tmp.txt第261030行 存在层级冲突
www.the-lead-tracker.com#Black_list_tmp.txt第296459行 与上级域名the-lead-tracker.com#Black_list_tmp.txt第261185行 存在层级冲突
www.thetraderinpajamas.com#Black_list_tmp.txt第296476行 与上级域名thetraderinpajamas.com#Black_list_tmp.txt第261568行 存在层级冲突
www.tingyun.com#Black_list_tmp.txt第296482行 与上级域名tingyun.com#Black_list_tmp.txt第262671行 存在层级冲突
www.tire1soak.com#Black_list_tmp.txt第296485行 与上级域名tire1soak.com#Black_list_tmp.txt第262810行 存在层级冲突
www.tm1-001.com#Black_list_tmp.txt第296487行 与上级域名tm1-001.com#Black_list_tmp.txt第263678行 存在层级冲突
www.toll6kerb.com#Black_list_tmp.txt第296489行 与上级域名toll6kerb.com#Black_list_tmp.txt第264307行 存在层级冲突
www.torn6back.com#Black_list_tmp.txt第296500行 与上级域名torn6back.com#Black_list_tmp.txt第264842行 存在层级冲突
www.toru0vane.com#Black_list_tmp.txt第296502行 与上级域名toru0vane.com#Black_list_tmp.txt第264883行 存在层级冲突
www.toutoucao1.com#Black_list_tmp.txt第296504行 与上级域名toutoucao1.com#Black_list_tmp.txt第265046行 存在层级冲突
www.toutoucao7.com#Black_list_tmp.txt第296505行 与上级域名toutoucao7.com#Black_list_tmp.txt第265047行 存在层级冲突
www.toutoucao8.com#Black_list_tmp.txt第296506行 与上级域名toutoucao8.com#Black_list_tmp.txt第265048行 存在层级冲突
www.trace-2000.com#Black_list_tmp.txt第296510行 与上级域名trace-2000.com#Black_list_tmp.txt第267034行 存在层级冲突
www.track-web.net#Black_list_tmp.txt第296511行 与上级域名track-web.net#Black_list_tmp.txt第267111行 存在层级冲突
www.trackadsb1.com#Black_list_tmp.txt第296513行 与上级域名trackadsb1.com#Black_list_tmp.txt第268225行 存在层级冲突
www.trackdiscovery.net#Black_list_tmp.txt第296514行 与上级域名trackdiscovery.net#Black_list_tmp.txt第268252行 存在层级冲突
www.trackercloud.net#Black_list_tmp.txt第296515行 与上级域名trackercloud.net#Black_list_tmp.txt第268473行 存在层级冲突
www.trackinvestigate.net#Black_list_tmp.txt第296520行 与上级域名trackinvestigate.net#Black_list_tmp.txt第270159行 存在层级冲突
www.tradplusad.com#Black_list_tmp.txt第296525行 与上级域名tradplusad.com#Black_list_tmp.txt第270418行 存在层级冲突
www.traffictrader.net#Black_list_tmp.txt第296527行 与上级域名traffictrader.net#Black_list_tmp.txt第270547行 存在层级冲突
www.trail-route.com#Black_list_tmp.txt第296529行 与上级域名trail-route.com#Black_list_tmp.txt第270606行 存在层级冲突
www.trail-viewer.com#Black_list_tmp.txt第296530行 与上级域名trail-viewer.com#Black_list_tmp.txt第270607行 存在层级冲突
www.trail-web.com#Black_list_tmp.txt第296531行 与上级域名trail-web.com#Black_list_tmp.txt第270608行 存在层级冲突
www.trailbox.net#Black_list_tmp.txt第296532行 与上级域名trailbox.net#Black_list_tmp.txt第270628行 存在层级冲突
www.tray0bury.com#Black_list_tmp.txt第296537行 与上级域名tray0bury.com#Black_list_tmp.txt第270874行 存在层级冲突
www.trksrv44.com#Black_list_tmp.txt第296543行 与上级域名trksrv44.com#Black_list_tmp.txt第272191行 存在层级冲突
www.trksrv45.com#Black_list_tmp.txt第296544行 与上级域名trksrv45.com#Black_list_tmp.txt第272192行 存在层级冲突
www.trksrv46.com#Black_list_tmp.txt第296545行 与上级域名trksrv46.com#Black_list_tmp.txt第272193行 存在层级冲突
www.tst14netreal.com#Black_list_tmp.txt第296550行 与上级域名tst14netreal.com#Black_list_tmp.txt第272923行 存在层级冲突
www.tst16infra.com#Black_list_tmp.txt第296551行 与上级域名tst16infra.com#Black_list_tmp.txt第272924行 存在层级冲突
www.tt4647.com#Black_list_tmp.txt第296553行 与上级域名tt4647.com#Black_list_tmp.txt第273011行 存在层级冲突
www.ttyyuuoo.com#Black_list_tmp.txt第296555行 与上级域名ttyyuuoo.com#Black_list_tmp.txt第273239行 存在层级冲突
www.tube6sour.com#Black_list_tmp.txt第296556行 与上级域名tube6sour.com#Black_list_tmp.txt第273289行 存在层级冲突
www.tula9mari.com#Black_list_tmp.txt第296557行 与上级域名tula9mari.com#Black_list_tmp.txt第273455行 存在层级冲突
www.tzhjxf.com#Black_list_tmp.txt第296566行 与上级域名tzhjxf.com#Black_list_tmp.txt第274590行 存在层级冲突
www.uhygtf1.com#Black_list_tmp.txt第296569行 与上级域名uhygtf1.com#Black_list_tmp.txt第275920行 存在层级冲突
www.ukbanners.com#Black_list_tmp.txt第296570行 与上级域名ukbanners.com#Black_list_tmp.txt第276185行 存在层级冲突
www.ult-blk-cbl.com#Black_list_tmp.txt第296571行 与上级域名ult-blk-cbl.com#Black_list_tmp.txt第276458行 存在层级冲突
www.umeng.co#Black_list_tmp.txt第296574行 与上级域名umeng.co#Black_list_tmp.txt第276580行 存在层级冲突
www.umeng.com#Black_list_tmp.txt第296575行 与上级域名umeng.com#Black_list_tmp.txt第276581行 存在层级冲突
www.umengcloud.com#Black_list_tmp.txt第296576行 与上级域名umengcloud.com#Black_list_tmp.txt第276584行 存在层级冲突
www.undiaenlausj.com#Black_list_tmp.txt第296579行 与上级域名undiaenlausj.com#Black_list_tmp.txt第276995行 存在层级冲突
www.unitworld.net#Black_list_tmp.txt第296582行 与上级域名unitworld.net#Black_list_tmp.txt第277307行 存在层级冲突
www.unrealpain.com#Black_list_tmp.txt第296583行 与上级域名unrealpain.com#Black_list_tmp.txt第277542行 存在层级冲突
www.uscxh.com#Black_list_tmp.txt第296590行 与上级域名uscxh.com#Black_list_tmp.txt第278866行 存在层级冲突
www.uu375.com#Black_list_tmp.txt第296595行 与上级域名uu375.com#Black_list_tmp.txt第279908行 存在层级冲突
www.uu593.com#Black_list_tmp.txt第296596行 与上级域名uu593.com#Black_list_tmp.txt第279911行 存在层级冲突
www.uuboos.com#Black_list_tmp.txt第296597行 与上级域名uuboos.com#Black_list_tmp.txt第279924行 存在层级冲突
www.uyunad.com#Black_list_tmp.txt第296598行 与上级域名uyunad.com#Black_list_tmp.txt第280399行 存在层级冲突
www.v29.com#Black_list_tmp.txt第296599行 与上级域名v29.com#Black_list_tmp.txt第280701行 存在层级冲突
www.v55770.com#Black_list_tmp.txt第296600行 与上级域名v55770.com#Black_list_tmp.txt第280762行 存在层级冲突
www.v5611.com#Black_list_tmp.txt第296601行 与上级域名v5611.com#Black_list_tmp.txt第280763行 存在层级冲突
www.v8816.com#Black_list_tmp.txt第296604行 与上级域名v8816.com#Black_list_tmp.txt第280824行 存在层级冲突
www.v8940m.com#Black_list_tmp.txt第296605行 与上级域名v8940m.com#Black_list_tmp.txt第280826行 存在层级冲突
www.vane3alga.com#Black_list_tmp.txt第296610行 与上级域名vane3alga.com#Black_list_tmp.txt第281137行 存在层级冲突
www.vbnm888.com#Black_list_tmp.txt第296612行 与上级域名vbnm888.com#Black_list_tmp.txt第281617行 存在层级冲突
www.vcentury01.com#Black_list_tmp.txt第296614行 与上级域名vcentury01.com#Black_list_tmp.txt第281715行 存在层级冲突
www.venture-enterprising.com#Black_list_tmp.txt第296619行 与上级域名venture-enterprising.com#Black_list_tmp.txt第282192行 存在层级冲突
www.verifier.live#Black_list_tmp.txt第296620行 与上级域名verifier.live#Black_list_tmp.txt第282308行 存在层级冲突
www.vice4beek.com#Black_list_tmp.txt第296629行 与上级域名vice4beek.com#Black_list_tmp.txt第282939行 存在层级冲突
www.vick6duty.com#Black_list_tmp.txt第296630行 与上级域名vick6duty.com#Black_list_tmp.txt第282951行 存在层级冲突
www.view-apple.com#Black_list_tmp.txt第296636行 与上级域名view-apple.com#Black_list_tmp.txt第283437行 存在层级冲突
www.vipactor.net#Black_list_tmp.txt第296639行 与上级域名vipactor.net#Black_list_tmp.txt第283826行 存在层级冲突
www.visionary-business-52.com#Black_list_tmp.txt第296642行 与上级域名visionary-business-52.com#Black_list_tmp.txt第284003行 存在层级冲突
www.visionary-data-intuition.com#Black_list_tmp.txt第296643行 与上级域名visionary-data-intuition.com#Black_list_tmp.txt第284004行 存在层级冲突
www.visionary-enterprise-ingenuity.com#Black_list_tmp.txt第296644行 与上级域名visionary-enterprise-ingenuity.com#Black_list_tmp.txt第284005行 存在层级冲突
www.visionary-enterprise-wisdom.com#Black_list_tmp.txt第296645行 与上级域名visionary-enterprise-wisdom.com#Black_list_tmp.txt第284006行 存在层级冲突
www.visionary365enterprise.com#Black_list_tmp.txt第296646行 与上级域名visionary365enterprise.com#Black_list_tmp.txt第284007行 存在层级冲突
www.visionarybusiness7.com#Black_list_tmp.txt第296647行 与上级域名visionarybusiness7.com#Black_list_tmp.txt第284008行 存在层级冲突
www.visionarybusinessacumen.com#Black_list_tmp.txt第296648行 与上级域名visionarybusinessacumen.com#Black_list_tmp.txt第284009行 存在层级冲突
www.visionarycompany52.com#Black_list_tmp.txt第296649行 与上级域名visionarycompany52.com#Black_list_tmp.txt第284010行 存在层级冲突
www.visualwebsiteoptimizer.com#Black_list_tmp.txt第296652行 与上级域名visualwebsiteoptimizer.com#Black_list_tmp.txt第284126行 存在层级冲突
www.vlion.cn#Black_list_tmp.txt第296656行 与上级域名vlion.cn#Black_list_tmp.txt第284463行 存在层级冲突
www.vn702.com#Black_list_tmp.txt第296658行 与上级域名vn702.com#Black_list_tmp.txt第284785行 存在层级冲突
www.vns01444.com#Black_list_tmp.txt第296660行 与上级域名vns01444.com#Black_list_tmp.txt第284894行 存在层级冲突
www.vns1.net#Black_list_tmp.txt第296661行 与上级域名vns1.net#Black_list_tmp.txt第284895行 存在层级冲突
www.vns10555.com#Black_list_tmp.txt第296662行 与上级域名vns10555.com#Black_list_tmp.txt第284896行 存在层级冲突
www.vns4390.com#Black_list_tmp.txt第296663行 与上级域名vns4390.com#Black_list_tmp.txt第284898行 存在层级冲突
www.vns4391.com#Black_list_tmp.txt第296664行 与上级域名vns4391.com#Black_list_tmp.txt第284899行 存在层级冲突
www.vns4392.com#Black_list_tmp.txt第296665行 与上级域名vns4392.com#Black_list_tmp.txt第284900行 存在层级冲突
www.vns4393.com#Black_list_tmp.txt第296666行 与上级域名vns4393.com#Black_list_tmp.txt第284901行 存在层级冲突
www.vns4394.com#Black_list_tmp.txt第296667行 与上级域名vns4394.com#Black_list_tmp.txt第284902行 存在层级冲突
www.vns4395.com#Black_list_tmp.txt第296668行 与上级域名vns4395.com#Black_list_tmp.txt第284903行 存在层级冲突
www.vns4396.com#Black_list_tmp.txt第296669行 与上级域名vns4396.com#Black_list_tmp.txt第284904行 存在层级冲突
www.vns4398.com#Black_list_tmp.txt第296670行 与上级域名vns4398.com#Black_list_tmp.txt第284906行 存在层级冲突
www.vns83n.com#Black_list_tmp.txt第296671行 与上级域名vns83n.com#Black_list_tmp.txt第284908行 存在层级冲突
www.vns8989.com#Black_list_tmp.txt第296672行 与上级域名vns8989.com#Black_list_tmp.txt第284909行 存在层级冲突
www.vns8d1.com#Black_list_tmp.txt第296673行 与上级域名vns8d1.com#Black_list_tmp.txt第284910行 存在层级冲突
www.vns8ujm.com#Black_list_tmp.txt第296674行 与上级域名vns8ujm.com#Black_list_tmp.txt第284911行 存在层级冲突
www.vns8yhn.com#Black_list_tmp.txt第296675行 与上级域名vns8yhn.com#Black_list_tmp.txt第284912行 存在层级冲突
www.vnsrkhd.com#Black_list_tmp.txt第296676行 与上级域名vnsrkhd.com#Black_list_tmp.txt第284944行 存在层级冲突
www.voiceads.cn#Black_list_tmp.txt第296677行 与上级域名voiceads.cn#Black_list_tmp.txt第285072行 存在层级冲突
www.vols7feed.com#Black_list_tmp.txt第296679行 与上级域名vols7feed.com#Black_list_tmp.txt第285156行 存在层级冲突
www.vqq.admaster.com.cn#Black_list_tmp.txt第296682行 与上级域名admaster.com.cn#Black_list_tmp.txt第18622行 存在层级冲突
www.vvvtl.com#Black_list_tmp.txt第296687行 与上级域名vvvtl.com#Black_list_tmp.txt第286366行 存在层级冲突
www.w5429.com#Black_list_tmp.txt第296688行 与上级域名w5429.com#Black_list_tmp.txt第286940行 存在层级冲突
www.wa52613.com#Black_list_tmp.txt第296690行 与上级域名wa52613.com#Black_list_tmp.txt第287137行 存在层级冲突
www.wait8hurl.com#Black_list_tmp.txt第296691行 与上级域名wait8hurl.com#Black_list_tmp.txt第287297行 存在层级冲突
www.want7feed.com#Black_list_tmp.txt第296693行 与上级域名want7feed.com#Black_list_tmp.txt第287476行 存在层级冲突
www.wauk1care.com#Black_list_tmp.txt第296701行 与上级域名wauk1care.com#Black_list_tmp.txt第287881行 存在层级冲突
www.wc5575.com#Black_list_tmp.txt第296702行 与上级域名wc5575.com#Black_list_tmp.txt第288152行 存在层级冲突
www.web-01-gbl.com#Black_list_tmp.txt第296705行 与上级域名web-01-gbl.com#Black_list_tmp.txt第288517行 存在层级冲突
www.web-cntr-07.com#Black_list_tmp.txt第296706行 与上级域名web-cntr-07.com#Black_list_tmp.txt第288527行 存在层级冲突
www.webbilling.com#Black_list_tmp.txt第296708行 与上级域名webbilling.com#Black_list_tmp.txt第288898行 存在层级冲突
www.websiteexploration.com#Black_list_tmp.txt第296715行 与上级域名websiteexploration.com#Black_list_tmp.txt第289239行 存在层级冲突
www.wescam.info#Black_list_tmp.txt第296722行 与上级域名wescam.info#Black_list_tmp.txt第289872行 存在层级冲突
www.whalecashads.com#Black_list_tmp.txt第296727行 与上级域名whalecashads.com#Black_list_tmp.txt第290194行 存在层级冲突
www.whennotsharingiscaring.com#Black_list_tmp.txt第296729行 与上级域名whennotsharingiscaring.com#Black_list_tmp.txt第290352行 存在层级冲突
www.wild0army.com#Black_list_tmp.txt第296737行 与上级域名wild0army.com#Black_list_tmp.txt第291053行 存在层级冲突
www.wild8prey.com#Black_list_tmp.txt第296738行 与上级域名wild8prey.com#Black_list_tmp.txt第291054行 存在层级冲突
www.wivo2gaza.com#Black_list_tmp.txt第296748行 与上级域名wivo2gaza.com#Black_list_tmp.txt第291528行 存在层级冲突
www.wndlkj.com#Black_list_tmp.txt第296750行 与上级域名wndlkj.com#Black_list_tmp.txt第292062行 存在层级冲突
www.wo1818.cn#Black_list_tmp.txt第296751行 与上级域名wo1818.cn#Black_list_tmp.txt第292161行 存在层级冲突
www.www-path.com#Black_list_tmp.txt第296767行 与上级域名www-path.com#Black_list_tmp.txt第293903行 存在层级冲突
www10.indiads.com#Black_list_tmp.txt第296897行 与上级域名indiads.com#Black_list_tmp.txt第124899行 存在层级冲突
www15t.j8inn1zektoe.com#Black_list_tmp.txt第296905行 与上级域名j8inn1zektoe.com#Black_list_tmp.txt第129887行 存在层级冲突
www2a.j8inn1zektoe.com#Black_list_tmp.txt第297005行 与上级域名j8inn1zektoe.com#Black_list_tmp.txt第129887行 存在层级冲突
www2b.j8inn1zektoe.com#Black_list_tmp.txt第297006行 与上级域名j8inn1zektoe.com#Black_list_tmp.txt第129887行 存在层级冲突
www2s.j8inn1zektoe.com#Black_list_tmp.txt第297023行 与上级域名j8inn1zektoe.com#Black_list_tmp.txt第129887行 存在层级冲突
www3.smartadserver.com#Black_list_tmp.txt第297039行 与上级域名smartadserver.com#Black_list_tmp.txt第228249行 存在层级冲突
www4b.j8inn1zektoe.com#Black_list_tmp.txt第297067行 与上级域名j8inn1zektoe.com#Black_list_tmp.txt第129887行 存在层级冲突
www5a.j8inn1zektoe.com#Black_list_tmp.txt第297074行 与上级域名j8inn1zektoe.com#Black_list_tmp.txt第129887行 存在层级冲突
www5b.j8inn1zektoe.com#Black_list_tmp.txt第297075行 与上级域名j8inn1zektoe.com#Black_list_tmp.txt第129887行 存在层级冲突
www5d.j8inn1zektoe.com#Black_list_tmp.txt第297076行 与上级域名j8inn1zektoe.com#Black_list_tmp.txt第129887行 存在层级冲突
www5f.j8inn1zektoe.com#Black_list_tmp.txt第297077行 与上级域名j8inn1zektoe.com#Black_list_tmp.txt第129887行 存在层级冲突
www6.smartadserver.com#Black_list_tmp.txt第297081行 与上级域名smartadserver.com#Black_list_tmp.txt第228249行 存在层级冲突
www7b.j8inn1zektoe.com#Black_list_tmp.txt第297089行 与上级域名j8inn1zektoe.com#Black_list_tmp.txt第129887行 存在层级冲突
www9.effectivemeasure.net#Black_list_tmp.txt第297095行 与上级域名effectivemeasure.net#Black_list_tmp.txt第83409行 存在层级冲突
wwwelcallejon809com.j8inn1zektoe.com#Black_list_tmp.txt第297119行 与上级域名j8inn1zektoe.com#Black_list_tmp.txt第129887行 存在层级冲突
wwwjakson-jakson.j8inn1zektoe.com#Black_list_tmp.txt第297122行 与上级域名j8inn1zektoe.com#Black_list_tmp.txt第129887行 存在层级冲突
wx.houyi.baofeng.net#Black_list_tmp.txt第297152行 与上级域名houyi.baofeng.net#Black_list_tmp.txt第118826行 存在层级冲突
wxsmw.wxs.qq.com#Black_list_tmp.txt第297232行 与上级域名wxs.qq.com#Black_list_tmp.txt第297227行 存在层级冲突
wxsnsdy.wxs.qq.com#Black_list_tmp.txt第297236行 与上级域名wxs.qq.com#Black_list_tmp.txt第297227行 存在层级冲突
wxsnsdythumb.wxs.qq.com#Black_list_tmp.txt第297237行 与上级域名wxs.qq.com#Black_list_tmp.txt第297227行 存在层级冲突
wxwm1.ikuailian.com#Black_list_tmp.txt第297253行 与上级域名ikuailian.com#Black_list_tmp.txt第122824行 存在层级冲突
wxwm2.ikuailian.com#Black_list_tmp.txt第297254行 与上级域名ikuailian.com#Black_list_tmp.txt第122824行 存在层级冲突
wy.ce22d.cn#Black_list_tmp.txt第297268行 与上级域名ce22d.cn#Black_list_tmp.txt第51032行 存在层级冲突
wy.qchannel03.cn#Black_list_tmp.txt第297269行 与上级域名qchannel03.cn#Black_list_tmp.txt第198307行 存在层级冲突
wyd628.pevdwb.cn#Black_list_tmp.txt第297300行 与上级域名pevdwb.cn#Black_list_tmp.txt第188521行 存在层级冲突
wysa.2wxb5.cn#Black_list_tmp.txt第297374行 与上级域名2wxb5.cn#Black_list_tmp.txt第3898行 存在层级冲突
wyt.wwetjy.com#Black_list_tmp.txt第297382行 与上级域名wwetjy.com#Black_list_tmp.txt第293804行 存在层级冲突
x.bidswitch.net#Black_list_tmp.txt第297568行 与上级域名bidswitch.net#Black_list_tmp.txt第40583行 存在层级冲突
x.cnxad.com#Black_list_tmp.txt第297573行 与上级域名cnxad.com#Black_list_tmp.txt第55944行 存在层级冲突
x.da.hunantv.com#Black_list_tmp.txt第297577行 与上级域名da.hunantv.com#Black_list_tmp.txt第65329行 存在层级冲突
x.da.mgtv.com#Black_list_tmp.txt第297578行 与上级域名da.mgtv.com#Black_list_tmp.txt第65334行 存在层级冲突
x.heyzap.com#Black_list_tmp.txt第297588行 与上级域名heyzap.com#Black_list_tmp.txt第116313行 存在层级冲突
x.l.qq.com#Black_list_tmp.txt第297593行 与上级域名l.qq.com#Black_list_tmp.txt第139821行 存在层级冲突
x.ligatus.com#Black_list_tmp.txt第297595行 与上级域名ligatus.com#Black_list_tmp.txt第143090行 存在层级冲突
x.vamaker.com#Black_list_tmp.txt第297604行 与上级域名vamaker.com#Black_list_tmp.txt第281108行 存在层级冲突
x01.aidata.io#Black_list_tmp.txt第297613行 与上级域名aidata.io#Black_list_tmp.txt第23797行 存在层级冲突
x1.52aoteman.com#Black_list_tmp.txt第297622行 与上级域名52aoteman.com#Black_list_tmp.txt第5801行 存在层级冲突
x1.da.hunantv.com#Black_list_tmp.txt第297623行 与上级域名da.hunantv.com#Black_list_tmp.txt第65329行 存在层级冲突
x1.go.sohu.com#Black_list_tmp.txt第297624行 与上级域名go.sohu.com#Black_list_tmp.txt第104360行 存在层级冲突
x2sfa.javgg.eu#Black_list_tmp.txt第297636行 与上级域名javgg.eu#Black_list_tmp.txt第130282行 存在层级冲突
xaftp.irs01.com#Black_list_tmp.txt第297768行 与上级域名irs01.com#Black_list_tmp.txt第128509行 存在层级冲突
xait.actonservice.com#Black_list_tmp.txt第297784行 与上级域名actonservice.com#Black_list_tmp.txt第16241行 存在层级冲突
xajs.irs01.com#Black_list_tmp.txt第297790行 与上级域名irs01.com#Black_list_tmp.txt第128509行 存在层级冲突
xajs2.irs01.com#Black_list_tmp.txt第297791行 与上级域名irs01.com#Black_list_tmp.txt第128509行 存在层级冲突
xau.sxmutan.com#Black_list_tmp.txt第297849行 与上级域名sxmutan.com#Black_list_tmp.txt第255071行 存在层级冲突
xb1.tanan119.com#Black_list_tmp.txt第297882行 与上级域名tanan119.com#Black_list_tmp.txt第258046行 存在层级冲突
xbp.code.weddingeeos.com#Black_list_tmp.txt第297937行 与上级域名weddingeeos.com#Black_list_tmp.txt第289480行 存在层级冲突
xc.gdt.qq.com#Black_list_tmp.txt第297972行 与上级域名gdt.qq.com#Black_list_tmp.txt第100514行 存在层级冲突
xco.qwxcs.com#Black_list_tmp.txt第298051行 与上级域名qwxcs.com#Black_list_tmp.txt第201241行 存在层级冲突
xd-q.mediav.com#Black_list_tmp.txt第298110行 与上级域名mediav.com#Black_list_tmp.txt第160540行 存在层级冲突
xd.code.tanwanyx.com#Black_list_tmp.txt第298111行 与上级域名tanwanyx.com#Black_list_tmp.txt第258127行 存在层级冲突
xd3r.javgg.eu#Black_list_tmp.txt第298114行 与上级域名javgg.eu#Black_list_tmp.txt第130282行 存在层级冲突
xdssp.mediav.com#Black_list_tmp.txt第298199行 与上级域名mediav.com#Black_list_tmp.txt第160540行 存在层级冲突
xfacai103.wuuorz.cn#Black_list_tmp.txt第298354行 与上级域名wuuorz.cn#Black_list_tmp.txt第293618行 存在层级冲突
xfr-ss.getui.com#Black_list_tmp.txt第298406行 与上级域名getui.com#Black_list_tmp.txt第101495行 存在层级冲突
xh990214c.llpstudy.top#Black_list_tmp.txt第298537行 与上级域名llpstudy.top#Black_list_tmp.txt第145255行 存在层级冲突
xhtd.99hg.wang#Black_list_tmp.txt第298622行 与上级域名99hg.wang#Black_list_tmp.txt第9113行 存在层级冲突
xia.huishenghuiying.com#Black_list_tmp.txt第298658行 与上级域名huishenghuiying.com#Black_list_tmp.txt第119840行 存在层级冲突
xia.jihehuaban.com#Black_list_tmp.txt第298659行 与上级域名jihehuaban.com#Black_list_tmp.txt第131601行 存在层级冲突
xiangchaokankan.m.cn.miaozhen.com#Black_list_tmp.txt第298670行 与上级域名cn.miaozhen.com#Black_list_tmp.txt第55705行 存在层级冲突
xiaomi-dtv.m.cn.miaozhen.com#Black_list_tmp.txt第298709行 与上级域名cn.miaozhen.com#Black_list_tmp.txt第55705行 存在层级冲突
xiaomi-mipdx.cn.miaozhen.com#Black_list_tmp.txt第298710行 与上级域名cn.miaozhen.com#Black_list_tmp.txt第55705行 存在层级冲突
xiaomi.ws.voiceads.cn#Black_list_tmp.txt第298711行 与上级域名voiceads.cn#Black_list_tmp.txt第285072行 存在层级冲突
xiaozhi.ai.voiceads.cn#Black_list_tmp.txt第298741行 与上级域名ai.voiceads.cn#Black_list_tmp.txt第23748行 存在层级冲突
xindai.duxiaoman.com#Black_list_tmp.txt第298817行 与上级域名duxiaoman.com#Black_list_tmp.txt第79917行 存在层级冲突
xj.gdt.qq.com#Black_list_tmp.txt第298932行 与上级域名gdt.qq.com#Black_list_tmp.txt第100514行 存在层级冲突
xji.qwxcs.com#Black_list_tmp.txt第298953行 与上级域名qwxcs.com#Black_list_tmp.txt第201241行 存在层级冲突
xjlwz.eplwgq.cn#Black_list_tmp.txt第298973行 与上级域名eplwgq.cn#Black_list_tmp.txt第86756行 存在层级冲突
xlog.snssdk.com#Black_list_tmp.txt第299225行 与上级域名snssdk.com#Black_list_tmp.txt第232155行 存在层级冲突
xls.go.sohu.com#Black_list_tmp.txt第299237行 与上级域名go.sohu.com#Black_list_tmp.txt第104360行 存在层级冲突
xml-eu-v4.srvqck3.com#Black_list_tmp.txt第299492行 与上级域名srvqck3.com#Black_list_tmp.txt第235510行 存在层级冲突
xml-eu.servsserverz.com#Black_list_tmp.txt第299624行 与上级域名servsserverz.com#Black_list_tmp.txt第221175行 存在层级冲突
xml-v4.afront.io#Black_list_tmp.txt第299686行 与上级域名afront.io#Black_list_tmp.txt第23024行 存在层级冲突
xml-v4.flowldsb.online#Black_list_tmp.txt第299760行 与上级域名flowldsb.online#Black_list_tmp.txt第94935行 存在层级冲突
xml-v4.srvqck3.com#Black_list_tmp.txt第299860行 与上级域名srvqck3.com#Black_list_tmp.txt第235510行 存在层级冲突
xml.adfclick1.com#Black_list_tmp.txt第299921行 与上级域名adfclick1.com#Black_list_tmp.txt第18122行 存在层级冲突
xml.affiliate.rakuten.co.jp#Black_list_tmp.txt第299943行 与上级域名affiliate.rakuten.co.jp#Black_list_tmp.txt第22661行 存在层级冲突
xml.clickredirection.com#Black_list_tmp.txt第299993行 与上级域名clickredirection.com#Black_list_tmp.txt第54503行 存在层级冲突
xml.epeex.com#Black_list_tmp.txt第300030行 与上级域名epeex.com#Black_list_tmp.txt第86676行 存在层级冲突
xml.flowldsb.online#Black_list_tmp.txt第300043行 与上级域名flowldsb.online#Black_list_tmp.txt第94935行 存在层级冲突
xml.foremedia.net#Black_list_tmp.txt第300045行 与上级域名foremedia.net#Black_list_tmp.txt第95755行 存在层级冲突
xml.rtxplatform.com#Black_list_tmp.txt第300157行 与上级域名rtxplatform.com#Black_list_tmp.txt第209738行 存在层级冲突
xml.servsserverz.com#Black_list_tmp.txt第300165行 与上级域名servsserverz.com#Black_list_tmp.txt第221175行 存在层级冲突
xml.showcasead.com#Black_list_tmp.txt第300168行 与上级域名showcasead.com#Black_list_tmp.txt第225916行 存在层级冲突
xml.srvqck3.com#Black_list_tmp.txt第300176行 与上级域名srvqck3.com#Black_list_tmp.txt第235510行 存在层级冲突
xml.vashoot.com#Black_list_tmp.txt第300211行 与上级域名vashoot.com#Black_list_tmp.txt第281272行 存在层级冲突
xmr.2miners.com#Black_list_tmp.txt第300305行 与上级域名2miners.com#Black_list_tmp.txt第3785行 存在层级冲突
xmr.omine.org#Black_list_tmp.txt第300308行 与上级域名omine.org#Black_list_tmp.txt第180642行 存在层级冲突
xnet.da.mgtv.com#Black_list_tmp.txt第300454行 与上级域名da.mgtv.com#Black_list_tmp.txt第65334行 存在层级冲突
xpe.cxaerp.com#Black_list_tmp.txt第300653行 与上级域名cxaerp.com#Black_list_tmp.txt第62737行 存在层级冲突
xpgw-mob-xcdn.cp31.ott.cibntv.net#Black_list_tmp.txt第300664行 与上级域名ott.cibntv.net#Black_list_tmp.txt第183322行 存在层级冲突
xray.jebe.renren.com#Black_list_tmp.txt第300883行 与上级域名jebe.renren.com#Black_list_tmp.txt第130826行 存在层级冲突
xreach.miaozhen.com#Black_list_tmp.txt第300894行 与上级域名miaozhen.com#Black_list_tmp.txt第164918行 存在层级冲突
xrhf.taimei-t336.vip#Black_list_tmp.txt第300902行 与上级域名taimei-t336.vip#Black_list_tmp.txt第257833行 存在层级冲突
xrhf.taimei-t546.vip#Black_list_tmp.txt第300903行 与上级域名taimei-t546.vip#Black_list_tmp.txt第257835行 存在层级冲突
xs.1drj.com#Black_list_tmp.txt第300982行 与上级域名1drj.com#Black_list_tmp.txt第2395行 存在层级冲突
xs.gdt.qq.com#Black_list_tmp.txt第300984行 与上级域名gdt.qq.com#Black_list_tmp.txt第100514行 存在层级冲突
xs.houyi.baofeng.net#Black_list_tmp.txt第300986行 与上级域名houyi.baofeng.net#Black_list_tmp.txt第118826行 存在层级冲突
xscdn.gdt.qq.com#Black_list_tmp.txt第301002行 与上级域名gdt.qq.com#Black_list_tmp.txt第100514行 存在层级冲突
xseedwealth.actonservice.com#Black_list_tmp.txt第301017行 与上级域名actonservice.com#Black_list_tmp.txt第16241行 存在层级冲突
xsweb.gdt.qq.com#Black_list_tmp.txt第301106行 与上级域名gdt.qq.com#Black_list_tmp.txt第100514行 存在层级冲突
xtraa-secure.reviveservers.com#Black_list_tmp.txt第301201行 与上级域名reviveservers.com#Black_list_tmp.txt第205901行 存在层级冲突
xtruh.uranus.sogou.com#Black_list_tmp.txt第301221行 与上级域名uranus.sogou.com#Black_list_tmp.txt第278518行 存在层级冲突
xunlei.ipdx.cn.miaozhen.com#Black_list_tmp.txt第301335行 与上级域名cn.miaozhen.com#Black_list_tmp.txt第55705行 存在层级冲突
xxx.extrablocks.ru#Black_list_tmp.txt第301726行 与上级域名extrablocks.ru#Black_list_tmp.txt第89881行 存在层级冲突
xy.phone.igexin.com#Black_list_tmp.txt第301776行 与上级域名igexin.com#Black_list_tmp.txt第122271行 存在层级冲突
xyd.sxmdxy.com#Black_list_tmp.txt第301795行 与上级域名sxmdxy.com#Black_list_tmp.txt第255069行 存在层级冲突
xyy.code.weddingeeos.com#Black_list_tmp.txt第301905行 与上级域名weddingeeos.com#Black_list_tmp.txt第289480行 存在层级冲突
y.da.hunantv.com#Black_list_tmp.txt第302031行 与上级域名da.hunantv.com#Black_list_tmp.txt第65329行 存在层级冲突
y.da.mgtv.com#Black_list_tmp.txt第302032行 与上级域名da.mgtv.com#Black_list_tmp.txt第65334行 存在层级冲突
y.gwylm.com#Black_list_tmp.txt第302035行 与上级域名gwylm.com#Black_list_tmp.txt第113333行 存在层级冲突
y.hk9600.com#Black_list_tmp.txt第302036行 与上级域名hk9600.com#Black_list_tmp.txt第117464行 存在层级冲突
y.hzht666.com#Black_list_tmp.txt第302037行 与上级域名hzht666.com#Black_list_tmp.txt第120773行 存在层级冲突
y.one.impact-ad.jp#Black_list_tmp.txt第302039行 与上级域名impact-ad.jp#Black_list_tmp.txt第124337行 存在层级冲突
y.xinghao89.com#Black_list_tmp.txt第302048行 与上级域名xinghao89.com#Black_list_tmp.txt第298827行 存在层级冲突
y9ji.getnewsupdate.info#Black_list_tmp.txt第302131行 与上级域名getnewsupdate.info#Black_list_tmp.txt第101412行 存在层级冲突
yam.adsbro.com#Black_list_tmp.txt第302228行 与上级域名adsbro.com#Black_list_tmp.txt第20577行 存在层级冲突
ybp.getui.com#Black_list_tmp.txt第302483行 与上级域名getui.com#Black_list_tmp.txt第101495行 存在层级冲突
yess.imneinei.com#Black_list_tmp.txt第302899行 与上级域名imneinei.com#Black_list_tmp.txt第124291行 存在层级冲突
yesss-a1at.mno.link#Black_list_tmp.txt第302902行 与上级域名mno.link#Black_list_tmp.txt第166687行 存在层级冲突
yfyv.getnewsupdate.info#Black_list_tmp.txt第303044行 与上级域名getnewsupdate.info#Black_list_tmp.txt第101412行 存在层级冲突
yiyemail.branch.rocks#Black_list_tmp.txt第303474行 与上级域名branch.rocks#Black_list_tmp.txt第44001行 存在层级冲突
yj101.nkfkm.cn#Black_list_tmp.txt第303488行 与上级域名nkfkm.cn#Black_list_tmp.txt第174965行 存在层级冲突
yj103.llroax.cn#Black_list_tmp.txt第303489行 与上级域名llroax.cn#Black_list_tmp.txt第145269行 存在层级冲突
yk-ssp-ad.cp31.ott.cibntv.net#Black_list_tmp.txt第303581行 与上级域名ott.cibntv.net#Black_list_tmp.txt第183322行 存在层级冲突
yk-ssp.ad.youku.com#Black_list_tmp.txt第303582行 与上级域名ad.youku.com#Black_list_tmp.txt第17142行 存在层级冲突
ykad-data.cp31.ott.cibntv.net#Black_list_tmp.txt第303587行 与上级域名ott.cibntv.net#Black_list_tmp.txt第183322行 存在层级冲突
yktd.cm.cn.miaozhen.com#Black_list_tmp.txt第303652行 与上级域名cm.cn.miaozhen.com#Black_list_tmp.txt第55376行 存在层级冲突
yktd.m.cn.miaozhen.com#Black_list_tmp.txt第303653行 与上级域名cn.miaozhen.com#Black_list_tmp.txt第55705行 存在层级冲突
ykugc.cp31.ott.cibntv.net#Black_list_tmp.txt第303657行 与上级域名ott.cibntv.net#Black_list_tmp.txt第183322行 存在层级冲突
ylmlt.nyaifusheng.com#Black_list_tmp.txt第303743行 与上级域名nyaifusheng.com#Black_list_tmp.txt第177631行 存在层级冲突
ylog.hiido.com#Black_list_tmp.txt第303748行 与上级域名hiido.com#Black_list_tmp.txt第116911行 存在层级冲突
ymjs.adutp.com#Black_list_tmp.txt第303844行 与上级域名adutp.com#Black_list_tmp.txt第21437行 存在层级冲突
ynuf.aliapp.org#Black_list_tmp.txt第303999行 与上级域名aliapp.org#Black_list_tmp.txt第25013行 存在层级冲突
yoo.yiiyoo.net#Black_list_tmp.txt第304147行 与上级域名yiiyoo.net#Black_list_tmp.txt第303332行 存在层级冲突
youku-dtv.m.cn.miaozhen.com#Black_list_tmp.txt第304228行 与上级域名cn.miaozhen.com#Black_list_tmp.txt第55705行 存在层级冲突
yourbrandlive.actonservice.com#Black_list_tmp.txt第304291行 与上级域名actonservice.com#Black_list_tmp.txt第16241行 存在层级冲突
yourerc.actonservice.com#Black_list_tmp.txt第304302行 与上级域名actonservice.com#Black_list_tmp.txt第16241行 存在层级冲突
ypowpo.actonservice.com#Black_list_tmp.txt第304484行 与上级域名actonservice.com#Black_list_tmp.txt第16241行 存在层级冲突
ys.da.mgtv.com#Black_list_tmp.txt第304715行 与上级域名da.mgtv.com#Black_list_tmp.txt第65334行 存在层级冲突
ysej.code.weddingeeos.com#Black_list_tmp.txt第304743行 与上级域名weddingeeos.com#Black_list_tmp.txt第289480行 存在层级冲突
ysh103.qgphj.cn#Black_list_tmp.txt第304754行 与上级域名qgphj.cn#Black_list_tmp.txt第198775行 存在层级冲突
ysm.hauchi.com.tw#Black_list_tmp.txt第304774行 与上级域名hauchi.com.tw#Black_list_tmp.txt第114856行 存在层级冲突
ysrrzgku6tar.us.themoneytizer.com#Black_list_tmp.txt第304789行 与上级域名themoneytizer.com#Black_list_tmp.txt第261398行 存在层级冲突
yt.mmstat.com#Black_list_tmp.txt第304827行 与上级域名mmstat.com#Black_list_tmp.txt第166579行 存在层级冲突
yt1.mmstat.com#Black_list_tmp.txt第304828行 与上级域名mmstat.com#Black_list_tmp.txt第166579行 存在层级冲突
yt1115.gbjluf.cn#Black_list_tmp.txt第304830行 与上级域名gbjluf.cn#Black_list_tmp.txt第100130行 存在层级冲突
yt1117.yotnqh.cn#Black_list_tmp.txt第304831行 与上级域名yotnqh.cn#Black_list_tmp.txt第304179行 存在层级冲突
ytmx.2r3485.cn#Black_list_tmp.txt第304885行 与上级域名2r3485.cn#Black_list_tmp.txt第3828行 存在层级冲突
yumao.puata.info#Black_list_tmp.txt第305041行 与上级域名puata.info#Black_list_tmp.txt第196160行 存在层级冲突
yumcs.xiaohuau.xyz#Black_list_tmp.txt第305043行 与上级域名xiaohuau.xyz#Black_list_tmp.txt第298699行 存在层级冲突
yun.lvehaisen.com#Black_list_tmp.txt第305063行 与上级域名lvehaisen.com#Black_list_tmp.txt第153733行 存在层级冲突
yun.sifuhe.cn#Black_list_tmp.txt第305065行 与上级域名sifuhe.cn#Black_list_tmp.txt第226339行 存在层级冲突
yun.tuia.cn#Black_list_tmp.txt第305066行 与上级域名tuia.cn#Black_list_tmp.txt第273417行 存在层级冲突
yun.tuitiger.com#Black_list_tmp.txt第305068行 与上级域名tuitiger.com#Black_list_tmp.txt第273433行 存在层级冲突
yuntu.oceanengine.com#Black_list_tmp.txt第305104行 与上级域名oceanengine.com#Black_list_tmp.txt第178725行 存在层级冲突
yxs.tymsyx.com#Black_list_tmp.txt第305483行 与上级域名tymsyx.com#Black_list_tmp.txt第274455行 存在层级冲突
yyt.irs01.com#Black_list_tmp.txt第305611行 与上级域名irs01.com#Black_list_tmp.txt第128509行 存在层级冲突
yzh.jyjhkz.com#Black_list_tmp.txt第305674行 与上级域名jyjhkz.com#Black_list_tmp.txt第134699行 存在层级冲突
z-eu.amazon-adsystem.com#Black_list_tmp.txt第305733行 与上级域名amazon-adsystem.com#Black_list_tmp.txt第25848行 存在层级冲突
z-feiyu.oceanengine.com#Black_list_tmp.txt第305734行 与上级域名oceanengine.com#Black_list_tmp.txt第178725行 存在层级冲突
z-na.amazon-adsystem.com#Black_list_tmp.txt第305735行 与上级域名amazon-adsystem.com#Black_list_tmp.txt第25848行 存在层级冲突
z.cnzz.com#Black_list_tmp.txt第305749行 与上级域名cnzz.com#Black_list_tmp.txt第55958行 存在层级冲突
z.gds.cnzz.com#Black_list_tmp.txt第305751行 与上级域名cnzz.com#Black_list_tmp.txt第55958行 存在层级冲突
z.moatads.com#Black_list_tmp.txt第305756行 与上级域名moatads.com#Black_list_tmp.txt第166817行 存在层级冲突
z.sora.yoyi.com.cn#Black_list_tmp.txt第305760行 与上级域名yoyi.com.cn#Black_list_tmp.txt第304433行 存在层级冲突
z1.cnzz.com#Black_list_tmp.txt第305777行 与上级域名cnzz.com#Black_list_tmp.txt第55958行 存在层级冲突
z10.cnzz.com#Black_list_tmp.txt第305784行 与上级域名cnzz.com#Black_list_tmp.txt第55958行 存在层级冲突
z11.cnzz.com#Black_list_tmp.txt第305785行 与上级域名cnzz.com#Black_list_tmp.txt第55958行 存在层级冲突
z12.cnzz.com#Black_list_tmp.txt第305787行 与上级域名cnzz.com#Black_list_tmp.txt第55958行 存在层级冲突
z13.cnzz.com#Black_list_tmp.txt第305788行 与上级域名cnzz.com#Black_list_tmp.txt第55958行 存在层级冲突
z2.cnzz.com#Black_list_tmp.txt第305799行 与上级域名cnzz.com#Black_list_tmp.txt第55958行 存在层级冲突
z2.lnymd.com#Black_list_tmp.txt第305801行 与上级域名lnymd.com#Black_list_tmp.txt第145647行 存在层级冲突
z3.cnzz.com#Black_list_tmp.txt第305811行 与上级域名cnzz.com#Black_list_tmp.txt第55958行 存在层级冲突
z4.cnzz.com#Black_list_tmp.txt第305821行 与上级域名cnzz.com#Black_list_tmp.txt第55958行 存在层级冲突
z5.cnzz.com#Black_list_tmp.txt第305829行 与上级域名cnzz.com#Black_list_tmp.txt第55958行 存在层级冲突
z6.cnzz.com#Black_list_tmp.txt第305836行 与上级域名cnzz.com#Black_list_tmp.txt第55958行 存在层级冲突
z7.cnzz.com#Black_list_tmp.txt第305846行 与上级域名cnzz.com#Black_list_tmp.txt第55958行 存在层级冲突
z8.cnzz.com#Black_list_tmp.txt第305857行 与上级域名cnzz.com#Black_list_tmp.txt第55958行 存在层级冲突
z9.cnzz.com#Black_list_tmp.txt第305868行 与上级域名cnzz.com#Black_list_tmp.txt第55958行 存在层级冲突
zae.gzzena.com#Black_list_tmp.txt第305920行 与上级域名gzzena.com#Black_list_tmp.txt第113700行 存在层级冲突
zdw.w8.com.cn#Black_list_tmp.txt第306563行 与上级域名w8.com.cn#Black_list_tmp.txt第286985行 存在层级冲突
zenedge.actonservice.com#Black_list_tmp.txt第306718行 与上级域名actonservice.com#Black_list_tmp.txt第16241行 存在层级冲突
zeus-api.vemarsdev.com#Black_list_tmp.txt第306833行 与上级域名vemarsdev.com#Black_list_tmp.txt第282113行 存在层级冲突
zeus.ad.intl.xiaomi.com#Black_list_tmp.txt第306834行 与上级域名ad.intl.xiaomi.com#Black_list_tmp.txt第16811行 存在层级冲突
zeus.ad.xiaomi.com#Black_list_tmp.txt第306835行 与上级域名ad.xiaomi.com#Black_list_tmp.txt第17120行 存在层级冲突
zh-cn.shenyun.com#Black_list_tmp.txt第307115行 与上级域名shenyun.com#Black_list_tmp.txt第224862行 存在层级冲突
zh-cn.shenyun.org#Black_list_tmp.txt第307116行 与上级域名shenyun.org#Black_list_tmp.txt第224863行 存在层级冲突
zhan.cnzz.com#Black_list_tmp.txt第307130行 与上级域名cnzz.com#Black_list_tmp.txt第55958行 存在层级冲突
zhanzhang.cnzz.com#Black_list_tmp.txt第307148行 与上级域名cnzz.com#Black_list_tmp.txt第55958行 存在层级冲突
zheng.cs12d.com#Black_list_tmp.txt第307170行 与上级域名cs12d.com#Black_list_tmp.txt第61242行 存在层级冲突
zhushou.2345.com#Black_list_tmp.txt第307326行 与上级域名2345.com#Black_list_tmp.txt第3220行 存在层级冲突
zhuuv.maoyumao.net#Black_list_tmp.txt第307327行 与上级域名maoyumao.net#Black_list_tmp.txt第156489行 存在层级冲突
zj.dcys.ijinshan.com#Black_list_tmp.txt第307601行 与上级域名dcys.ijinshan.com#Black_list_tmp.txt第71940行 存在层级冲突
zlink.ugsdk.cn#Black_list_tmp.txt第307863行 与上级域名ugsdk.cn#Black_list_tmp.txt第275792行 存在层级冲突
zlsdk.1rtb.net#Black_list_tmp.txt第307911行 与上级域名1rtb.net#Black_list_tmp.txt第2627行 存在层级冲突
zminer.zaloapp.com#Black_list_tmp.txt第307975行 与上级域名zaloapp.com#Black_list_tmp.txt第306014行 存在层级冲突
zmj.guanqinjie.cn#Black_list_tmp.txt第307978行 与上级域名guanqinjie.cn#Black_list_tmp.txt第112680行 存在层级冲突
zoominfo.actonservice.com#Black_list_tmp.txt第308296行 与上级域名actonservice.com#Black_list_tmp.txt第16241行 存在层级冲突
zs0613.mengchengbao.com#Black_list_tmp.txt第308691行 与上级域名mengchengbao.com#Black_list_tmp.txt第161046行 存在层级冲突
zs10.cnzz.com#Black_list_tmp.txt第308692行 与上级域名cnzz.com#Black_list_tmp.txt第55958行 存在层级冲突
zs25.cnzz.com#Black_list_tmp.txt第308694行 与上级域名cnzz.com#Black_list_tmp.txt第55958行 存在层级冲突
zs8.cnzz.com#Black_list_tmp.txt第308695行 与上级域名cnzz.com#Black_list_tmp.txt第55958行 存在层级冲突
zst.jzntxs.com#Black_list_tmp.txt第308765行 与上级域名jzntxs.com#Black_list_tmp.txt第134819行 存在层级冲突
ztevents.zaloapp.com#Black_list_tmp.txt第308840行 与上级域名zaloapp.com#Black_list_tmp.txt第306014行 存在层级冲突
ztstn.020kqy.com#Black_list_tmp.txt第308896行 与上级域名020kqy.com#Black_list_tmp.txt第110行 存在层级冲突
zuidema.actonservice.com#Black_list_tmp.txt第308972行 与上级域名actonservice.com#Black_list_tmp.txt第16241行 存在层级冲突
zuimeitianqi.inveno.com#Black_list_tmp.txt第308976行 与上级域名inveno.com#Black_list_tmp.txt第127559行 存在层级冲突
zvs1.cnzz.com#Black_list_tmp.txt第309138行 与上级域名cnzz.com#Black_list_tmp.txt第55958行 存在层级冲突
zvs2.cnzz.com#Black_list_tmp.txt第309139行 与上级域名cnzz.com#Black_list_tmp.txt第55958行 存在层级冲突
zxh.bzshzx.com#Black_list_tmp.txt第309279行 与上级域名bzshzx.com#Black_list_tmp.txt第46698行 存在层级冲突
zxid-api.mobileservice.cn#Black_list_tmp.txt第309283行 与上级域名mobileservice.cn#Black_list_tmp.txt第167008行 存在层级冲突
zxid-m.mobileservice.cn#Black_list_tmp.txt第309284行 与上级域名mobileservice.cn#Black_list_tmp.txt第167008行 存在层级冲突
zxr.fzxrjx.com#Black_list_tmp.txt第309309行 与上级域名fzxrjx.com#Black_list_tmp.txt第98750行 存在层级冲突
zyf.fzdfwy.com#Black_list_tmp.txt第309376行 与上级域名fzdfwy.com#Black_list_tmp.txt第98675行 存在层级冲突
zyz.91friend.com#Black_list_tmp.txt第309458行 与上级域名91friend.com#Black_list_tmp.txt第8735行 存在层级冲突
zyz1.91friend.com#Black_list_tmp.txt第309459行 与上级域名91friend.com#Black_list_tmp.txt第8735行 存在层级冲突
zz101.ufueng.cn#Black_list_tmp.txt第309472行 与上级域名ufueng.cn#Black_list_tmp.txt第275648行 存在层级冲突
zzhc.vnet.cn#Black_list_tmp.txt第309505行 与上级域名vnet.cn#Black_list_tmp.txt第284830行 存在层级冲突
zzjs2.firefang.cn#Black_list_tmp.txt第309517行 与上级域名firefang.cn#Black_list_tmp.txt第93936行 存在层级冲突
zzy.mipujia.com#Black_list_tmp.txt第309586行 与上级域名mipujia.com#Black_list_tmp.txt第165536行 存在层级冲突
zzy1.mipujia.com#Black_list_tmp.txt第309587行 与上级域名mipujia.com#Black_list_tmp.txt第165536行 存在层级冲突
zzy1.quyaoya.com#Black_list_tmp.txt第309588行 与上级域名quyaoya.com#Black_list_tmp.txt第201002行 存在层级冲突
zzz7.52896368.com#Black_list_tmp.txt第309594行 与上级域名52896368.com#Black_list_tmp.txt第5792行 存在层级冲突
zzzzz4.52896368.com#Black_list_tmp.txt第309604行 与上级域名52896368.com#Black_list_tmp.txt第5792行 存在层级冲突
live.github.com#White_list_tmp.txt第67行 与上级域名github.com#White_list_tmp.txt第57行 存在层级冲突
lsposed.github.io#White_list_tmp.txt第70行 与上级域名github.io#White_list_tmp.txt第61行 存在层级冲突
raw.github.com#White_list_tmp.txt第82行 与上级域名github.com#White_list_tmp.txt第57行 存在层级冲突
topjohnwu.github.io#White_list_tmp.txt第96行 与上级域名github.io#White_list_tmp.txt第61行 存在层级冲突
